ISO-10303-21;
HEADER;
FILE_DESCRIPTION (( 'STEP AP214' ),
    '1' );
FILE_NAME ('DIN_RAIL-MOUNT FOR-Buck Converter.STEP',
    '2026-06-29T20:00:39',
    ( '' ),
    ( '' ),
    'SwSTEP 2.0',
    'SolidWorks 2024',
    '' );
FILE_SCHEMA (( 'AUTOMOTIVE_DESIGN' ));
ENDSEC;

DATA;
#1 = EDGE_LOOP ( 'NONE', ( #2174, #3497, #150, #2568 ) ) ;
#2 = CIRCLE ( 'NONE', #105, 0.5080000000000015614 ) ;
#3 = CARTESIAN_POINT ( 'NONE',  ( 8.251199999999903056, 17.10149476870488527, 32.37000000000015376 ) ) ;
#4 = ORIENTED_EDGE ( 'NONE', *, *, #5761, .F. ) ;
#5 = EDGE_CURVE ( 'NONE', #2772, #2800, #5195, .T. ) ;
#6 = CARTESIAN_POINT ( 'NONE',  ( 3.272722316791663033, 8.746894607822076395, -23.80646231006776148 ) ) ;
#7 = VECTOR ( 'NONE', #1975, 1000.000000000000227 ) ;
#8 = VERTEX_POINT ( 'NONE', #696 ) ;
#9 = DIRECTION ( 'NONE',  ( 0.7071067811865395791, -2.146342490545430293E-16, -0.7071067811865554553 ) ) ;
#10 = CARTESIAN_POINT ( 'NONE',  ( 2.771806204239048999, 8.642087740057450063, 22.54204246529938516 ) ) ;
#11 = EDGE_CURVE ( 'NONE', #4911, #6004, #1631, .T. ) ;
#12 = CIRCLE ( 'NONE', #1762, 1.500000000000009992 ) ;
#13 = LINE ( 'NONE', #4937, #2378 ) ;
#14 = DIRECTION ( 'NONE',  ( -1.000000000000000000, -0.000000000000000000, -0.000000000000000000 ) ) ;
#15 = DIRECTION ( 'NONE',  ( 0.000000000000000000, 0.000000000000000000, -1.000000000000000000 ) ) ;
#16 = ORIENTED_EDGE ( 'NONE', *, *, #454, .F. ) ;
#17 = CARTESIAN_POINT ( 'NONE',  ( 0.5000000000000056621, 0.9359217687046109679, -30.68124960392044898 ) ) ;
#18 = VECTOR ( 'NONE', #2431, 1000.000000000000000 ) ;
#19 = DIRECTION ( 'NONE',  ( 1.000000000000000000, -0.000000000000000000, -0.000000000000000000 ) ) ;
#20 = EDGE_CURVE ( 'NONE', #4743, #148, #2159, .T. ) ;
#21 = VERTEX_POINT ( 'NONE', #6099 ) ;
#22 = VECTOR ( 'NONE', #5402, 1000.000000000000000 ) ;
#23 = DIRECTION ( 'NONE',  ( 1.000000000000000000, 0.000000000000000000, 0.000000000000000000 ) ) ;
#24 = ORIENTED_EDGE ( 'NONE', *, *, #2731, .T. ) ;
#25 = PLANE ( 'NONE',  #2926 ) ;
#26 = ORIENTED_EDGE ( 'NONE', *, *, #5534, .T. ) ;
#27 = CARTESIAN_POINT ( 'NONE',  ( 3.289547705550821544, 8.699941124146979732, 22.15847050716423539 ) ) ;
#28 = EDGE_CURVE ( 'NONE', #3257, #176, #6012, .T. ) ;
#29 = TOROIDAL_SURFACE ( 'NONE', #2414, 1.708000000000315266, 0.5080000000000000071 ) ;
#30 = CARTESIAN_POINT ( 'NONE',  ( 0.000000000000000000, 13.13269476870496177, 33.57880000000000109 ) ) ;
#31 = CARTESIAN_POINT ( 'NONE',  ( 10.16000000000000014, -2.452586502005110081, 0.000000000000000000 ) ) ;
#32 = ORIENTED_EDGE ( 'NONE', *, *, #2231, .F. ) ;
#33 = DIRECTION ( 'NONE',  ( 0.000000000000000000, 0.000000000000000000, -1.000000000000000000 ) ) ;
#34 = ORIENTED_EDGE ( 'NONE', *, *, #1242, .F. ) ;
#35 = CARTESIAN_POINT ( 'NONE',  ( 3.265217916943147003, 8.801968047529596717, -23.82098544468436430 ) ) ;
#36 = CIRCLE ( 'NONE', #1579, 3.000000000000002665 ) ;
#37 = FACE_OUTER_BOUND ( 'NONE', #822, .T. ) ;
#38 = EDGE_CURVE ( 'NONE', #3654, #1277, #6437, .T. ) ;
#39 = CARTESIAN_POINT ( 'NONE',  ( 0.5000000000000056621, -3.733161398045110158, -17.14499999999999957 ) ) ;
#40 = EDGE_LOOP ( 'NONE', ( #5041, #6210, #5250, #4802 ) ) ;
#41 = FACE_OUTER_BOUND ( 'NONE', #3097, .T. ) ;
#42 = EDGE_LOOP ( 'NONE', ( #742, #4020, #2946, #1610 ) ) ;
#43 = DIRECTION ( 'NONE',  ( -1.000000000000000000, -0.000000000000000000, -0.000000000000000000 ) ) ;
#44 = CARTESIAN_POINT ( 'NONE',  ( 3.385066223960201182, 8.231024807750564776, -23.70691899084417997 ) ) ;
#45 = CARTESIAN_POINT ( 'NONE',  ( 3.251200000000000312, 52.35029476870499821, 36.32999999999999829 ) ) ;
#46 = EDGE_CURVE ( 'NONE', #3839, #5729, #2672, .T. ) ;
#47 = DIRECTION ( 'NONE',  ( 0.000000000000000000, -1.000000000000000000, -1.577021341797095046E-15 ) ) ;
#48 = ORIENTED_EDGE ( 'NONE', *, *, #5983, .F. ) ;
#49 = DIRECTION ( 'NONE',  ( 0.000000000000000000, 0.000000000000000000, 1.000000000000000000 ) ) ;
#50 = ORIENTED_EDGE ( 'NONE', *, *, #5873, .F. ) ;
#51 = LINE ( 'NONE', #5463, #890 ) ;
#52 = VERTEX_POINT ( 'NONE', #4509 ) ;
#53 = EDGE_CURVE ( 'NONE', #3337, #4469, #4481, .T. ) ;
#54 = FACE_OUTER_BOUND ( 'NONE', #2070, .T. ) ;
#55 = ORIENTED_EDGE ( 'NONE', *, *, #5725, .F. ) ;
#56 = FACE_BOUND ( 'NONE', #4273, .T. ) ;
#57 = CARTESIAN_POINT ( 'NONE',  ( 10.16000000000000014, 5.614294768704970018, -15.13619999998369892 ) ) ;
#58 = CIRCLE ( 'NONE', #988, 4.572000000000000064 ) ;
#59 = EDGE_CURVE ( 'NONE', #5975, #4092, #603, .T. ) ;
#60 = FACE_OUTER_BOUND ( 'NONE', #4853, .T. ) ;
#61 = DIRECTION ( 'NONE',  ( 0.000000000000000000, 1.000000000000000000, 0.000000000000000000 ) ) ;
#62 = ORIENTED_EDGE ( 'NONE', *, *, #957, .T. ) ;
#63 = CARTESIAN_POINT ( 'NONE',  ( 3.325343335307370030, 8.470937745747729508, 22.08774323786864002 ) ) ;
#64 = ORIENTED_EDGE ( 'NONE', *, *, #856, .T. ) ;
#65 = ORIENTED_EDGE ( 'NONE', *, *, #6015, .F. ) ;
#66 = CARTESIAN_POINT ( 'NONE',  ( 0.000000000000000000, -3.918503319182142786, -24.14499999999445023 ) ) ;
#67 = AXIS2_PLACEMENT_3D ( 'NONE', #6282, #3782, #5141 ) ;
#68 = LINE ( 'NONE', #3117, #3716 ) ;
#69 = CARTESIAN_POINT ( 'NONE',  ( 10.16000000000000014, 0.9359217687046109679, -30.68124960392044898 ) ) ;
#70 = ORIENTED_EDGE ( 'NONE', *, *, #2367, .T. ) ;
#71 = CARTESIAN_POINT ( 'NONE',  ( 3.584756938592731146, 7.557776880929980123, -23.62175081971323465 ) ) ;
#72 = VERTEX_POINT ( 'NONE', #5677 ) ;
#73 = CARTESIAN_POINT ( 'NONE',  ( 2.751199999999998536, 9.881494768704969900, -26.78688693560660283 ) ) ;
#74 = EDGE_CURVE ( 'NONE', #3084, #5548, #3192, .T. ) ;
#75 = CARTESIAN_POINT ( 'NONE',  ( 3.254013696276066625, 8.909908588566739951, -23.85228147613838345 ) ) ;
#76 = ORIENTED_EDGE ( 'NONE', *, *, #6145, .F. ) ;
#77 = CARTESIAN_POINT ( 'NONE',  ( 7.951199999999901458, 17.10149476870488527, 29.67000000000017579 ) ) ;
#78 = DIRECTION ( 'NONE',  ( 0.000000000000000000, 0.000000000000000000, -1.000000000000000000 ) ) ;
#79 = EDGE_LOOP ( 'NONE', ( #1485, #3888 ) ) ;
#80 = CARTESIAN_POINT ( 'NONE',  ( 3.673629138784042070, 7.279788560426198707, -23.58967384208601814 ) ) ;
#81 = CARTESIAN_POINT ( 'NONE',  ( 0.000000000000000000, -1.952586502005099423, 17.64500000000001023 ) ) ;
#82 = ORIENTED_EDGE ( 'NONE', *, *, #1450, .T. ) ;
#83 = ADVANCED_FACE ( 'NONE', ( #6151 ), #2241, .T. ) ;
#84 = DIRECTION ( 'NONE',  ( -0.000000000000000000, 1.000000000000000000, 0.000000000000000000 ) ) ;
#85 = ORIENTED_EDGE ( 'NONE', *, *, #2247, .T. ) ;
#86 = CIRCLE ( 'NONE', #502, 0.5079999999999997851 ) ;
#87 = FACE_OUTER_BOUND ( 'NONE', #3158, .T. ) ;
#88 = LINE ( 'NONE', #4987, #3352 ) ;
#89 = EDGE_CURVE ( 'NONE', #2886, #4417, #3720, .T. ) ;
#90 = CIRCLE ( 'NONE', #4849, 1.574999999999999956 ) ;
#91 = VECTOR ( 'NONE', #3448, 1000.000000000000000 ) ;
#92 = DIRECTION ( 'NONE',  ( 0.000000000000000000, 0.000000000000000000, -1.000000000000000000 ) ) ;
#93 = EDGE_LOOP ( 'NONE', ( #3068, #3360, #5710, #4796 ) ) ;
#94 = CARTESIAN_POINT ( 'NONE',  ( 3.350135696104233674, 8.336104995293707631, 22.05175292611024318 ) ) ;
#95 = ORIENTED_EDGE ( 'NONE', *, *, #1270, .T. ) ;
#96 = CIRCLE ( 'NONE', #5264, 1.465200000000010272 ) ;
#97 = ADVANCED_FACE ( 'NONE', ( #4666, #3245, #4727, #5244 ), #841, .T. ) ;
#98 = DIRECTION ( 'NONE',  ( 0.000000000000000000, 0.000000000000000000, 1.000000000000000000 ) ) ;
#99 = CIRCLE ( 'NONE', #4552, 4.071999999999988518 ) ;
#100 = CARTESIAN_POINT ( 'NONE',  ( 3.251200000000000312, 52.35029476870499821, 33.57880000000000109 ) ) ;
#101 = FACE_OUTER_BOUND ( 'NONE', #4199, .T. ) ;
#102 = EDGE_LOOP ( 'NONE', ( #1225, #6361, #3904, #3499 ) ) ;
#103 = CARTESIAN_POINT ( 'NONE',  ( 0.000000000000000000, 0.7986134979948928958, 9.062785110972480097E-17 ) ) ;
#104 = ORIENTED_EDGE ( 'NONE', *, *, #681, .T. ) ;
#105 = AXIS2_PLACEMENT_3D ( 'NONE', #903, #6380, #1875 ) ;
#106 = CARTESIAN_POINT ( 'NONE',  ( 2.841172630161729717, 8.381507061234245270, 22.35637158820180304 ) ) ;
#107 = DIRECTION ( 'NONE',  ( 0.000000000000000000, 0.000000000000000000, 1.000000000000000000 ) ) ;
#108 = VECTOR ( 'NONE', #3063, 1000.000000000000000 ) ;
#109 = DIRECTION ( 'NONE',  ( 0.000000000000000000, 3.771137991253929806E-17, -1.000000000000000000 ) ) ;
#110 = DIRECTION ( 'NONE',  ( 0.000000000000000000, 0.000000000000000000, -1.000000000000000000 ) ) ;
#111 = ORIENTED_EDGE ( 'NONE', *, *, #856, .F. ) ;
#112 = DIRECTION ( 'NONE',  ( 0.7071067811865490160, -0.7071067811865460184, 0.000000000000000000 ) ) ;
#113 = CARTESIAN_POINT ( 'NONE',  ( 3.251200000000000312, 9.373494768704960123, 21.33700000001659802 ) ) ;
#114 = ORIENTED_EDGE ( 'NONE', *, *, #3562, .T. ) ;
#115 = VECTOR ( 'NONE', #2436, 1000.000000000000114 ) ;
#116 = DIRECTION ( 'NONE',  ( 0.000000000000000000, 0.000000000000000000, -1.000000000000000000 ) ) ;
#117 = ORIENTED_EDGE ( 'NONE', *, *, #1939, .F. ) ;
#118 = CIRCLE ( 'NONE', #738, 0.5079999999999997851 ) ;
#119 = EDGE_CURVE ( 'NONE', #5614, #4743, #3372, .T. ) ;
#120 = EDGE_CURVE ( 'NONE', #1059, #2222, #5908, .T. ) ;
#121 = DIRECTION ( 'NONE',  ( -1.000000000000000000, -0.000000000000000000, -0.000000000000000000 ) ) ;
#122 = DIRECTION ( 'NONE',  ( 0.000000000000000000, 0.000000000000000000, -1.000000000000000000 ) ) ;
#123 = CIRCLE ( 'NONE', #5189, 3.000000000000002665 ) ;
#124 = DIRECTION ( 'NONE',  ( -1.000000000000000000, 0.000000000000000000, 0.000000000000000000 ) ) ;
#125 = ORIENTED_EDGE ( 'NONE', *, *, #6408, .T. ) ;
#126 = EDGE_CURVE ( 'NONE', #6004, #4743, #86, .T. ) ;
#127 = CARTESIAN_POINT ( 'NONE',  ( 3.573537376520423692, 7.350204437384030953, 21.88011437728683006 ) ) ;
#128 = ORIENTED_EDGE ( 'NONE', *, *, #2258, .T. ) ;
#129 = ORIENTED_EDGE ( 'NONE', *, *, #5084, .T. ) ;
#130 = CIRCLE ( 'NONE', #859, 1.015999999999999570 ) ;
#131 = DIRECTION ( 'NONE',  ( -1.000000000000000000, 0.000000000000000000, 0.000000000000000000 ) ) ;
#132 = AXIS2_PLACEMENT_3D ( 'NONE', #1991, #1958, #2052 ) ;
#133 = CARTESIAN_POINT ( 'NONE',  ( 8.251199999999903056, 48.10149476870488883, 29.67000000000017579 ) ) ;
#134 = CARTESIAN_POINT ( 'NONE',  ( 2.751199999999998980, 8.692589132800922158, -24.27347423654222780 ) ) ;
#135 = CARTESIAN_POINT ( 'NONE',  ( 0.5000000000000056621, -1.944586502005110074, 13.55300000001662042 ) ) ;
#136 = EDGE_CURVE ( 'NONE', #3305, #1998, #3703, .T. ) ;
#137 = ORIENTED_EDGE ( 'NONE', *, *, #981, .F. ) ;
#138 = CARTESIAN_POINT ( 'NONE',  ( 0.5000000000000056621, 6.630294768704969144, 21.84500000001660069 ) ) ;
#139 = CIRCLE ( 'NONE', #3656, 3.251199999999999424 ) ;
#140 = CARTESIAN_POINT ( 'NONE',  ( 3.041856815360432620, 7.903150906753594995, 22.10377665124449820 ) ) ;
#141 = DIRECTION ( 'NONE',  ( 0.000000000000000000, 0.000000000000000000, -1.000000000000000000 ) ) ;
#142 = CARTESIAN_POINT ( 'NONE',  ( 3.308193246869049808, 8.550345978476675768, -23.76203681268645340 ) ) ;
#143 = LINE ( 'NONE', #2124, #1848 ) ;
#144 = EDGE_CURVE ( 'NONE', #5371, #4417, #917, .T. ) ;
#145 = ORIENTED_EDGE ( 'NONE', *, *, #3644, .F. ) ;
#146 = LINE ( 'NONE', #5531, #4155 ) ;
#147 = ORIENTED_EDGE ( 'NONE', *, *, #3161, .T. ) ;
#148 = VERTEX_POINT ( 'NONE', #3047 ) ;
#149 = DIRECTION ( 'NONE',  ( -1.000000000000000000, -0.000000000000000000, -0.000000000000000000 ) ) ;
#150 = ORIENTED_EDGE ( 'NONE', *, *, #1947, .F. ) ;
#151 = DIRECTION ( 'NONE',  ( 1.000000000000000000, 0.000000000000000000, 0.000000000000000000 ) ) ;
#152 = ORIENTED_EDGE ( 'NONE', *, *, #2274, .F. ) ;
#153 = CARTESIAN_POINT ( 'NONE',  ( 9.652000000000001023, 1.814613497994890023, 19.35580000001660039 ) ) ;
#154 = DIRECTION ( 'NONE',  ( 1.000000000000000000, 0.000000000000000000, 0.000000000000000000 ) ) ;
#155 = EDGE_CURVE ( 'NONE', #4417, #386, #5078, .T. ) ;
#156 = DIRECTION ( 'NONE',  ( -1.000000000000000000, 0.000000000000000000, 0.000000000000000000 ) ) ;
#157 = FACE_OUTER_BOUND ( 'NONE', #3269, .T. ) ;
#158 = VERTEX_POINT ( 'NONE', #4565 ) ;
#159 = CARTESIAN_POINT ( 'NONE',  ( 3.256176990626177936, 9.027531827928584107, 22.28132211167291032 ) ) ;
#160 = AXIS2_PLACEMENT_3D ( 'NONE', #533, #5036, #5102 ) ;
#161 = ORIENTED_EDGE ( 'NONE', *, *, #1809, .T. ) ;
#162 = DIRECTION ( 'NONE',  ( 1.000000000000000000, 0.000000000000000000, 0.000000000000000000 ) ) ;
#163 = ADVANCED_FACE ( 'NONE', ( #3015 ), #4445, .F. ) ;
#164 = AXIS2_PLACEMENT_3D ( 'NONE', #1591, #558, #5491 ) ;
#165 = DIRECTION ( 'NONE',  ( 0.000000000000000000, -5.014445018423550594E-16, -1.000000000000000000 ) ) ;
#166 = CARTESIAN_POINT ( 'NONE',  ( 10.16000000000000014, -5.473161398043879800, -19.63224960392044949 ) ) ;
#167 = VERTEX_POINT ( 'NONE', #2979 ) ;
#168 = CARTESIAN_POINT ( 'NONE',  ( 3.251200000000000312, 9.373494768704970781, -22.65469112495100035 ) ) ;
#169 = CIRCLE ( 'NONE', #5880, 1.574999999999999956 ) ;
#170 = ADVANCED_FACE ( 'NONE', ( #1577 ), #4069, .T. ) ;
#171 = FACE_OUTER_BOUND ( 'NONE', #2117, .T. ) ;
#172 = DIRECTION ( 'NONE',  ( 0.000000000000000000, 1.000000000000000000, 0.000000000000000000 ) ) ;
#173 = DIRECTION ( 'NONE',  ( 0.000000000000000000, 0.000000000000000000, -1.000000000000000000 ) ) ;
#174 = ORIENTED_EDGE ( 'NONE', *, *, #2604, .T. ) ;
#175 = DIRECTION ( 'NONE',  ( 0.000000000000000000, 0.000000000000000000, -1.000000000000000000 ) ) ;
#176 = VERTEX_POINT ( 'NONE', #3236 ) ;
#177 = DIRECTION ( 'NONE',  ( -1.000000000000000000, 0.000000000000000000, 0.000000000000000000 ) ) ;
#178 = EDGE_CURVE ( 'NONE', #2160, #205, #1222, .T. ) ;
#179 = DIRECTION ( 'NONE',  ( 1.000000000000000000, 0.000000000000000000, 0.000000000000000000 ) ) ;
#180 = ORIENTED_EDGE ( 'NONE', *, *, #4703, .T. ) ;
#181 = CARTESIAN_POINT ( 'NONE',  ( 0.5080000000000000071, 13.65069425659989832, 9.380249238660770317 ) ) ;
#182 = AXIS2_PLACEMENT_3D ( 'NONE', #6141, #3778, #672 ) ;
#183 = DIRECTION ( 'NONE',  ( 1.000000000000000000, 0.000000000000000000, 0.000000000000000000 ) ) ;
#184 = DIRECTION ( 'NONE',  ( -1.000000000000000000, -0.000000000000000000, -0.000000000000000000 ) ) ;
#185 = AXIS2_PLACEMENT_3D ( 'NONE', #3586, #3109, #5046 ) ;
#186 = VERTEX_POINT ( 'NONE', #2264 ) ;
#187 = CARTESIAN_POINT ( 'NONE',  ( 10.16000000000000014, 0.000000000000000000, 17.14499999999999957 ) ) ;
#188 = ORIENTED_EDGE ( 'NONE', *, *, #4049, .F. ) ;
#189 = CARTESIAN_POINT ( 'NONE',  ( 3.470740605150752778, 7.772864155790353280, 21.93477029847029058 ) ) ;
#190 = EDGE_CURVE ( 'NONE', #2843, #3257, #1663, .T. ) ;
#191 = CONICAL_SURFACE ( 'NONE', #4740, 0.007999999999987184029, 0.7853981633974541632 ) ;
#192 = AXIS2_PLACEMENT_3D ( 'NONE', #1344, #5303, #6378 ) ;
#193 = CARTESIAN_POINT ( 'NONE',  ( 10.16000000000000014, 6.981494768704890497, 2.632818015800354723E-16 ) ) ;
#194 = CYLINDRICAL_SURFACE ( 'NONE', #2178, 1.574999999999999956 ) ;
#195 = AXIS2_PLACEMENT_3D ( 'NONE', #691, #1561, #5096 ) ;
#196 = AXIS2_PLACEMENT_3D ( 'NONE', #249, #1219, #1285 ) ;
#197 = ORIENTED_EDGE ( 'NONE', *, *, #5045, .T. ) ;
#198 = PLANE ( 'NONE',  #3750 ) ;
#199 = ADVANCED_FACE ( 'NONE', ( #4133 ), #6245, .T. ) ;
#200 = ORIENTED_EDGE ( 'NONE', *, *, #711, .T. ) ;
#201 = DIRECTION ( 'NONE',  ( 0.000000000000000000, 0.000000000000000000, 1.000000000000000000 ) ) ;
#202 = CIRCLE ( 'NONE', #2789, 2.074999999999993516 ) ;
#203 = FACE_OUTER_BOUND ( 'NONE', #593, .T. ) ;
#204 = CARTESIAN_POINT ( 'NONE',  ( 7.951199999999901458, 48.10149476870488883, -29.90499999999983416 ) ) ;
#205 = VERTEX_POINT ( 'NONE', #5635 ) ;
#206 = CARTESIAN_POINT ( 'NONE',  ( 0.000000000000000000, -9.494361398043869471, -23.65299999999444935 ) ) ;
#207 = ADVANCED_FACE ( 'NONE', ( #3166 ), #2911, .F. ) ;
#208 = DIRECTION ( 'NONE',  ( 0.000000000000000000, 1.000000000000000000, 0.000000000000000000 ) ) ;
#209 = ORIENTED_EDGE ( 'NONE', *, *, #4185, .T. ) ;
#210 = DIRECTION ( 'NONE',  ( 0.000000000000000000, 0.000000000000000000, -1.000000000000000000 ) ) ;
#211 = VECTOR ( 'NONE', #5227, 1000.000000000000000 ) ;
#212 = DIRECTION ( 'NONE',  ( -1.000000000000000000, -0.000000000000000000, -0.000000000000000000 ) ) ;
#213 = EDGE_LOOP ( 'NONE', ( #6339, #503, #5182, #1943 ) ) ;
#214 = EDGE_CURVE ( 'NONE', #4370, #3461, #4815, .T. ) ;
#215 = AXIS2_PLACEMENT_3D ( 'NONE', #1710, #290, #4795 ) ;
#216 = CARTESIAN_POINT ( 'NONE',  ( 0.5000000000000056621, 6.981494768704890497, 2.632818015800354723E-16 ) ) ;
#217 = ORIENTED_EDGE ( 'NONE', *, *, #5260, .T. ) ;
#218 = CIRCLE ( 'NONE', #2502, 5.499999999999998224 ) ;
#219 = EDGE_LOOP ( 'NONE', ( #6089, #4659, #6369, #1702 ) ) ;
#220 = LINE ( 'NONE', #674, #3384 ) ;
#221 = DIRECTION ( 'NONE',  ( 0.000000000000000000, 0.000000000000000000, 1.000000000000000000 ) ) ;
#222 = ORIENTED_EDGE ( 'NONE', *, *, #4007, .F. ) ;
#223 = DIRECTION ( 'NONE',  ( 0.000000000000000000, -1.000000000000000000, -1.577021341797095046E-15 ) ) ;
#224 = EDGE_CURVE ( 'NONE', #4094, #5548, #901, .T. ) ;
#225 = AXIS2_PLACEMENT_3D ( 'NONE', #1867, #471, #3840 ) ;
#226 = FACE_OUTER_BOUND ( 'NONE', #2176, .T. ) ;
#227 = DIRECTION ( 'NONE',  ( 0.000000000000000000, 0.000000000000000000, -1.000000000000000000 ) ) ;
#228 = CIRCLE ( 'NONE', #441, 1.000000000000000888 ) ;
#229 = CARTESIAN_POINT ( 'NONE',  ( 8.251199999999903056, 17.10149476870488527, 26.97000000000019426 ) ) ;
#230 = CARTESIAN_POINT ( 'NONE',  ( 10.16000000000000014, -3.252586502007740243, 17.14499999999999957 ) ) ;
#231 = ORIENTED_EDGE ( 'NONE', *, *, #3612, .F. ) ;
#232 = CARTESIAN_POINT ( 'NONE',  ( 9.652000000000001023, 0.000000000000000000, 15.02620000001659939 ) ) ;
#233 = ORIENTED_EDGE ( 'NONE', *, *, #3354, .T. ) ;
#234 = CARTESIAN_POINT ( 'NONE',  ( 0.5000000000000056621, 6.981494768704890497, -10.95499999998338048 ) ) ;
#235 = CIRCLE ( 'NONE', #2830, 1.200000000000315481 ) ;
#236 = ADVANCED_FACE ( 'NONE', ( #2815 ), #403, .T. ) ;
#237 = FACE_OUTER_BOUND ( 'NONE', #4462, .T. ) ;
#238 = DIRECTION ( 'NONE',  ( 0.000000000000000000, 0.000000000000000000, -1.000000000000000000 ) ) ;
#239 = ORIENTED_EDGE ( 'NONE', *, *, #1319, .F. ) ;
#240 = VECTOR ( 'NONE', #2135, 1000.000000000000000 ) ;
#241 = DIRECTION ( 'NONE',  ( 1.000000000000000000, 0.000000000000000000, 0.000000000000000000 ) ) ;
#242 = ORIENTED_EDGE ( 'NONE', *, *, #4454, .T. ) ;
#243 = LINE ( 'NONE', #3259, #5124 ) ;
#244 = EDGE_CURVE ( 'NONE', #6220, #1388, #5265, .T. ) ;
#245 = CARTESIAN_POINT ( 'NONE',  ( 8.251199999999903056, 17.10149476870488527, 29.67000000000017579 ) ) ;
#246 = EDGE_LOOP ( 'NONE', ( #5140, #5740, #1000, #2358 ) ) ;
#247 = CARTESIAN_POINT ( 'NONE',  ( 0.5000000000000056621, -4.169871006227380050, -16.38859677047480190 ) ) ;
#248 = CYLINDRICAL_SURFACE ( 'NONE', #6383, 0.5079999999999997851 ) ;
#249 = CARTESIAN_POINT ( 'NONE',  ( 0.5080000000000000071, 0.000000000000000000, 19.86380000001660306 ) ) ;
#250 = EDGE_CURVE ( 'NONE', #1705, #2160, #923, .T. ) ;
#251 = ORIENTED_EDGE ( 'NONE', *, *, #5360, .T. ) ;
#252 = DIRECTION ( 'NONE',  ( -1.000000000000000000, 0.000000000000000000, 0.000000000000000000 ) ) ;
#253 = DIRECTION ( 'NONE',  ( -1.000000000000000000, 0.000000000000000000, 0.000000000000000000 ) ) ;
#254 = ORIENTED_EDGE ( 'NONE', *, *, #5610, .F. ) ;
#255 = DIRECTION ( 'NONE',  ( -0.000000000000000000, 5.014445018423550594E-16, 1.000000000000000000 ) ) ;
#256 = CARTESIAN_POINT ( 'NONE',  ( 10.16000000000000014, 1.306613497994892237, 1.482764489349953901E-16 ) ) ;
#257 = ADVANCED_FACE ( 'NONE', ( #5588, #2123, #4086, #1626, #1658 ), #1177, .T. ) ;
#258 = FACE_OUTER_BOUND ( 'NONE', #907, .T. ) ;
#259 = LINE ( 'NONE', #3313, #4141 ) ;
#260 = ORIENTED_EDGE ( 'NONE', *, *, #2306, .T. ) ;
#261 = CARTESIAN_POINT ( 'NONE',  ( 0.5000000000000056621, -1.231306529126639981E-14, -21.84204960392050054 ) ) ;
#262 = LINE ( 'NONE', #3763, #3374 ) ;
#263 = AXIS2_PLACEMENT_3D ( 'NONE', #2994, #3598, #3088 ) ;
#264 = CARTESIAN_POINT ( 'NONE',  ( 0.000000000000000000, 6.473494768704890490, 16.04220000001659940 ) ) ;
#265 = TOROIDAL_SURFACE ( 'NONE', #1608, 1.016000000000000014, 0.5080000000000000071 ) ;
#266 = VERTEX_POINT ( 'NONE', #2154 ) ;
#267 = FACE_OUTER_BOUND ( 'NONE', #4089, .T. ) ;
#268 = CARTESIAN_POINT ( 'NONE',  ( 0.000000000000000000, 0.000000000000000000, 15.02620000001659939 ) ) ;
#269 = EDGE_LOOP ( 'NONE', ( #5103, #5478, #5649, #979 ) ) ;
#270 = DIRECTION ( 'NONE',  ( 1.000000000000000000, 0.000000000000000000, 0.000000000000000000 ) ) ;
#271 = EDGE_CURVE ( 'NONE', #1414, #3746, #4228, .T. ) ;
#272 = DIRECTION ( 'NONE',  ( -1.000000000000000000, -0.000000000000000000, -0.000000000000000000 ) ) ;
#273 = DIRECTION ( 'NONE',  ( 1.000000000000000000, 0.000000000000000000, 0.000000000000000000 ) ) ;
#274 = VERTEX_POINT ( 'NONE', #334 ) ;
#275 = LINE ( 'NONE', #1724, #2821 ) ;
#276 = DIRECTION ( 'NONE',  ( 0.000000000000000000, 0.000000000000000000, -1.000000000000000000 ) ) ;
#277 = CARTESIAN_POINT ( 'NONE',  ( 0.000000000000000000, 7.481494768704901155, 2.821374915363058178E-16 ) ) ;
#278 = EDGE_CURVE ( 'NONE', #2165, #4202, #6267, .T. ) ;
#279 = VECTOR ( 'NONE', #1882, 1000.000000000000000 ) ;
#280 = EDGE_LOOP ( 'NONE', ( #3594, #2973, #3431, #4112 ) ) ;
#281 = ORIENTED_EDGE ( 'NONE', *, *, #5509, .F. ) ;
#282 = CARTESIAN_POINT ( 'NONE',  ( 7.951199999999901458, 48.10149476870488883, -28.32999999999983487 ) ) ;
#283 = VERTEX_POINT ( 'NONE', #4288 ) ;
#284 = DIRECTION ( 'NONE',  ( -1.000000000000000000, 0.000000000000000000, 0.000000000000000000 ) ) ;
#285 = VERTEX_POINT ( 'NONE', #6192 ) ;
#286 = ADVANCED_FACE ( 'NONE', ( #3798 ), #3813, .T. ) ;
#287 = AXIS2_PLACEMENT_3D ( 'NONE', #2075, #2138, #92 ) ;
#288 = CARTESIAN_POINT ( 'NONE',  ( 2.751199999999998536, 13.13269476870496177, 36.82999999999999829 ) ) ;
#289 = FACE_OUTER_BOUND ( 'NONE', #2507, .T. ) ;
#290 = DIRECTION ( 'NONE',  ( -1.000000000000000000, 0.000000000000000000, 0.000000000000000000 ) ) ;
#291 = EDGE_LOOP ( 'NONE', ( #5895, #4060, #697, #5879 ) ) ;
#292 = CONICAL_SURFACE ( 'NONE', #1122, 2.699999999999980194, 0.7853981633974670418 ) ;
#293 = CARTESIAN_POINT ( 'NONE',  ( 9.652000000000001023, 6.473494768704890490, 15.02620000001659939 ) ) ;
#294 = EDGE_CURVE ( 'NONE', #5747, #3152, #4642, .T. ) ;
#295 = DIRECTION ( 'NONE',  ( 1.000000000000000000, 0.000000000000000000, 0.000000000000000000 ) ) ;
#296 = CIRCLE ( 'NONE', #2676, 0.5080000000000015614 ) ;
#297 = FACE_OUTER_BOUND ( 'NONE', #4281, .T. ) ;
#298 = CARTESIAN_POINT ( 'NONE',  ( 5.751199999999999868, 48.10149476870488883, 29.67000000000017579 ) ) ;
#299 = ORIENTED_EDGE ( 'NONE', *, *, #3612, .T. ) ;
#300 = CYLINDRICAL_SURFACE ( 'NONE', #6056, 0.9651999999999993918 ) ;
#301 = DIRECTION ( 'NONE',  ( 0.7071067811865439090, 0.000000000000000000, 0.7071067811865512365 ) ) ;
#302 = VECTOR ( 'NONE', #1097, 1000.000000000000000 ) ;
#303 = LINE ( 'NONE', #5831, #3191 ) ;
#304 = EDGE_CURVE ( 'NONE', #1570, #2465, #2989, .T. ) ;
#305 = ORIENTED_EDGE ( 'NONE', *, *, #1939, .T. ) ;
#306 = DIRECTION ( 'NONE',  ( -1.000000000000000000, 0.000000000000000000, 0.000000000000000000 ) ) ;
#307 = ORIENTED_EDGE ( 'NONE', *, *, #892, .F. ) ;
#308 = DIRECTION ( 'NONE',  ( 0.000000000000000000, 0.000000000000000000, 1.000000000000000000 ) ) ;
#309 = CARTESIAN_POINT ( 'NONE',  ( 10.16000000000000014, -2.009169953978525047, -17.14499999999999957 ) ) ;
#310 = EDGE_LOOP ( 'NONE', ( #5625, #3027, #4436, #2870 ) ) ;
#311 = VECTOR ( 'NONE', #872, 1000.000000000000114 ) ;
#312 = EDGE_CURVE ( 'NONE', #1533, #5854, #1849, .T. ) ;
#313 = EDGE_CURVE ( 'NONE', #6064, #1820, #4334, .T. ) ;
#314 = LINE ( 'NONE', #4197, #581 ) ;
#315 = ORIENTED_EDGE ( 'NONE', *, *, #5399, .F. ) ;
#316 = LINE ( 'NONE', #3658, #2196 ) ;
#317 = ORIENTED_EDGE ( 'NONE', *, *, #2874, .F. ) ;
#318 = DIRECTION ( 'NONE',  ( 0.000000000000000000, 0.000000000000000000, 1.000000000000000000 ) ) ;
#319 = VECTOR ( 'NONE', #5213, 1000.000000000000000 ) ;
#320 = EDGE_CURVE ( 'NONE', #4601, #4370, #4967, .T. ) ;
#321 = LINE ( 'NONE', #288, #6323 ) ;
#322 = EDGE_LOOP ( 'NONE', ( #1700, #3783, #6297, #3439 ) ) ;
#323 = CARTESIAN_POINT ( 'NONE',  ( 10.16000000000000014, -5.463622585859059910, 16.56180000001660346 ) ) ;
#324 = FACE_OUTER_BOUND ( 'NONE', #1544, .T. ) ;
#325 = ORIENTED_EDGE ( 'NONE', *, *, #4868, .T. ) ;
#326 = AXIS2_PLACEMENT_3D ( 'NONE', #4918, #2402, #5811 ) ;
#327 = CARTESIAN_POINT ( 'NONE',  ( 2.891562406821738929, 8.243433166870680395, 22.27294059293156181 ) ) ;
#328 = VERTEX_POINT ( 'NONE', #5356 ) ;
#329 = FACE_OUTER_BOUND ( 'NONE', #2432, .T. ) ;
#330 = CARTESIAN_POINT ( 'NONE',  ( 10.16000000000000014, -5.971622585859059029, 16.56180000001660346 ) ) ;
#331 = AXIS2_PLACEMENT_3D ( 'NONE', #5166, #5201, #770 ) ;
#332 = EDGE_CURVE ( 'NONE', #1281, #1059, #1457, .T. ) ;
#333 = CARTESIAN_POINT ( 'NONE',  ( 0.000000000000000000, -3.918503319182140121, -23.41328918922000213 ) ) ;
#334 = CARTESIAN_POINT ( 'NONE',  ( 0.000000000000000000, 1.620971776150855082, -15.35789622625775053 ) ) ;
#335 = B_SPLINE_SURFACE_WITH_KNOTS ( 'NONE', 1, 3, ( 
 ( #3052, #6025, #5960, #1488, #1953, #4045, #4929, #1009, #6057, #1455, #2533, #3918, #4479, #1549, #4508, #2047, #5052, #5926, #4963, #2504, #580, #5422 ),
 ( #517, #5021, #1516, #3980, #35, #6, #1584, #2018, #3503, #3953, #3444, #5990, #980, #3472, #4412, #5545, #5448, #5482, #4008, #2081, #2470, #6421 ) ),
 .UNSPECIFIED., .F., .F., .F.,
 ( 2, 2 ),
 ( 4, 2, 2, 2, 2, 2, 2, 2, 2, 2, 4 ),
 ( 0.000000000000000000, 1.000000000000000000 ),
 ( 0.000000000000000000, 0.0002237317398310010035, 0.0003355976097465015323, 0.0004474634796620020069, 0.0005593293495775024816, 0.0006711952194930030646, 0.0007830610894085035393, 0.0008949269593240040139, 0.001118658699155004963, 0.001342390438986006129, 0.001789853918648008028 ),
 .UNSPECIFIED. ) ;
#336 = VERTEX_POINT ( 'NONE', #887 ) ;
#337 = CARTESIAN_POINT ( 'NONE',  ( 0.000000000000000000, 13.13269476870496177, 36.32999999999998408 ) ) ;
#338 = AXIS2_PLACEMENT_3D ( 'NONE', #788, #2767, #1691 ) ;
#339 = DIRECTION ( 'NONE',  ( 1.000000000000000000, 0.000000000000000000, 0.000000000000000000 ) ) ;
#340 = ADVANCED_FACE ( 'NONE', ( #2860 ), #617, .F. ) ;
#341 = TOROIDAL_SURFACE ( 'NONE', #4791, 1.016000000000000014, 0.5080000000000000071 ) ;
#342 = LINE ( 'NONE', #4778, #1841 ) ;
#343 = CARTESIAN_POINT ( 'NONE',  ( 3.507554647512461266, 7.318104683707991498, -23.60922473420684753 ) ) ;
#344 = CARTESIAN_POINT ( 'NONE',  ( 10.16000000000000014, 5.614294768704970018, -15.13619999998369892 ) ) ;
#345 = LINE ( 'NONE', #473, #4633 ) ;
#346 = VERTEX_POINT ( 'NONE', #134 ) ;
#347 = CIRCLE ( 'NONE', #4794, 3.251200000000002532 ) ;
#348 = ORIENTED_EDGE ( 'NONE', *, *, #2895, .F. ) ;
#349 = DIRECTION ( 'NONE',  ( 1.000000000000000000, 0.000000000000000000, 0.000000000000000000 ) ) ;
#350 = ORIENTED_EDGE ( 'NONE', *, *, #2639, .F. ) ;
#351 = CARTESIAN_POINT ( 'NONE',  ( 0.5000000000000004441, 48.10149476870488883, -26.75499999999983558 ) ) ;
#352 = VERTEX_POINT ( 'NONE', #1552 ) ;
#353 = ADVANCED_FACE ( 'NONE', ( #1618 ), #820, .F. ) ;
#354 = CARTESIAN_POINT ( 'NONE',  ( 2.751199999999998536, 52.35029476870499821, 36.82999999999999829 ) ) ;
#355 = ORIENTED_EDGE ( 'NONE', *, *, #6299, .T. ) ;
#356 = CARTESIAN_POINT ( 'NONE',  ( 10.16000000000000014, -8.994361398043880129, -23.65299999999444935 ) ) ;
#357 = ORIENTED_EDGE ( 'NONE', *, *, #4677, .F. ) ;
#358 = CARTESIAN_POINT ( 'NONE',  ( 3.227552529384987157, 7.544984743269977479, 21.97592426671004517 ) ) ;
#359 = B_SPLINE_CURVE_WITH_KNOTS ( 'NONE', 1,
 ( #2927, #2857 ),
 .UNSPECIFIED., .F., .F.,
 ( 2, 2 ),
 ( 0.000000000000000000, 1.000000000000000000 ),
 .UNSPECIFIED. ) ;
#360 = CARTESIAN_POINT ( 'NONE',  ( 7.951199999999901458, 17.10149476870488527, -28.32999999999983487 ) ) ;
#361 = ADVANCED_FACE ( 'NONE', ( #101 ), #4512, .T. ) ;
#362 = CARTESIAN_POINT ( 'NONE',  ( 7.951199999999892576, 48.10149476870488883, 32.67000000000017934 ) ) ;
#363 = DIRECTION ( 'NONE',  ( -1.000000000000000000, -0.000000000000000000, -0.000000000000000000 ) ) ;
#364 = ORIENTED_EDGE ( 'NONE', *, *, #470, .F. ) ;
#365 = DIRECTION ( 'NONE',  ( -1.000000000000000000, -0.000000000000000000, -0.000000000000000000 ) ) ;
#366 = VECTOR ( 'NONE', #1308, 1000.000000000000114 ) ;
#367 = CARTESIAN_POINT ( 'NONE',  ( 3.278723293882988887, 7.452312944308060239, 21.95061206642132845 ) ) ;
#368 = EDGE_CURVE ( 'NONE', #5605, #3205, #4544, .T. ) ;
#369 = DIRECTION ( 'NONE',  ( 1.000000000000000000, 0.000000000000000000, 0.000000000000000000 ) ) ;
#370 = CARTESIAN_POINT ( 'NONE',  ( 3.617704726668700577, 7.185136132278582721, -23.58329414968753213 ) ) ;
#371 = ORIENTED_EDGE ( 'NONE', *, *, #2519, .T. ) ;
#372 = LINE ( 'NONE', #1828, #5296 ) ;
#373 = ORIENTED_EDGE ( 'NONE', *, *, #817, .F. ) ;
#374 = FACE_OUTER_BOUND ( 'NONE', #995, .T. ) ;
#375 = DIRECTION ( 'NONE',  ( 0.000000000000000000, 0.000000000000000000, 1.000000000000000000 ) ) ;
#376 = EDGE_CURVE ( 'NONE', #1172, #205, #5374, .T. ) ;
#377 = CIRCLE ( 'NONE', #1507, 3.751199999999996315 ) ;
#378 = VERTEX_POINT ( 'NONE', #714 ) ;
#379 = ORIENTED_EDGE ( 'NONE', *, *, #1954, .F. ) ;
#380 = CARTESIAN_POINT ( 'NONE',  ( 3.251200000000000312, 10.38149476870496457, 25.09620000001660145 ) ) ;
#381 = ORIENTED_EDGE ( 'NONE', *, *, #4111, .T. ) ;
#382 = LINE ( 'NONE', #1838, #3535 ) ;
#383 = ORIENTED_EDGE ( 'NONE', *, *, #89, .F. ) ;
#384 = CARTESIAN_POINT ( 'NONE',  ( 2.909423628804776119, 8.161517104089064389, -23.91855046307317423 ) ) ;
#385 = FACE_OUTER_BOUND ( 'NONE', #2257, .T. ) ;
#386 = VERTEX_POINT ( 'NONE', #810 ) ;
#387 = EDGE_CURVE ( 'NONE', #6100, #762, #5679, .T. ) ;
#388 = CARTESIAN_POINT ( 'NONE',  ( 0.5000000000000056621, 9.881494768704968124, -26.78688693560660283 ) ) ;
#389 = ORIENTED_EDGE ( 'NONE', *, *, #5321, .T. ) ;
#390 = CARTESIAN_POINT ( 'NONE',  ( 3.201642490109400274, 7.592750190591967652, 21.99032264960598226 ) ) ;
#391 = DIRECTION ( 'NONE',  ( -0.7071067811865521247, 8.659560562354877391E-17, -0.7071067811865430208 ) ) ;
#392 = TOROIDAL_SURFACE ( 'NONE', #2155, 5.500000000000001776, 2.500000000000000000 ) ;
#393 = DIRECTION ( 'NONE',  ( 0.000000000000000000, 1.000000000000000000, -1.224646799147353207E-16 ) ) ;
#394 = DIRECTION ( 'NONE',  ( 0.000000000000000000, 0.000000000000000000, -1.000000000000000000 ) ) ;
#395 = CARTESIAN_POINT ( 'NONE',  ( 9.652000000000001023, 6.473494768704890490, 19.35580000001660039 ) ) ;
#396 = CONICAL_SURFACE ( 'NONE', #2882, 3.751200000000010082, 0.7853981633974526089 ) ;
#397 = AXIS2_PLACEMENT_3D ( 'NONE', #649, #5484, #1586 ) ;
#398 = EDGE_CURVE ( 'NONE', #656, #21, #296, .T. ) ;
#399 = ORIENTED_EDGE ( 'NONE', *, *, #3593, .T. ) ;
#400 = LINE ( 'NONE', #1859, #2309 ) ;
#401 = CARTESIAN_POINT ( 'NONE',  ( 3.674257157581927391, 6.772408928773816505, 21.84810573911968135 ) ) ;
#402 = CONICAL_SURFACE ( 'NONE', #4011, 2.751200000000009194, 0.7853981633974375098 ) ;
#403 = CONICAL_SURFACE ( 'NONE', #192, 53.04027774584250210, 0.7853981633974500554 ) ;
#404 = CARTESIAN_POINT ( 'NONE',  ( 0.5080000000000000071, -4.334319609266854628E-15, -13.93619999998337988 ) ) ;
#405 = ADVANCED_FACE ( 'NONE', ( #2691 ), #843, .T. ) ;
#406 = CARTESIAN_POINT ( 'NONE',  ( 0.5080000000000000071, 1.814613497994890023, 18.84780000001660127 ) ) ;
#407 = ORIENTED_EDGE ( 'NONE', *, *, #3618, .F. ) ;
#408 = CONICAL_SURFACE ( 'NONE', #1642, 0.007999999999990653476, 0.7853981633974520538 ) ;
#409 = VECTOR ( 'NONE', #4269, 1000.000000000000000 ) ;
#410 = LINE ( 'NONE', #6433, #4376 ) ;
#411 = ORIENTED_EDGE ( 'NONE', *, *, #1151, .F. ) ;
#412 = CARTESIAN_POINT ( 'NONE',  ( 10.16000000000000014, -5.218502871315109815, -21.84204960392045081 ) ) ;
#413 = CARTESIAN_POINT ( 'NONE',  ( 0.5000000000000056621, -5.971622585859059029, 0.000000000000000000 ) ) ;
#414 = ORIENTED_EDGE ( 'NONE', *, *, #785, .F. ) ;
#415 = AXIS2_PLACEMENT_3D ( 'NONE', #100, #4046, #3538 ) ;
#416 = ORIENTED_EDGE ( 'NONE', *, *, #4366, .F. ) ;
#417 = ADVANCED_FACE ( 'NONE', ( #385 ), #2270, .T. ) ;
#418 = DIRECTION ( 'NONE',  ( 0.000000000000000000, 0.000000000000000000, -1.000000000000000000 ) ) ;
#419 = ORIENTED_EDGE ( 'NONE', *, *, #4253, .T. ) ;
#420 = CARTESIAN_POINT ( 'NONE',  ( 9.652000000000001023, 1.306613497994890016, 16.04220000001659940 ) ) ;
#421 = ORIENTED_EDGE ( 'NONE', *, *, #2904, .F. ) ;
#422 = AXIS2_PLACEMENT_3D ( 'NONE', #1603, #3579, #5562 ) ;
#423 = FACE_OUTER_BOUND ( 'NONE', #2610, .T. ) ;
#424 = AXIS2_PLACEMENT_3D ( 'NONE', #5105, #668, #6368 ) ;
#425 = FACE_OUTER_BOUND ( 'NONE', #5159, .T. ) ;
#426 = ORIENTED_EDGE ( 'NONE', *, *, #2247, .F. ) ;
#427 = CARTESIAN_POINT ( 'NONE',  ( 16.73648137423847970, 48.10149476870488883, 26.67000000000017224 ) ) ;
#428 = ORIENTED_EDGE ( 'NONE', *, *, #398, .F. ) ;
#429 = VECTOR ( 'NONE', #2016, 1000.000000000000000 ) ;
#430 = CARTESIAN_POINT ( 'NONE',  ( 3.584756938592730702, 7.557776880929980123, -23.62175081971323820 ) ) ;
#431 = CARTESIAN_POINT ( 'NONE',  ( 5.751199999999999868, 17.10149476870488527, -28.32999999999983487 ) ) ;
#432 = CIRCLE ( 'NONE', #4044, 1.500000000000009992 ) ;
#433 = VERTEX_POINT ( 'NONE', #877 ) ;
#434 = DIRECTION ( 'NONE',  ( 0.000000000000000000, 0.000000000000000000, -1.000000000000000000 ) ) ;
#435 = CARTESIAN_POINT ( 'NONE',  ( 3.722941874245422778, 6.690928179674358489, 21.84547495969621522 ) ) ;
#436 = AXIS2_PLACEMENT_3D ( 'NONE', #733, #3164, #2259 ) ;
#437 = ADVANCED_FACE ( 'NONE', ( #1384 ), #5382, .T. ) ;
#438 = DIRECTION ( 'NONE',  ( 0.000000000000000000, 0.9993507497016869134, -0.03602886441002715184 ) ) ;
#439 = CARTESIAN_POINT ( 'NONE',  ( 0.5080000000000000071, -5.473161398043879800, -20.62284960392049982 ) ) ;
#440 = CARTESIAN_POINT ( 'NONE',  ( 3.597202163048782708, 7.209762302104842924, -23.58770504811271707 ) ) ;
#441 = AXIS2_PLACEMENT_3D ( 'NONE', #4217, #6231, #4181 ) ;
#442 = CARTESIAN_POINT ( 'NONE',  ( 10.16000000000000014, -5.971622585859059029, 0.000000000000000000 ) ) ;
#443 = CARTESIAN_POINT ( 'NONE',  ( 0.5080000000000000071, 0.000000000000000000, 19.35580000001660039 ) ) ;
#444 = DIRECTION ( 'NONE',  ( 0.000000000000000000, 0.000000000000000000, -1.000000000000000000 ) ) ;
#445 = ORIENTED_EDGE ( 'NONE', *, *, #4733, .F. ) ;
#446 = ADVANCED_FACE ( 'NONE', ( #425 ), #1917, .F. ) ;
#447 = AXIS2_PLACEMENT_3D ( 'NONE', #1426, #3414, #6298 ) ;
#448 = ORIENTED_EDGE ( 'NONE', *, *, #6229, .T. ) ;
#449 = CYLINDRICAL_SURFACE ( 'NONE', #6348, 4.572000000000000064 ) ;
#450 = ORIENTED_EDGE ( 'NONE', *, *, #6080, .F. ) ;
#451 = CARTESIAN_POINT ( 'NONE',  ( 10.16000000000000014, -5.473161398043879800, -18.13364960392044978 ) ) ;
#452 = AXIS2_PLACEMENT_3D ( 'NONE', #1125, #605, #1066 ) ;
#453 = ORIENTED_EDGE ( 'NONE', *, *, #950, .T. ) ;
#454 = EDGE_CURVE ( 'NONE', #6039, #1905, #1961, .T. ) ;
#455 = CARTESIAN_POINT ( 'NONE',  ( 3.218176357837163604, 7.684503709109879566, -23.71112830664368687 ) ) ;
#456 = EDGE_LOOP ( 'NONE', ( #6242, #2991, #3375, #896 ) ) ;
#457 = DIRECTION ( 'NONE',  ( -1.000000000000000000, 0.000000000000000000, 0.000000000000000000 ) ) ;
#458 = ORIENTED_EDGE ( 'NONE', *, *, #3082, .F. ) ;
#459 = ADVANCED_FACE ( 'NONE', ( #4472, #2140 ), #2014, .T. ) ;
#460 = CARTESIAN_POINT ( 'NONE',  ( 0.000000000000000000, -6.743161398043880261, -21.84104724382974894 ) ) ;
#461 = DIRECTION ( 'NONE',  ( 0.7071067811865416886, -0.7071067811865533459, 0.000000000000000000 ) ) ;
#462 = VERTEX_POINT ( 'NONE', #6112 ) ;
#463 = CARTESIAN_POINT ( 'NONE',  ( 10.16000000000000014, -1.944586502005110074, -12.46299999998337960 ) ) ;
#464 = CARTESIAN_POINT ( 'NONE',  ( 0.000000000000000000, -4.614219561762243238, -16.63592049772405090 ) ) ;
#465 = LINE ( 'NONE', #3512, #1741 ) ;
#466 = CARTESIAN_POINT ( 'NONE',  ( 0.000000000000000000, 1.814613497994890023, 16.04220000001659940 ) ) ;
#467 = TOROIDAL_SURFACE ( 'NONE', #2029, 5.500000000000001776, 2.500000000000000000 ) ;
#468 = DIRECTION ( 'NONE',  ( 0.000000000000000000, 0.000000000000000000, 1.000000000000000000 ) ) ;
#469 = VERTEX_POINT ( 'NONE', #5511 ) ;
#470 = EDGE_CURVE ( 'NONE', #5247, #5239, #2498, .T. ) ;
#471 = DIRECTION ( 'NONE',  ( -1.000000000000000000, -0.000000000000000000, -0.000000000000000000 ) ) ;
#472 = CARTESIAN_POINT ( 'NONE',  ( 2.751199999999998980, 9.881494768704969900, -26.78688693560660283 ) ) ;
#473 = CARTESIAN_POINT ( 'NONE',  ( 0.5000000000000056621, -3.908200656061839862, -22.90561900837154496 ) ) ;
#474 = ORIENTED_EDGE ( 'NONE', *, *, #6305, .T. ) ;
#475 = AXIS2_PLACEMENT_3D ( 'NONE', #2477, #5002, #2091 ) ;
#476 = CARTESIAN_POINT ( 'NONE',  ( 0.5000000000000004441, 48.10149476870488883, 28.09500000000017650 ) ) ;
#477 = ORIENTED_EDGE ( 'NONE', *, *, #3274, .T. ) ;
#478 = ADVANCED_FACE ( 'NONE', ( #4198 ), #4115, .F. ) ;
#479 = CARTESIAN_POINT ( 'NONE',  ( 0.000000000000000000, 5.981494768704890497, -10.95499999998338048 ) ) ;
#480 = ORIENTED_EDGE ( 'NONE', *, *, #304, .F. ) ;
#481 = AXIS2_PLACEMENT_3D ( 'NONE', #4237, #5205, #4719 ) ;
#482 = ORIENTED_EDGE ( 'NONE', *, *, #4630, .F. ) ;
#483 = ORIENTED_EDGE ( 'NONE', *, *, #4210, .T. ) ;
#484 = EDGE_CURVE ( 'NONE', #5055, #5241, #1733, .T. ) ;
#485 = CARTESIAN_POINT ( 'NONE',  ( 0.5000000000000056621, -2.720422585859060050, 18.59380000001660349 ) ) ;
#486 = EDGE_LOOP ( 'NONE', ( #5425, #6352, #3513, #16 ) ) ;
#487 = CARTESIAN_POINT ( 'NONE',  ( 10.16000000000000014, -8.991808760999189687, -19.49288062344824723 ) ) ;
#488 = DIRECTION ( 'NONE',  ( 0.000000000000000000, 0.000000000000000000, -1.000000000000000000 ) ) ;
#489 = EDGE_CURVE ( 'NONE', #2465, #2262, #5386, .T. ) ;
#490 = ORIENTED_EDGE ( 'NONE', *, *, #1175, .T. ) ;
#491 = LINE ( 'NONE', #5426, #2318 ) ;
#492 = FACE_OUTER_BOUND ( 'NONE', #2943, .T. ) ;
#493 = AXIS2_PLACEMENT_3D ( 'NONE', #5327, #2868, #1864 ) ;
#494 = AXIS2_PLACEMENT_3D ( 'NONE', #975, #2462, #6286 ) ;
#495 = CARTESIAN_POINT ( 'NONE',  ( 5.751199999999999868, 48.10149476870488883, -28.32999999999983487 ) ) ;
#496 = LINE ( 'NONE', #1431, #5905 ) ;
#497 = EDGE_CURVE ( 'NONE', #550, #3829, #2996, .T. ) ;
#498 = DIRECTION ( 'NONE',  ( 1.000000000000000000, -0.000000000000000000, -0.000000000000000000 ) ) ;
#499 = CARTESIAN_POINT ( 'NONE',  ( 0.5000000000000004441, 48.10149476870488883, 28.09500000000017650 ) ) ;
#500 = AXIS2_PLACEMENT_3D ( 'NONE', #77, #4909, #5936 ) ;
#501 = DIRECTION ( 'NONE',  ( 0.000000000000000000, 0.000000000000000000, -1.000000000000000000 ) ) ;
#502 = AXIS2_PLACEMENT_3D ( 'NONE', #2920, #3437, #1948 ) ;
#503 = ORIENTED_EDGE ( 'NONE', *, *, #4973, .F. ) ;
#504 = AXIS2_PLACEMENT_3D ( 'NONE', #3868, #1465, #5900 ) ;
#505 = AXIS2_PLACEMENT_3D ( 'NONE', #69, #6216, #3686 ) ;
#506 = DIRECTION ( 'NONE',  ( 1.000000000000000000, 0.000000000000000000, 0.000000000000000000 ) ) ;
#507 = ORIENTED_EDGE ( 'NONE', *, *, #4610, .F. ) ;
#508 = CARTESIAN_POINT ( 'NONE',  ( 0.5000000000000056621, -3.926503319182129914, -23.41328918922000213 ) ) ;
#509 = ORIENTED_EDGE ( 'NONE', *, *, #3785, .F. ) ;
#510 = CARTESIAN_POINT ( 'NONE',  ( 2.928600268222563141, 8.152251449047279053, 22.22275995841076934 ) ) ;
#511 = AXIS2_PLACEMENT_3D ( 'NONE', #951, #4414, #5450 ) ;
#512 = ADVANCED_FACE ( 'NONE', ( #4736 ), #392, .F. ) ;
#513 = CARTESIAN_POINT ( 'NONE',  ( 3.279999288859563045, 7.602995246867260803, -23.68457825655802651 ) ) ;
#514 = ORIENTED_EDGE ( 'NONE', *, *, #5186, .F. ) ;
#515 = LINE ( 'NONE', #2952, #2401 ) ;
#516 = EDGE_LOOP ( 'NONE', ( #1984, #6406, #4636, #3203 ) ) ;
#517 = CARTESIAN_POINT ( 'NONE',  ( 3.251200000000000312, 9.009748083972171528, -23.88693808080521208 ) ) ;
#518 = CIRCLE ( 'NONE', #3625, 55.47067774584251509 ) ;
#519 = EDGE_CURVE ( 'NONE', #4015, #21, #946, .T. ) ;
#520 = PLANE ( 'NONE',  #3003 ) ;
#521 = ORIENTED_EDGE ( 'NONE', *, *, #806, .F. ) ;
#522 = CONICAL_SURFACE ( 'NONE', #1556, 1.500000000000009992, 0.7853981633974526089 ) ;
#523 = DIRECTION ( 'NONE',  ( -1.000000000000000000, 0.000000000000000000, 0.000000000000000000 ) ) ;
#524 = ORIENTED_EDGE ( 'NONE', *, *, #692, .F. ) ;
#525 = EDGE_CURVE ( 'NONE', #3205, #1385, #1921, .T. ) ;
#526 = VECTOR ( 'NONE', #1131, 1000.000000000000114 ) ;
#527 = DIRECTION ( 'NONE',  ( 0.000000000000000000, 0.000000000000000000, -1.000000000000000000 ) ) ;
#528 = DIRECTION ( 'NONE',  ( 0.000000000000000000, 0.000000000000000000, -1.000000000000000000 ) ) ;
#529 = CARTESIAN_POINT ( 'NONE',  ( 10.16000000000000014, -5.971622585859059029, 18.59380000001660349 ) ) ;
#530 = ORIENTED_EDGE ( 'NONE', *, *, #6385, .F. ) ;
#531 = CARTESIAN_POINT ( 'NONE',  ( 3.672352406059108176, 7.283746325938678545, -23.59013307551424887 ) ) ;
#532 = AXIS2_PLACEMENT_3D ( 'NONE', #1371, #963, #5329 ) ;
#533 = CARTESIAN_POINT ( 'NONE',  ( 10.16000000000000014, -2.720422585859060050, 18.59380000001660349 ) ) ;
#534 = EDGE_LOOP ( 'NONE', ( #4933, #147, #5731, #3222 ) ) ;
#535 = EDGE_CURVE ( 'NONE', #3490, #601, #3233, .T. ) ;
#536 = DIRECTION ( 'NONE',  ( 0.000000000000000000, 0.000000000000000000, -1.000000000000000000 ) ) ;
#537 = VECTOR ( 'NONE', #4775, 1000.000000000000000 ) ;
#538 = CARTESIAN_POINT ( 'NONE',  ( 0.5000000000000056621, -2.009169953978525047, -17.14499999999999957 ) ) ;
#539 = ORIENTED_EDGE ( 'NONE', *, *, #2657, .F. ) ;
#540 = DIRECTION ( 'NONE',  ( 0.000000000000000000, -0.5000000000000003331, 0.8660254037844383745 ) ) ;
#541 = CARTESIAN_POINT ( 'NONE',  ( 0.5080000000000000071, 6.473494768704890490, 15.53420000001659851 ) ) ;
#542 = CIRCLE ( 'NONE', #4158, 5.500000000000001776 ) ;
#543 = DIRECTION ( 'NONE',  ( 1.000000000000000000, 0.000000000000000000, 0.000000000000000000 ) ) ;
#544 = DIRECTION ( 'NONE',  ( 0.000000000000000000, 0.000000000000000000, -1.000000000000000000 ) ) ;
#545 = DIRECTION ( 'NONE',  ( 0.000000000000000000, 0.000000000000000000, -1.000000000000000000 ) ) ;
#546 = CIRCLE ( 'NONE', #447, 0.5080000000000015614 ) ;
#547 = ORIENTED_EDGE ( 'NONE', *, *, #1303, .T. ) ;
#548 = CARTESIAN_POINT ( 'NONE',  ( 3.261545268848548229, 8.952732300468403182, 22.25087071928549065 ) ) ;
#549 = VERTEX_POINT ( 'NONE', #5168 ) ;
#550 = VERTEX_POINT ( 'NONE', #5137 ) ;
#551 = EDGE_CURVE ( 'NONE', #618, #1281, #736, .T. ) ;
#552 = DIRECTION ( 'NONE',  ( 1.000000000000000000, 0.000000000000000000, 0.000000000000000000 ) ) ;
#553 = FACE_OUTER_BOUND ( 'NONE', #4459, .T. ) ;
#554 = ORIENTED_EDGE ( 'NONE', *, *, #6051, .T. ) ;
#555 = CARTESIAN_POINT ( 'NONE',  ( 3.413061012010774498, 7.434152159210930755, -23.63663063877471515 ) ) ;
#556 = EDGE_CURVE ( 'NONE', #352, #2165, #4191, .T. ) ;
#557 = ORIENTED_EDGE ( 'NONE', *, *, #5962, .T. ) ;
#558 = DIRECTION ( 'NONE',  ( -1.000000000000000000, 0.000000000000000000, 0.000000000000000000 ) ) ;
#559 = CARTESIAN_POINT ( 'NONE',  ( 3.471901980369983320, 7.924781794870160212, -23.66543075114890726 ) ) ;
#560 = VERTEX_POINT ( 'NONE', #2650 ) ;
#561 = DIRECTION ( 'NONE',  ( 0.000000000000000000, 0.000000000000000000, -1.000000000000000000 ) ) ;
#562 = DIRECTION ( 'NONE',  ( 0.7071067811865439090, 0.000000000000000000, 0.7071067811865512365 ) ) ;
#563 = VERTEX_POINT ( 'NONE', #1698 ) ;
#564 = CARTESIAN_POINT ( 'NONE',  ( 3.638678022855482030, 7.388143057186777440, -23.60224221413934487 ) ) ;
#565 = EDGE_CURVE ( 'NONE', #3845, #686, #2777, .T. ) ;
#566 = DIRECTION ( 'NONE',  ( -1.000000000000000000, -0.000000000000000000, -0.000000000000000000 ) ) ;
#567 = ORIENTED_EDGE ( 'NONE', *, *, #3545, .T. ) ;
#568 = AXIS2_PLACEMENT_3D ( 'NONE', #3551, #4525, #5594 ) ;
#569 = FACE_OUTER_BOUND ( 'NONE', #3071, .T. ) ;
#570 = VERTEX_POINT ( 'NONE', #4622 ) ;
#571 = FACE_OUTER_BOUND ( 'NONE', #904, .T. ) ;
#572 = ADVANCED_FACE ( 'NONE', ( #5666 ), #1256, .T. ) ;
#573 = CARTESIAN_POINT ( 'NONE',  ( 0.000000000000000000, -5.471622585859048371, 0.000000000000000000 ) ) ;
#574 = VECTOR ( 'NONE', #4673, 1000.000000000000000 ) ;
#575 = DIRECTION ( 'NONE',  ( 0.000000000000000000, 0.000000000000000000, 1.000000000000000000 ) ) ;
#576 = VECTOR ( 'NONE', #1655, 1000.000000000000114 ) ;
#577 = EDGE_LOOP ( 'NONE', ( #5019, #2017, #4787, #5646 ) ) ;
#578 = CARTESIAN_POINT ( 'NONE',  ( 3.480532731693581461, 7.731090743451038527, 21.92812342229611033 ) ) ;
#579 = ORIENTED_EDGE ( 'NONE', *, *, #178, .T. ) ;
#580 = CARTESIAN_POINT ( 'NONE',  ( 3.329036806831914941, 7.538515727078436868, -23.66327382490849374 ) ) ;
#581 = VECTOR ( 'NONE', #1732, 1000.000000000000000 ) ;
#582 = DIRECTION ( 'NONE',  ( 0.000000000000000000, -0.8946433698386402344, -0.4467809763225851216 ) ) ;
#583 = DIRECTION ( 'NONE',  ( 1.000000000000000000, 0.000000000000000000, 0.000000000000000000 ) ) ;
#584 = CARTESIAN_POINT ( 'NONE',  ( 7.951199999999901458, 17.10149476870488527, 29.67000000000017579 ) ) ;
#585 = EDGE_LOOP ( 'NONE', ( #2373, #299, #1518, #1628 ) ) ;
#586 = CARTESIAN_POINT ( 'NONE',  ( 0.5000000000000004441, 17.10149476870488527, 29.67000000000017579 ) ) ;
#587 = ORIENTED_EDGE ( 'NONE', *, *, #376, .F. ) ;
#588 = CARTESIAN_POINT ( 'NONE',  ( 2.873708107518419208, 8.291061070182546899, 22.30114795310785780 ) ) ;
#589 = EDGE_CURVE ( 'NONE', #4816, #4705, #5787, .T. ) ;
#590 = CARTESIAN_POINT ( 'NONE',  ( 3.759199999999999875, 9.881494768704969900, 7.652303224555309771E-16 ) ) ;
#591 = DIRECTION ( 'NONE',  ( 1.000000000000000000, 0.000000000000000000, 0.000000000000000000 ) ) ;
#592 = CARTESIAN_POINT ( 'NONE',  ( 10.16000000000000014, 5.240508746012099373, -16.27649996457205006 ) ) ;
#593 = EDGE_LOOP ( 'NONE', ( #2953, #95, #4040, #5701 ) ) ;
#594 = DIRECTION ( 'NONE',  ( -1.000000000000000000, -0.000000000000000000, -0.000000000000000000 ) ) ;
#595 = EDGE_LOOP ( 'NONE', ( #3237, #5418, #3370 ) ) ;
#596 = DIRECTION ( 'NONE',  ( 0.000000000000000000, 0.000000000000000000, 1.000000000000000000 ) ) ;
#597 = ORIENTED_EDGE ( 'NONE', *, *, #5898, .T. ) ;
#598 = AXIS2_PLACEMENT_3D ( 'NONE', #5416, #5345, #2884 ) ;
#599 = EDGE_CURVE ( 'NONE', #656, #3606, #4533, .T. ) ;
#600 = CYLINDRICAL_SURFACE ( 'NONE', #3828, 0.5079999999999997851 ) ;
#601 = VERTEX_POINT ( 'NONE', #6205 ) ;
#602 = AXIS2_PLACEMENT_3D ( 'NONE', #3261, #3869, #1401 ) ;
#603 = CIRCLE ( 'NONE', #4222, 0.5080000000000004512 ) ;
#604 = PLANE ( 'NONE',  #6365 ) ;
#605 = DIRECTION ( 'NONE',  ( 1.000000000000000000, 0.000000000000000000, 0.000000000000000000 ) ) ;
#606 = AXIS2_PLACEMENT_3D ( 'NONE', #5920, #2885, #4860 ) ;
#607 = ADVANCED_FACE ( 'NONE', ( #4232 ), #3710, .F. ) ;
#608 = FACE_OUTER_BOUND ( 'NONE', #291, .T. ) ;
#609 = ORIENTED_EDGE ( 'NONE', *, *, #3927, .T. ) ;
#610 = CARTESIAN_POINT ( 'NONE',  ( 3.560791448429085015, 7.401067857454573407, 21.88523437806260574 ) ) ;
#611 = EDGE_LOOP ( 'NONE', ( #3590, #6327, #3762, #6002 ) ) ;
#612 = CIRCLE ( 'NONE', #2679, 3.251199999999999424 ) ;
#613 = CARTESIAN_POINT ( 'NONE',  ( 0.000000000000000000, 0.000000000000000000, 0.000000000000000000 ) ) ;
#614 = EDGE_CURVE ( 'NONE', #4816, #5301, #1012, .T. ) ;
#615 = AXIS2_PLACEMENT_3D ( 'NONE', #4989, #543, #2527 ) ;
#616 = CARTESIAN_POINT ( 'NONE',  ( 0.5000000000000056621, -6.743161398043880261, -21.84104724382974894 ) ) ;
#617 = CYLINDRICAL_SURFACE ( 'NONE', #5473, 0.5080000000000015614 ) ;
#618 = VERTEX_POINT ( 'NONE', #798 ) ;
#619 = CARTESIAN_POINT ( 'NONE',  ( 0.5000000000000004441, 48.10149476870488883, -29.90499999999983416 ) ) ;
#620 = EDGE_LOOP ( 'NONE', ( #6354, #3555 ) ) ;
#621 = AXIS2_PLACEMENT_3D ( 'NONE', #3997, #996, #5072 ) ;
#622 = CARTESIAN_POINT ( 'NONE',  ( 7.951199999999901458, 48.10149476870488883, 29.67000000000017579 ) ) ;
#623 = CARTESIAN_POINT ( 'NONE',  ( 0.5080000000000000071, 5.614294768704970018, -15.13619999998369892 ) ) ;
#624 = AXIS2_PLACEMENT_3D ( 'NONE', #5459, #1020, #15 ) ;
#625 = ORIENTED_EDGE ( 'NONE', *, *, #535, .T. ) ;
#626 = DIRECTION ( 'NONE',  ( -1.000000000000000000, -0.000000000000000000, -0.000000000000000000 ) ) ;
#627 = ORIENTED_EDGE ( 'NONE', *, *, #3144, .F. ) ;
#628 = CARTESIAN_POINT ( 'NONE',  ( 7.951199999999892576, 17.10149476870488527, -28.32999999999983487 ) ) ;
#629 = EDGE_CURVE ( 'NONE', #3541, #2465, #4748, .T. ) ;
#630 = ORIENTED_EDGE ( 'NONE', *, *, #3537, .T. ) ;
#631 = VECTOR ( 'NONE', #1983, 1000.000000000000000 ) ;
#632 = DIRECTION ( 'NONE',  ( 0.000000000000000000, 0.000000000000000000, 1.000000000000000000 ) ) ;
#633 = ORIENTED_EDGE ( 'NONE', *, *, #2582, .T. ) ;
#634 = AXIS2_PLACEMENT_3D ( 'NONE', #1639, #4500, #3045 ) ;
#635 = FACE_OUTER_BOUND ( 'NONE', #5561, .T. ) ;
#636 = DIRECTION ( 'NONE',  ( 0.000000000000000000, 0.000000000000000000, 1.000000000000000000 ) ) ;
#637 = EDGE_CURVE ( 'NONE', #3675, #1570, #6023, .T. ) ;
#638 = CONICAL_SURFACE ( 'NONE', #4490, 0.007999999999988918753, 0.7853981633974537191 ) ;
#639 = CARTESIAN_POINT ( 'NONE',  ( 2.751199999999998536, 52.35029476870499821, -33.57880000000000109 ) ) ;
#640 = DIRECTION ( 'NONE',  ( 0.000000000000000000, 1.000000000000000000, 3.035386659626960118E-16 ) ) ;
#641 = DIRECTION ( 'NONE',  ( 0.000000000000000000, 0.000000000000000000, -1.000000000000000000 ) ) ;
#642 = EDGE_LOOP ( 'NONE', ( #3276, #2037, #1583, #4442 ) ) ;
#643 = CARTESIAN_POINT ( 'NONE',  ( 3.501524809413025352, 7.643029293480163133, 21.91518726331176481 ) ) ;
#644 = ORIENTED_EDGE ( 'NONE', *, *, #3057, .T. ) ;
#645 = VECTOR ( 'NONE', #726, 1000.000000000000000 ) ;
#646 = EDGE_CURVE ( 'NONE', #1690, #1262, #716, .T. ) ;
#647 = CARTESIAN_POINT ( 'NONE',  ( 0.5080000000000000071, 7.489494768704889616, 0.000000000000000000 ) ) ;
#648 = CIRCLE ( 'NONE', #6163, 1.574999999999999956 ) ;
#649 = CARTESIAN_POINT ( 'NONE',  ( 0.5080000000000000071, -5.473161398043879800, -19.63224960392044949 ) ) ;
#650 = CARTESIAN_POINT ( 'NONE',  ( 10.16000000000000014, -2.452586502005110081, -14.69819999998339988 ) ) ;
#651 = DIRECTION ( 'NONE',  ( -1.000000000000000000, 0.000000000000000000, 0.000000000000000000 ) ) ;
#652 = CYLINDRICAL_SURFACE ( 'NONE', #1647, 3.251199999999999424 ) ;
#653 = EDGE_LOOP ( 'NONE', ( #348, #2669, #1500, #1684, #1957, #2390 ) ) ;
#654 = DIRECTION ( 'NONE',  ( 0.000000000000000000, 1.000000000000000000, -5.637321366148860355E-16 ) ) ;
#655 = EDGE_CURVE ( 'NONE', #1117, #2747, #1673, .T. ) ;
#656 = VERTEX_POINT ( 'NONE', #932 ) ;
#657 = AXIS2_PLACEMENT_3D ( 'NONE', #5703, #5167, #831 ) ;
#658 = DIRECTION ( 'NONE',  ( 0.000000000000000000, -1.000000000000000000, 5.637321366148860355E-16 ) ) ;
#659 = LINE ( 'NONE', #6034, #4857 ) ;
#660 = DIRECTION ( 'NONE',  ( 1.000000000000000000, 0.000000000000000000, 0.000000000000000000 ) ) ;
#661 = CARTESIAN_POINT ( 'NONE',  ( 7.951199999999901458, 48.10149476870488883, 29.67000000000017579 ) ) ;
#662 = ORIENTED_EDGE ( 'NONE', *, *, #6332, .F. ) ;
#663 = CARTESIAN_POINT ( 'NONE',  ( 9.652000000000001023, 6.981494768704890497, 16.04220000001659940 ) ) ;
#664 = ORIENTED_EDGE ( 'NONE', *, *, #729, .T. ) ;
#665 = CARTESIAN_POINT ( 'NONE',  ( 0.000000000000000000, 48.10149476870488883, -26.25499999999984269 ) ) ;
#666 = ORIENTED_EDGE ( 'NONE', *, *, #1667, .T. ) ;
#667 = ADVANCED_FACE ( 'NONE', ( #1374 ), #1830, .T. ) ;
#668 = DIRECTION ( 'NONE',  ( 1.000000000000000000, 0.000000000000000000, 0.000000000000000000 ) ) ;
#669 = ORIENTED_EDGE ( 'NONE', *, *, #4292, .T. ) ;
#670 = LINE ( 'NONE', #6013, #2506 ) ;
#671 = DIRECTION ( 'NONE',  ( -1.000000000000000000, 0.000000000000000000, 0.000000000000000000 ) ) ;
#672 = DIRECTION ( 'NONE',  ( 0.000000000000000000, 0.000000000000000000, -1.000000000000000000 ) ) ;
#673 = EDGE_CURVE ( 'NONE', #1015, #4828, #5871, .T. ) ;
#674 = CARTESIAN_POINT ( 'NONE',  ( 0.000000000000000000, 7.489494768704889616, 0.000000000000000000 ) ) ;
#675 = VERTEX_POINT ( 'NONE', #898 ) ;
#676 = CARTESIAN_POINT ( 'NONE',  ( 3.490711920421438297, 7.688256446558311197, 21.92172935143869239 ) ) ;
#677 = CIRCLE ( 'NONE', #5982, 0.5080000000000015614 ) ;
#678 = ORIENTED_EDGE ( 'NONE', *, *, #2895, .T. ) ;
#679 = PLANE ( 'NONE',  #3584 ) ;
#680 = AXIS2_PLACEMENT_3D ( 'NONE', #6397, #5395, #1898 ) ;
#681 = EDGE_CURVE ( 'NONE', #4607, #3284, #5839, .T. ) ;
#682 = FACE_OUTER_BOUND ( 'NONE', #5536, .T. ) ;
#683 = DIRECTION ( 'NONE',  ( 0.000000000000000000, -1.000000000000000000, 0.000000000000000000 ) ) ;
#684 = ORIENTED_EDGE ( 'NONE', *, *, #294, .T. ) ;
#685 = CARTESIAN_POINT ( 'NONE',  ( 0.5000000000000056621, -5.971622585859059029, 18.59380000001660349 ) ) ;
#686 = VERTEX_POINT ( 'NONE', #6405 ) ;
#687 = VECTOR ( 'NONE', #5670, 1000.000000000000000 ) ;
#688 = CARTESIAN_POINT ( 'NONE',  ( 10.16000000000000014, -3.926503319182135243, -24.14499999999445023 ) ) ;
#689 = CIRCLE ( 'NONE', #2763, 2.699999999999980194 ) ;
#690 = ADVANCED_FACE ( 'NONE', ( #4330 ), #1473, .F. ) ;
#691 = CARTESIAN_POINT ( 'NONE',  ( 10.16000000000000014, 6.473494768704890490, 16.04220000001659940 ) ) ;
#692 = EDGE_CURVE ( 'NONE', #2886, #2499, #3394, .T. ) ;
#693 = CARTESIAN_POINT ( 'NONE',  ( 5.751199999999999868, 48.10149476870488883, -28.32999999999983487 ) ) ;
#694 = ORIENTED_EDGE ( 'NONE', *, *, #3775, .T. ) ;
#695 = CARTESIAN_POINT ( 'NONE',  ( 10.16000000000000014, 9.373494768704970781, -22.65469112495100035 ) ) ;
#696 = CARTESIAN_POINT ( 'NONE',  ( 0.5000000000000056621, -9.994361398043869471, -23.65299999999444935 ) ) ;
#697 = ORIENTED_EDGE ( 'NONE', *, *, #3274, .F. ) ;
#698 = DIRECTION ( 'NONE',  ( -1.000000000000000000, 0.000000000000000000, 0.000000000000000000 ) ) ;
#699 = EDGE_CURVE ( 'NONE', #2772, #5723, #345, .T. ) ;
#700 = CARTESIAN_POINT ( 'NONE',  ( 0.5000000000000056621, -9.994361398043869471, -23.65299999999444935 ) ) ;
#701 = ORIENTED_EDGE ( 'NONE', *, *, #5277, .F. ) ;
#702 = DIRECTION ( 'NONE',  ( 0.000000000000000000, 0.000000000000000000, -1.000000000000000000 ) ) ;
#703 = AXIS2_PLACEMENT_3D ( 'NONE', #3256, #3766, #6296 ) ;
#704 = CARTESIAN_POINT ( 'NONE',  ( 0.000000000000000000, -1.944586502005110074, -12.46299999998337960 ) ) ;
#705 = VECTOR ( 'NONE', #893, 1000.000000000000000 ) ;
#706 = ORIENTED_EDGE ( 'NONE', *, *, #6080, .T. ) ;
#707 = CARTESIAN_POINT ( 'NONE',  ( 0.000000000000000000, 7.489494768704889616, 16.04220000001659940 ) ) ;
#708 = VERTEX_POINT ( 'NONE', #3332 ) ;
#709 = CARTESIAN_POINT ( 'NONE',  ( 0.000000000000000000, -3.926503319182129914, -23.41328918922000213 ) ) ;
#710 = AXIS2_PLACEMENT_3D ( 'NONE', #323, #5212, #5718 ) ;
#711 = EDGE_CURVE ( 'NONE', #1905, #6039, #1028, .T. ) ;
#712 = DIRECTION ( 'NONE',  ( 0.000000000000000000, 1.134814917820289949E-16, -1.000000000000000000 ) ) ;
#713 = CARTESIAN_POINT ( 'NONE',  ( 10.16000000000000014, 5.981494768704890497, 12.04500000001662130 ) ) ;
#714 = CARTESIAN_POINT ( 'NONE',  ( 0.000000000000000000, -5.254819966640412510, -23.35739515961976309 ) ) ;
#715 = VECTOR ( 'NONE', #3479, 1000.000000000000000 ) ;
#716 = CIRCLE ( 'NONE', #182, 2.751200000000002088 ) ;
#717 = DIRECTION ( 'NONE',  ( 1.000000000000000000, 0.000000000000000000, 0.000000000000000000 ) ) ;
#718 = VERTEX_POINT ( 'NONE', #5369 ) ;
#719 = LINE ( 'NONE', #1137, #4585 ) ;
#720 = DIRECTION ( 'NONE',  ( 0.000000000000000000, 5.637321366148860355E-16, 1.000000000000000000 ) ) ;
#721 = ADVANCED_FACE ( 'NONE', ( #4784 ), #2394, .T. ) ;
#722 = CARTESIAN_POINT ( 'NONE',  ( 3.251200000000000312, 9.009748083972173305, -23.88693808080521563 ) ) ;
#723 = DIRECTION ( 'NONE',  ( 1.000000000000000000, -0.000000000000000000, -0.000000000000000000 ) ) ;
#724 = EDGE_LOOP ( 'NONE', ( #6232, #2046, #1031, #4331 ) ) ;
#725 = VECTOR ( 'NONE', #3336, 1000.000000000000000 ) ;
#726 = DIRECTION ( 'NONE',  ( 0.6456248584774239019, 0.4078444363136564665, -0.6456248584774306742 ) ) ;
#727 = ORIENTED_EDGE ( 'NONE', *, *, #6391, .T. ) ;
#728 = FACE_OUTER_BOUND ( 'NONE', #219, .T. ) ;
#729 = EDGE_CURVE ( 'NONE', #1623, #1480, #2842, .T. ) ;
#730 = CIRCLE ( 'NONE', #6134, 5.500000000000001776 ) ;
#731 = CARTESIAN_POINT ( 'NONE',  ( 0.000000000000000000, 10.38149476870498056, -26.78688693560660283 ) ) ;
#732 = ORIENTED_EDGE ( 'NONE', *, *, #2152, .F. ) ;
#733 = CARTESIAN_POINT ( 'NONE',  ( 3.251200000000000312, 13.13269476870496177, -33.57880000000000109 ) ) ;
#734 = CIRCLE ( 'NONE', #3325, 3.251199999999999424 ) ;
#735 = DIRECTION ( 'NONE',  ( 1.000000000000000000, 0.000000000000000000, 0.000000000000000000 ) ) ;
#736 = LINE ( 'NONE', #3743, #2680 ) ;
#737 = EDGE_CURVE ( 'NONE', #560, #4370, #3427, .T. ) ;
#738 = AXIS2_PLACEMENT_3D ( 'NONE', #5240, #1261, #2268 ) ;
#739 = DIRECTION ( 'NONE',  ( 0.000000000000000000, 0.000000000000000000, 1.000000000000000000 ) ) ;
#740 = ORIENTED_EDGE ( 'NONE', *, *, #3092, .F. ) ;
#741 = CYLINDRICAL_SURFACE ( 'NONE', #481, 3.251199999999999424 ) ;
#742 = ORIENTED_EDGE ( 'NONE', *, *, #2966, .T. ) ;
#743 = PLANE ( 'NONE',  #3330 ) ;
#744 = ORIENTED_EDGE ( 'NONE', *, *, #614, .T. ) ;
#745 = CIRCLE ( 'NONE', #331, 1.015999999999999570 ) ;
#746 = FACE_BOUND ( 'NONE', #1237, .T. ) ;
#747 = AXIS2_PLACEMENT_3D ( 'NONE', #2968, #2873, #501 ) ;
#748 = CARTESIAN_POINT ( 'NONE',  ( 0.5080000000000000071, 6.473494768704890490, 18.84780000001660127 ) ) ;
#749 = AXIS2_PLACEMENT_3D ( 'NONE', #1058, #594, #49 ) ;
#750 = VERTEX_POINT ( 'NONE', #965 ) ;
#751 = CARTESIAN_POINT ( 'NONE',  ( 8.251199999999903056, 48.10149476870488883, -28.32999999999983487 ) ) ;
#752 = EDGE_CURVE ( 'NONE', #1767, #2157, #1725, .T. ) ;
#753 = CARTESIAN_POINT ( 'NONE',  ( 10.16000000000000014, 0.9359217687046109679, -30.68124960392044898 ) ) ;
#754 = ORIENTED_EDGE ( 'NONE', *, *, #119, .F. ) ;
#755 = DIRECTION ( 'NONE',  ( -1.000000000000000000, 0.000000000000000000, 0.000000000000000000 ) ) ;
#756 = ORIENTED_EDGE ( 'NONE', *, *, #2367, .F. ) ;
#757 = CARTESIAN_POINT ( 'NONE',  ( 10.16000000000000014, -9.302934405672150575, 4.424998755791154537 ) ) ;
#758 = AXIS2_PLACEMENT_3D ( 'NONE', #5358, #3356, #3865 ) ;
#759 = CARTESIAN_POINT ( 'NONE',  ( 10.16000000000000014, -3.926503319182135243, -24.14499999999445023 ) ) ;
#760 = CARTESIAN_POINT ( 'NONE',  ( 0.5000000000000056621, 23.78149476870569856, 31.39999999999335145 ) ) ;
#761 = ADVANCED_FACE ( 'NONE', ( #1970 ), #5269, .F. ) ;
#762 = VERTEX_POINT ( 'NONE', #3843 ) ;
#763 = LINE ( 'NONE', #3671, #5095 ) ;
#764 = ORIENTED_EDGE ( 'NONE', *, *, #3820, .T. ) ;
#765 = CARTESIAN_POINT ( 'NONE',  ( 9.652000000000001023, 2.065286086174685121, -13.93619999998337988 ) ) ;
#766 = LINE ( 'NONE', #31, #4637 ) ;
#767 = EDGE_CURVE ( 'NONE', #158, #1858, #1198, .T. ) ;
#768 = DIRECTION ( 'NONE',  ( 0.000000000000000000, 0.000000000000000000, -1.000000000000000000 ) ) ;
#769 = VERTEX_POINT ( 'NONE', #6215 ) ;
#770 = DIRECTION ( 'NONE',  ( 0.000000000000000000, 0.000000000000000000, -1.000000000000000000 ) ) ;
#771 = PLANE ( 'NONE',  #657 ) ;
#772 = DIRECTION ( 'NONE',  ( 0.7071067811865504593, -0.02547625434278075890, -0.7066476918979200939 ) ) ;
#773 = EDGE_CURVE ( 'NONE', #1664, #462, #2690, .T. ) ;
#774 = CARTESIAN_POINT ( 'NONE',  ( 0.5000000000000056621, -5.218502871315109815, -21.84204960392045081 ) ) ;
#775 = VERTEX_POINT ( 'NONE', #778 ) ;
#776 = DIRECTION ( 'NONE',  ( 0.000000000000000000, 0.000000000000000000, 1.000000000000000000 ) ) ;
#777 = DIRECTION ( 'NONE',  ( 0.000000000000000000, 1.000000000000000000, 3.035386659626960118E-16 ) ) ;
#778 = CARTESIAN_POINT ( 'NONE',  ( 3.251200000000000312, 9.373494768704960123, 22.35300000001660337 ) ) ;
#779 = AXIS2_PLACEMENT_3D ( 'NONE', #6270, #1183, #6198 ) ;
#780 = CARTESIAN_POINT ( 'NONE',  ( 0.000000000000000000, 4.808338672514605783, -20.72499819984043512 ) ) ;
#781 = DIRECTION ( 'NONE',  ( 0.000000000000000000, -1.000000000000000000, 0.000000000000000000 ) ) ;
#782 = ORIENTED_EDGE ( 'NONE', *, *, #5153, .F. ) ;
#783 = CARTESIAN_POINT ( 'NONE',  ( 3.528764239862920427, 7.017161981576292007, 21.86664821261274128 ) ) ;
#784 = CARTESIAN_POINT ( 'NONE',  ( 3.759199999999999875, 10.38949476870496014, 8.045702212164499784E-16 ) ) ;
#785 = EDGE_CURVE ( 'NONE', #2104, #2728, #4172, .T. ) ;
#786 = AXIS2_PLACEMENT_3D ( 'NONE', #688, #4640, #201 ) ;
#787 = ORIENTED_EDGE ( 'NONE', *, *, #5442, .T. ) ;
#788 = CARTESIAN_POINT ( 'NONE',  ( 0.5000000000000004441, 17.10149476870488527, 29.67000000000017579 ) ) ;
#789 = DIRECTION ( 'NONE',  ( 1.000000000000000000, 0.000000000000000000, 0.000000000000000000 ) ) ;
#790 = ADVANCED_FACE ( 'NONE', ( #5716 ), #5145, .T. ) ;
#791 = AXIS2_PLACEMENT_3D ( 'NONE', #460, #4252, #2796 ) ;
#792 = CARTESIAN_POINT ( 'NONE',  ( 3.251200000000000312, 55.60149476870499541, 36.82999999999999829 ) ) ;
#793 = FACE_OUTER_BOUND ( 'NONE', #4924, .T. ) ;
#794 = ORIENTED_EDGE ( 'NONE', *, *, #1682, .T. ) ;
#795 = CARTESIAN_POINT ( 'NONE',  ( 9.652000000000001023, 5.082272663072159524, -16.75922694958099868 ) ) ;
#796 = ORIENTED_EDGE ( 'NONE', *, *, #3468, .F. ) ;
#797 = DIRECTION ( 'NONE',  ( -1.000000000000000000, 0.000000000000000000, 0.000000000000000000 ) ) ;
#798 = CARTESIAN_POINT ( 'NONE',  ( 0.5000000000000056621, -3.418503319182129907, -24.14499999999445023 ) ) ;
#799 = ORIENTED_EDGE ( 'NONE', *, *, #2000, .F. ) ;
#800 = EDGE_CURVE ( 'NONE', #4960, #1275, #1519, .T. ) ;
#801 = ORIENTED_EDGE ( 'NONE', *, *, #2831, .F. ) ;
#802 = DIRECTION ( 'NONE',  ( 0.000000000000000000, -8.537024980200825762E-16, -1.000000000000000000 ) ) ;
#803 = EDGE_LOOP ( 'NONE', ( #5971, #281, #3355, #2719 ) ) ;
#804 = PLANE ( 'NONE',  #6142 ) ;
#805 = ORIENTED_EDGE ( 'NONE', *, *, #5305, .F. ) ;
#806 = EDGE_CURVE ( 'NONE', #2499, #1414, #321, .T. ) ;
#807 = DIRECTION ( 'NONE',  ( 0.000000000000000000, 1.000000000000000000, 0.000000000000000000 ) ) ;
#808 = VECTOR ( 'NONE', #5539, 1000.000000000000000 ) ;
#809 = DIRECTION ( 'NONE',  ( 0.000000000000000000, 0.000000000000000000, -1.000000000000000000 ) ) ;
#810 = CARTESIAN_POINT ( 'NONE',  ( 0.000000000000000000, 52.35029476870499821, 36.32999999999999119 ) ) ;
#811 = DIRECTION ( 'NONE',  ( 0.000000000000000000, 7.744074559236129516E-17, -1.000000000000000000 ) ) ;
#812 = DIRECTION ( 'NONE',  ( 0.000000000000000000, 0.000000000000000000, -1.000000000000000000 ) ) ;
#813 = ORIENTED_EDGE ( 'NONE', *, *, #1201, .T. ) ;
#814 = CONICAL_SURFACE ( 'NONE', #1429, 2.751200000000002088, 0.7853981633974445042 ) ;
#815 = CARTESIAN_POINT ( 'NONE',  ( 3.381601086422497016, 8.174275271835909962, 22.01153095775667623 ) ) ;
#816 = CARTESIAN_POINT ( 'NONE',  ( 5.751199999999999868, 17.10149476870488527, 29.67000000000017579 ) ) ;
#817 = EDGE_CURVE ( 'NONE', #2222, #1637, #4244, .T. ) ;
#818 = DIRECTION ( 'NONE',  ( 0.000000000000000000, 0.000000000000000000, 1.000000000000000000 ) ) ;
#819 = VECTOR ( 'NONE', #2346, 1000.000000000000000 ) ;
#820 = CONICAL_SURFACE ( 'NONE', #4954, 1.574999999999999956, 0.7853981633974721488 ) ;
#821 = CARTESIAN_POINT ( 'NONE',  ( 3.759199999999999875, 9.881494768704969900, -22.65469112495100035 ) ) ;
#822 = EDGE_LOOP ( 'NONE', ( #5881, #5460, #254, #1148 ) ) ;
#823 = CARTESIAN_POINT ( 'NONE',  ( 0.000000000000000000, -8.645990699521094669, -19.85400368883663091 ) ) ;
#824 = CIRCLE ( 'NONE', #4652, 0.5080000000000015614 ) ;
#825 = FACE_OUTER_BOUND ( 'NONE', #3693, .T. ) ;
#826 = CIRCLE ( 'NONE', #422, 0.9651999999999993918 ) ;
#827 = CARTESIAN_POINT ( 'NONE',  ( 8.251199999999903056, 17.10149476870488527, -26.45499999999982066 ) ) ;
#828 = DIRECTION ( 'NONE',  ( 0.000000000000000000, 0.000000000000000000, 1.000000000000000000 ) ) ;
#829 = EDGE_CURVE ( 'NONE', #5755, #1248, #1217, .T. ) ;
#830 = CARTESIAN_POINT ( 'NONE',  ( 0.000000000000000000, 52.35029476870499821, 33.57880000000000109 ) ) ;
#831 = DIRECTION ( 'NONE',  ( 0.000000000000000000, 1.000000000000000000, 0.000000000000000000 ) ) ;
#832 = CARTESIAN_POINT ( 'NONE',  ( 3.251200000000000312, 13.13269476870496177, 36.82999999999999829 ) ) ;
#833 = ORIENTED_EDGE ( 'NONE', *, *, #4323, .T. ) ;
#834 = VECTOR ( 'NONE', #47, 1000.000000000000000 ) ;
#835 = EDGE_LOOP ( 'NONE', ( #3264, #4871 ) ) ;
#836 = CARTESIAN_POINT ( 'NONE',  ( 9.652000000000001023, 0.7986134979948900092, 18.84780000001660127 ) ) ;
#837 = ORIENTED_EDGE ( 'NONE', *, *, #2357, .T. ) ;
#838 = CIRCLE ( 'NONE', #424, 1.498599999999999266 ) ;
#839 = ADVANCED_FACE ( 'NONE', ( #5279 ), #3696, .T. ) ;
#840 = DIRECTION ( 'NONE',  ( -1.000000000000000000, 0.000000000000000000, 0.000000000000000000 ) ) ;
#841 = PLANE ( 'NONE',  #6116 ) ;
#842 = CARTESIAN_POINT ( 'NONE',  ( 0.5000000000000056621, 6.630294768704969144, 25.09620000001660145 ) ) ;
#843 = CYLINDRICAL_SURFACE ( 'NONE', #5054, 0.5080000000000015614 ) ;
#844 = ORIENTED_EDGE ( 'NONE', *, *, #3507, .T. ) ;
#845 = EDGE_CURVE ( 'NONE', #947, #4529, #2788, .T. ) ;
#846 = FACE_OUTER_BOUND ( 'NONE', #2585, .T. ) ;
#847 = EDGE_LOOP ( 'NONE', ( #2694, #128, #3105, #6186 ) ) ;
#848 = VECTOR ( 'NONE', #3106, 1000.000000000000114 ) ;
#849 = CARTESIAN_POINT ( 'NONE',  ( 3.270823124099381474, 8.851712188261664949, 22.21181210981323062 ) ) ;
#850 = DIRECTION ( 'NONE',  ( 0.000000000000000000, 0.000000000000000000, -1.000000000000000000 ) ) ;
#851 = CARTESIAN_POINT ( 'NONE',  ( 5.751199999999999868, 17.10149476870488527, 35.17000000000017224 ) ) ;
#852 = CIRCLE ( 'NONE', #4475, 0.007999999999988918753 ) ;
#853 = VECTOR ( 'NONE', #3902, 1000.000000000000000 ) ;
#854 = DIRECTION ( 'NONE',  ( -1.000000000000000000, -0.000000000000000000, -0.000000000000000000 ) ) ;
#855 = PRODUCT ( 'DIN_RAIL-MOUNT FOR-Buck Converter', 'DIN_RAIL-MOUNT FOR-Buck Converter', '', ( #5954 ) ) ;
#856 = EDGE_CURVE ( 'NONE', #4691, #4601, #913, .T. ) ;
#857 = EDGE_LOOP ( 'NONE', ( #4567, #3733, #678, #868 ) ) ;
#858 = LINE ( 'NONE', #2802, #537 ) ;
#859 = AXIS2_PLACEMENT_3D ( 'NONE', #6196, #1718, #5193 ) ;
#860 = CARTESIAN_POINT ( 'NONE',  ( 3.598943134168343772, 6.898865494088792794, 21.85610710504714405 ) ) ;
#861 = AXIS2_PLACEMENT_3D ( 'NONE', #5647, #755, #1205 ) ;
#862 = CARTESIAN_POINT ( 'NONE',  ( 7.951199999999901458, 48.10149476870488883, 28.09500000000017650 ) ) ;
#863 = CARTESIAN_POINT ( 'NONE',  ( 0.5000000000000056621, -3.926503319182135243, -24.65299999999444935 ) ) ;
#864 = CARTESIAN_POINT ( 'NONE',  ( 9.652000000000001023, 5.614294768704970018, -16.33619999998400019 ) ) ;
#865 = ORIENTED_EDGE ( 'NONE', *, *, #646, .F. ) ;
#866 = DIRECTION ( 'NONE',  ( -1.000000000000000000, 0.000000000000000000, 0.000000000000000000 ) ) ;
#867 = CARTESIAN_POINT ( 'NONE',  ( 0.000000000000000000, 0.000000000000000000, -24.15299999999443870 ) ) ;
#868 = ORIENTED_EDGE ( 'NONE', *, *, #3785, .T. ) ;
#869 = VECTOR ( 'NONE', #3709, 1000.000000000000000 ) ;
#870 = EDGE_CURVE ( 'NONE', #549, #3739, #3400, .T. ) ;
#871 = ORIENTED_EDGE ( 'NONE', *, *, #2721, .T. ) ;
#872 = DIRECTION ( 'NONE',  ( -0.7071067811865342501, 0.000000000000000000, 0.7071067811865607844 ) ) ;
#873 = VERTEX_POINT ( 'NONE', #5381 ) ;
#874 = DIRECTION ( 'NONE',  ( 0.000000000000000000, 0.000000000000000000, -1.000000000000000000 ) ) ;
#875 = ADVANCED_FACE ( 'NONE', ( #3343 ), #4108, .T. ) ;
#876 = CARTESIAN_POINT ( 'NONE',  ( 2.795315182793191244, 8.430543267547985664, -24.07951018294135181 ) ) ;
#877 = CARTESIAN_POINT ( 'NONE',  ( 0.000000000000000000, 48.10149476870488883, 31.74500000000016797 ) ) ;
#878 = ORIENTED_EDGE ( 'NONE', *, *, #2274, .T. ) ;
#879 = CARTESIAN_POINT ( 'NONE',  ( 10.16000000000000014, -3.418503319182119693, 1.714189693933714868E-15 ) ) ;
#880 = ORIENTED_EDGE ( 'NONE', *, *, #1809, .F. ) ;
#881 = CARTESIAN_POINT ( 'NONE',  ( 3.614558769352737677, 7.187602986141744310, 21.86511965117679779 ) ) ;
#882 = LINE ( 'NONE', #3316, #5343 ) ;
#883 = B_SPLINE_CURVE_WITH_KNOTS ( 'NONE', 3,
 ( #4568, #1163, #1071, #159, #3622, #548, #4072, #1101, #2564, #5606, #2531, #6148, #1581, #6019, #3113, #6083, #63, #2628, #94, #3077, #4505, #5081, #3533, #2142, #5020, #2078, #4629, #5114, #4042, #189, #578, #676, #2655, #643, #2177, #6054, #5541, #610, #127, #2112, #4137, #3498, #1768, #1290, #4302, #5143, #4200, #1735, #6284, #4663, #3715, #3784, #5709, #4168 ),
 .UNSPECIFIED., .F., .F.,
 ( 4, 2, 1, 2, 2, 2, 1, 2, 2, 1, 1, 2, 2, 1, 1, 2, 2, 2, 1, 2, 2, 2, 1, 1, 2, 2, 2, 1, 1, 1, 2, 2, 4 ),
 ( 0.000000000000000000, 0.06249999999998974431, 0.09374999999998637201, 0.1093749999999846928, 0.1249999999999830136, 0.1874999999999733269, 0.2187499999999691913, 0.2343749999999676925, 0.2499999999999662492, 0.3124999999999623634, 0.3437499999999600320, 0.3593749999999588107, 0.3749999999999575340, 0.4374999999999539257, 0.4687499999999520384, 0.4843749999999516498, 0.4999999999999512612, 0.5624999999999561462, 0.5937499999999579225, 0.6093749999999584777, 0.6249999999999590328, 0.6874999999999600320, 0.7187499999999602540, 0.7343749999999608091, 0.7421874999999608091, 0.7499999999999608091, 0.8124999999999611422, 0.8437499999999619194, 0.8593749999999622524, 0.8671874999999626965, 0.8710937499999633626, 0.8749999999999639178, 1.000000000000000000 ),
 .UNSPECIFIED. ) ;
#884 = DIRECTION ( 'NONE',  ( 1.000000000000000000, 0.000000000000000000, 0.000000000000000000 ) ) ;
#885 = EDGE_CURVE ( 'NONE', #4121, #4743, #5044, .T. ) ;
#886 = DIRECTION ( 'NONE',  ( 0.000000000000000000, 0.000000000000000000, -1.000000000000000000 ) ) ;
#887 = CARTESIAN_POINT ( 'NONE',  ( 3.759199999999999875, 9.373494768704960123, 21.84500000001660069 ) ) ;
#888 = ORIENTED_EDGE ( 'NONE', *, *, #3082, .T. ) ;
#889 = DIRECTION ( 'NONE',  ( 0.000000000000000000, -0.8660254037844384856, -0.5000000000000003331 ) ) ;
#890 = VECTOR ( 'NONE', #6101, 1000.000000000000000 ) ;
#891 = CARTESIAN_POINT ( 'NONE',  ( 3.691245301350485342, 6.743963120336855965, 21.84696112120184353 ) ) ;
#892 = EDGE_CURVE ( 'NONE', #346, #708, #3079, .T. ) ;
#893 = DIRECTION ( 'NONE',  ( 0.000000000000000000, 1.000000000000000000, -3.110115820146109861E-16 ) ) ;
#894 = DIRECTION ( 'NONE',  ( 0.000000000000000000, 0.000000000000000000, -1.000000000000000000 ) ) ;
#895 = DIRECTION ( 'NONE',  ( 0.000000000000000000, 0.000000000000000000, 1.000000000000000000 ) ) ;
#896 = ORIENTED_EDGE ( 'NONE', *, *, #1377, .F. ) ;
#897 = DIRECTION ( 'NONE',  ( -0.7071067811865460184, -0.7071067811865490160, 0.000000000000000000 ) ) ;
#898 = CARTESIAN_POINT ( 'NONE',  ( 0.000000000000000000, 17.10149476870488527, -26.25499999999984269 ) ) ;
#899 = VECTOR ( 'NONE', #2345, 1000.000000000000000 ) ;
#900 = EDGE_LOOP ( 'NONE', ( #5487, #6007, #2150, #5432 ) ) ;
#901 = LINE ( 'NONE', #6281, #2167 ) ;
#902 = ORIENTED_EDGE ( 'NONE', *, *, #993, .F. ) ;
#903 = CARTESIAN_POINT ( 'NONE',  ( 3.759199999999999875, 7.557776880929980123, -24.09886046992674835 ) ) ;
#904 = EDGE_LOOP ( 'NONE', ( #633, #3087, #5014, #111 ) ) ;
#905 = DIRECTION ( 'NONE',  ( -1.000000000000000000, 0.000000000000000000, 0.000000000000000000 ) ) ;
#906 = EDGE_LOOP ( 'NONE', ( #4919, #5595, #5192, #961 ) ) ;
#907 = EDGE_LOOP ( 'NONE', ( #2594, #3937, #756, #3849 ) ) ;
#908 = VERTEX_POINT ( 'NONE', #4597 ) ;
#909 = CARTESIAN_POINT ( 'NONE',  ( 0.000000000000000000, -4.609811911349869895, -16.63459677047481122 ) ) ;
#910 = ORIENTED_EDGE ( 'NONE', *, *, #74, .T. ) ;
#911 = ADVANCED_FACE ( 'NONE', ( #60 ), #5984, .F. ) ;
#912 = DIRECTION ( 'NONE',  ( 1.000000000000000000, 0.000000000000000000, 0.000000000000000000 ) ) ;
#913 = CIRCLE ( 'NONE', #6214, 3.251199999999999424 ) ;
#914 = DIRECTION ( 'NONE',  ( 0.000000000000000000, 0.000000000000000000, -1.000000000000000000 ) ) ;
#915 = CARTESIAN_POINT ( 'NONE',  ( 0.5080000000000000071, -5.473161398043879800, -19.63224960392044949 ) ) ;
#916 = AXIS2_PLACEMENT_3D ( 'NONE', #4002, #5110, #6081 ) ;
#917 = CIRCLE ( 'NONE', #3091, 2.751199999999988322 ) ;
#918 = EDGE_LOOP ( 'NONE', ( #70, #1803, #2403, #880 ) ) ;
#919 = CARTESIAN_POINT ( 'NONE',  ( 10.16000000000000014, 0.7986134979948910084, 16.04220000001659940 ) ) ;
#920 = EDGE_CURVE ( 'NONE', #1782, #274, #2671, .T. ) ;
#921 = CARTESIAN_POINT ( 'NONE',  ( 9.652000000000001023, -5.473161398043879800, -20.62284960392049982 ) ) ;
#922 = AXIS2_PLACEMENT_3D ( 'NONE', #135, #2086, #3540 ) ;
#923 = CIRCLE ( 'NONE', #4012, 1.574999999999999956 ) ;
#924 = CARTESIAN_POINT ( 'NONE',  ( 16.73648137423847970, 48.10149476870488883, -25.32999999999983132 ) ) ;
#925 = LINE ( 'NONE', #4710, #3297 ) ;
#926 = CARTESIAN_POINT ( 'NONE',  ( 9.652000000000001023, 13.65069425659989832, 9.380249238660770317 ) ) ;
#927 = VERTEX_POINT ( 'NONE', #2624 ) ;
#928 = VECTOR ( 'NONE', #3729, 1000.000000000000000 ) ;
#929 = CARTESIAN_POINT ( 'NONE',  ( 0.000000000000000000, 11.17574727550631941, -40.55299999999519400 ) ) ;
#930 = ADVANCED_FACE ( 'NONE', ( #608 ), #396, .F. ) ;
#931 = CARTESIAN_POINT ( 'NONE',  ( 8.251199999999903056, 48.10149476870488883, -28.32999999999983487 ) ) ;
#932 = CARTESIAN_POINT ( 'NONE',  ( 0.5080000000000000071, 6.473494768704890490, 19.35580000001660039 ) ) ;
#933 = EDGE_LOOP ( 'NONE', ( #966, #5217, #4993, #2599 ) ) ;
#934 = CIRCLE ( 'NONE', #2899, 3.251199999999999424 ) ;
#935 = ORIENTED_EDGE ( 'NONE', *, *, #3911, .T. ) ;
#936 = DIRECTION ( 'NONE',  ( -1.000000000000000000, 0.000000000000000000, 0.000000000000000000 ) ) ;
#937 = VERTEX_POINT ( 'NONE', #2589 ) ;
#938 = DIRECTION ( 'NONE',  ( -1.000000000000000000, 0.000000000000000000, 0.000000000000000000 ) ) ;
#939 = EDGE_CURVE ( 'NONE', #1227, #5175, #2775, .T. ) ;
#940 = VERTEX_POINT ( 'NONE', #6017 ) ;
#941 = AXIS2_PLACEMENT_3D ( 'NONE', #1120, #632, #506 ) ;
#942 = VECTOR ( 'NONE', #4492, 1000.000000000000000 ) ;
#943 = CARTESIAN_POINT ( 'NONE',  ( 3.133092687192148063, 7.802099288674210875, -23.75416840702428445 ) ) ;
#944 = ORIENTED_EDGE ( 'NONE', *, *, #3382, .F. ) ;
#945 = CARTESIAN_POINT ( 'NONE',  ( 10.16000000000000014, 5.300326274489510325, -22.99467494742459905 ) ) ;
#946 = LINE ( 'NONE', #2467, #5481 ) ;
#947 = VERTEX_POINT ( 'NONE', #1511 ) ;
#948 = AXIS2_PLACEMENT_3D ( 'NONE', #1810, #1235, #1779 ) ;
#949 = DIRECTION ( 'NONE',  ( 0.7071067811865450192, -0.4890605926559312144, 0.5107051367580249801 ) ) ;
#950 = EDGE_CURVE ( 'NONE', #5548, #5843, #5568, .T. ) ;
#951 = CARTESIAN_POINT ( 'NONE',  ( 9.652000000000001023, 2.065286086174685121, -14.44419999998338078 ) ) ;
#952 = VECTOR ( 'NONE', #6106, 1000.000000000000000 ) ;
#953 = ORIENTED_EDGE ( 'NONE', *, *, #1029, .F. ) ;
#954 = DIRECTION ( 'NONE',  ( 0.000000000000000000, 0.000000000000000000, -1.000000000000000000 ) ) ;
#955 = DIRECTION ( 'NONE',  ( 1.000000000000000000, 0.000000000000000000, 0.000000000000000000 ) ) ;
#956 = CIRCLE ( 'NONE', #6050, 0.4999999999999900080 ) ;
#957 = EDGE_CURVE ( 'NONE', #6183, #1623, #3702, .T. ) ;
#958 = DIRECTION ( 'NONE',  ( -1.000000000000000000, -0.000000000000000000, -0.000000000000000000 ) ) ;
#959 = CYLINDRICAL_SURFACE ( 'NONE', #4332, 0.5080000000000015614 ) ;
#960 = DIRECTION ( 'NONE',  ( 0.000000000000000000, 0.000000000000000000, -1.000000000000000000 ) ) ;
#961 = ORIENTED_EDGE ( 'NONE', *, *, #5550, .F. ) ;
#962 = AXIS2_PLACEMENT_3D ( 'NONE', #5592, #3127, #2931 ) ;
#963 = DIRECTION ( 'NONE',  ( 1.000000000000000000, 0.000000000000000000, 0.000000000000000000 ) ) ;
#964 = CARTESIAN_POINT ( 'NONE',  ( 10.16000000000000014, -2.452586502005110081, -12.46299999998337960 ) ) ;
#965 = CARTESIAN_POINT ( 'NONE',  ( 0.5080000000000000071, 1.814613497994890023, 19.35580000001660039 ) ) ;
#966 = ORIENTED_EDGE ( 'NONE', *, *, #3328, .T. ) ;
#967 = VECTOR ( 'NONE', #2695, 1000.000000000000000 ) ;
#968 = ADVANCED_FACE ( 'NONE', ( #4566 ), #4990, .F. ) ;
#969 = DIRECTION ( 'NONE',  ( 0.5773502691896218453, -0.5773502691896275074, -0.5773502691896279515 ) ) ;
#970 = ORIENTED_EDGE ( 'NONE', *, *, #2657, .T. ) ;
#971 = LINE ( 'NONE', #1479, #3635 ) ;
#972 = VECTOR ( 'NONE', #2776, 1000.000000000000000 ) ;
#973 = ORIENTED_EDGE ( 'NONE', *, *, #525, .F. ) ;
#974 = EDGE_CURVE ( 'NONE', #3321, #2536, #5510, .T. ) ;
#975 = CARTESIAN_POINT ( 'NONE',  ( 0.000000000000000000, 0.9359217687046109679, -30.68124960392044898 ) ) ;
#976 = CARTESIAN_POINT ( 'NONE',  ( 2.756274276058045203, 8.595884054051753154, -24.19635273082889171 ) ) ;
#977 = ORIENTED_EDGE ( 'NONE', *, *, #1105, .T. ) ;
#978 = CARTESIAN_POINT ( 'NONE',  ( 0.000000000000000000, 0.000000000000000000, -17.64500000000001023 ) ) ;
#979 = ORIENTED_EDGE ( 'NONE', *, *, #3494, .F. ) ;
#980 = CARTESIAN_POINT ( 'NONE',  ( 3.329039965141585622, 8.455532390772376061, -23.74387563896929976 ) ) ;
#981 = EDGE_CURVE ( 'NONE', #336, #4052, #1523, .T. ) ;
#982 = DIRECTION ( 'NONE',  ( 0.000000000000000000, 0.000000000000000000, -1.000000000000000000 ) ) ;
#983 = ORIENTED_EDGE ( 'NONE', *, *, #885, .T. ) ;
#984 = FACE_OUTER_BOUND ( 'NONE', #3142, .T. ) ;
#985 = CARTESIAN_POINT ( 'NONE',  ( 3.429104175139058963, 7.187896998074215560, 21.89316844926117511 ) ) ;
#986 = CARTESIAN_POINT ( 'NONE',  ( 0.5000000000000056621, 4.979358361359260243, -20.25515538992685194 ) ) ;
#987 = DIRECTION ( 'NONE',  ( -1.000000000000000000, 0.000000000000000000, 0.000000000000000000 ) ) ;
#988 = AXIS2_PLACEMENT_3D ( 'NONE', #5224, #1665, #210 ) ;
#989 = CARTESIAN_POINT ( 'NONE',  ( 10.16000000000000014, 23.78149476870569856, 31.39999999999335145 ) ) ;
#990 = VERTEX_POINT ( 'NONE', #5017 ) ;
#991 = CARTESIAN_POINT ( 'NONE',  ( 3.680299202034222894, 7.259116309002196843, -23.58727359481341779 ) ) ;
#992 = PLANE ( 'NONE',  #4902 ) ;
#993 = EDGE_CURVE ( 'NONE', #5888, #1858, #3496, .T. ) ;
#994 = EDGE_CURVE ( 'NONE', #1976, #5755, #1578, .T. ) ;
#995 = EDGE_LOOP ( 'NONE', ( #2647, #4645, #5680, #2483 ) ) ;
#996 = DIRECTION ( 'NONE',  ( 0.7071067811865512365, -0.000000000000000000, 0.7071067811865439090 ) ) ;
#997 = ORIENTED_EDGE ( 'NONE', *, *, #5243, .T. ) ;
#998 = CARTESIAN_POINT ( 'NONE',  ( 0.000000000000000000, 6.473494768704890490, 19.86380000001660306 ) ) ;
#999 = AXIS2_PLACEMENT_3D ( 'NONE', #4753, #4272, #6176 ) ;
#1000 = ORIENTED_EDGE ( 'NONE', *, *, #6168, .F. ) ;
#1001 = CARTESIAN_POINT ( 'NONE',  ( 3.531408136139176701, 7.519708557997946130, 21.89868468184377903 ) ) ;
#1002 = ADVANCED_FACE ( 'NONE', ( #157 ), #3075, .T. ) ;
#1003 = AXIS2_PLACEMENT_3D ( 'NONE', #2210, #1133, #4170 ) ;
#1004 = CARTESIAN_POINT ( 'NONE',  ( 2.802189011278906960, 8.409681895659987916, -24.06582970874204719 ) ) ;
#1005 = ORIENTED_EDGE ( 'NONE', *, *, #2595, .F. ) ;
#1006 = DIRECTION ( 'NONE',  ( 0.000000000000000000, 0.000000000000000000, 1.000000000000000000 ) ) ;
#1007 = ORIENTED_EDGE ( 'NONE', *, *, #2673, .T. ) ;
#1008 = EDGE_CURVE ( 'NONE', #5005, #4647, #3807, .T. ) ;
#1009 = CARTESIAN_POINT ( 'NONE',  ( 2.821391902925349360, 8.355102738808316332, -24.03074248195337503 ) ) ;
#1010 = FACE_OUTER_BOUND ( 'NONE', #4218, .T. ) ;
#1011 = ORIENTED_EDGE ( 'NONE', *, *, #4630, .T. ) ;
#1012 = CIRCLE ( 'NONE', #4962, 3.000000000000002665 ) ;
#1013 = DIRECTION ( 'NONE',  ( 0.000000000000000000, -1.000000000000000000, 3.035386659626960118E-16 ) ) ;
#1014 = ADVANCED_FACE ( 'NONE', ( #1607 ), #4735, .F. ) ;
#1015 = VERTEX_POINT ( 'NONE', #4101 ) ;
#1016 = CARTESIAN_POINT ( 'NONE',  ( 2.974247422456512080, 8.048297184526571613, 22.17049421058750625 ) ) ;
#1017 = VECTOR ( 'NONE', #3141, 1000.000000000000000 ) ;
#1018 = CARTESIAN_POINT ( 'NONE',  ( 3.465667418053631099, 7.945843136524976202, -23.66807733001220271 ) ) ;
#1019 = LINE ( 'NONE', #2059, #1023 ) ;
#1020 = DIRECTION ( 'NONE',  ( 1.000000000000000000, 0.000000000000000000, 0.000000000000000000 ) ) ;
#1021 = ORIENTED_EDGE ( 'NONE', *, *, #4356, .F. ) ;
#1022 = CARTESIAN_POINT ( 'NONE',  ( 0.5000000000000052180, 55.60149476870499541, 36.82999999999999829 ) ) ;
#1023 = VECTOR ( 'NONE', #1466, 1000.000000000000000 ) ;
#1024 = DIRECTION ( 'NONE',  ( -1.000000000000000000, 0.000000000000000000, 0.000000000000000000 ) ) ;
#1025 = AXIS2_PLACEMENT_3D ( 'NONE', #760, #6228, #488 ) ;
#1026 = VERTEX_POINT ( 'NONE', #1643 ) ;
#1027 = VECTOR ( 'NONE', #1399, 1000.000000000000000 ) ;
#1028 = CIRCLE ( 'NONE', #4215, 3.000000000000002665 ) ;
#1029 = EDGE_CURVE ( 'NONE', #940, #8, #3619, .T. ) ;
#1030 = DIRECTION ( 'NONE',  ( -1.000000000000000000, 0.000000000000000000, 0.000000000000000000 ) ) ;
#1031 = ORIENTED_EDGE ( 'NONE', *, *, #3462, .T. ) ;
#1032 = DIRECTION ( 'NONE',  ( -1.000000000000000000, 0.000000000000000000, 0.000000000000000000 ) ) ;
#1033 = TOROIDAL_SURFACE ( 'NONE', #3517, 1.498600000000000154, 0.5080000000000000071 ) ;
#1034 = EDGE_CURVE ( 'NONE', #5082, #4917, #766, .T. ) ;
#1035 = DIRECTION ( 'NONE',  ( 0.000000000000000000, 0.000000000000000000, -1.000000000000000000 ) ) ;
#1036 = ORIENTED_EDGE ( 'NONE', *, *, #2823, .F. ) ;
#1037 = VECTOR ( 'NONE', #4788, 1000.000000000000000 ) ;
#1038 = DIRECTION ( 'NONE',  ( 0.000000000000000000, 0.000000000000000000, -1.000000000000000000 ) ) ;
#1039 = ORIENTED_EDGE ( 'NONE', *, *, #5814, .F. ) ;
#1040 = FACE_OUTER_BOUND ( 'NONE', #918, .T. ) ;
#1041 = AXIS2_PLACEMENT_3D ( 'NONE', #4359, #3870, #468 ) ;
#1042 = CARTESIAN_POINT ( 'NONE',  ( 10.16000000000000014, -2.452586502005110081, 17.14499999999999957 ) ) ;
#1043 = EDGE_CURVE ( 'NONE', #3049, #5843, #342, .T. ) ;
#1044 = LINE ( 'NONE', #5023, #1747 ) ;
#1045 = CARTESIAN_POINT ( 'NONE',  ( 10.16000000000000014, -5.218502871315109815, -22.35004960392045348 ) ) ;
#1046 = EDGE_LOOP ( 'NONE', ( #5357, #2095, #5267 ) ) ;
#1047 = AXIS2_PLACEMENT_3D ( 'NONE', #2727, #1267, #812 ) ;
#1048 = DIRECTION ( 'NONE',  ( 0.000000000000000000, 0.000000000000000000, 1.000000000000000000 ) ) ;
#1049 = ORIENTED_EDGE ( 'NONE', *, *, #1186, .F. ) ;
#1050 = CARTESIAN_POINT ( 'NONE',  ( 10.16000000000000014, 0.9359217687046109679, -21.84204960392050054 ) ) ;
#1051 = AXIS2_PLACEMENT_3D ( 'NONE', #709, #1679, #6212 ) ;
#1052 = EDGE_CURVE ( 'NONE', #4848, #3152, #2163, .T. ) ;
#1053 = CARTESIAN_POINT ( 'NONE',  ( 3.365763877519832636, 8.305178582769134010, -23.71840617521688799 ) ) ;
#1054 = VERTEX_POINT ( 'NONE', #4293 ) ;
#1055 = DIRECTION ( 'NONE',  ( 0.000000000000000000, 0.000000000000000000, -1.000000000000000000 ) ) ;
#1056 = FACE_OUTER_BOUND ( 'NONE', #1287, .T. ) ;
#1057 = ORIENTED_EDGE ( 'NONE', *, *, #5639, .T. ) ;
#1058 = CARTESIAN_POINT ( 'NONE',  ( 16.73648137423847970, 48.10149476870488883, 29.67000000000017579 ) ) ;
#1059 = VERTEX_POINT ( 'NONE', #3771 ) ;
#1060 = AXIS2_PLACEMENT_3D ( 'NONE', #1187, #1671, #5135 ) ;
#1061 = ORIENTED_EDGE ( 'NONE', *, *, #1428, .T. ) ;
#1062 = CIRCLE ( 'NONE', #4994, 0.5080000000000015614 ) ;
#1063 = CARTESIAN_POINT ( 'NONE',  ( 7.951199999999901458, 17.10149476870488527, -28.32999999999983487 ) ) ;
#1064 = ORIENTED_EDGE ( 'NONE', *, *, #4692, .F. ) ;
#1065 = DIRECTION ( 'NONE',  ( 0.000000000000000000, -1.000000000000000000, 0.000000000000000000 ) ) ;
#1066 = DIRECTION ( 'NONE',  ( 0.000000000000000000, 0.000000000000000000, -1.000000000000000000 ) ) ;
#1067 = VECTOR ( 'NONE', #1589, 1000.000000000000114 ) ;
#1068 = ADVANCED_FACE ( 'NONE', ( #4741 ), #1728, .T. ) ;
#1069 = DIRECTION ( 'NONE',  ( -1.000000000000000000, 0.000000000000000000, 0.000000000000000000 ) ) ;
#1070 = VERTEX_POINT ( 'NONE', #1335 ) ;
#1071 = CARTESIAN_POINT ( 'NONE',  ( 3.252442237122543656, 9.099476939862597646, 22.31196293980190859 ) ) ;
#1072 = EDGE_LOOP ( 'NONE', ( #4612, #1204 ) ) ;
#1073 = ORIENTED_EDGE ( 'NONE', *, *, #1364, .F. ) ;
#1074 = ADVANCED_FACE ( 'NONE', ( #4806 ), #3837, .F. ) ;
#1075 = DIRECTION ( 'NONE',  ( 1.000000000000000000, 0.000000000000000000, 0.000000000000000000 ) ) ;
#1076 = CARTESIAN_POINT ( 'NONE',  ( 9.652000000000001023, 5.614294768704970018, -13.42819999998338076 ) ) ;
#1077 = CARTESIAN_POINT ( 'NONE',  ( 0.5000000000000056621, -8.994361398043880129, -24.65299999999444935 ) ) ;
#1078 = ORIENTED_EDGE ( 'NONE', *, *, #3500, .F. ) ;
#1079 = DIRECTION ( 'NONE',  ( 0.000000000000000000, 0.000000000000000000, -1.000000000000000000 ) ) ;
#1080 = ORIENTED_EDGE ( 'NONE', *, *, #1656, .F. ) ;
#1081 = CARTESIAN_POINT ( 'NONE',  ( 2.916840712542440262, 8.179873912931883595, 22.23720987682526484 ) ) ;
#1082 = EDGE_CURVE ( 'NONE', #2538, #1918, #1825, .T. ) ;
#1083 = CARTESIAN_POINT ( 'NONE',  ( 0.000000000000000000, 5.810650864895277934, -17.97134345949894296 ) ) ;
#1084 = FACE_OUTER_BOUND ( 'NONE', #6283, .T. ) ;
#1085 = DIRECTION ( 'NONE',  ( -1.000000000000000000, -0.000000000000000000, -0.000000000000000000 ) ) ;
#1086 = ORIENTED_EDGE ( 'NONE', *, *, #4956, .F. ) ;
#1087 = CARTESIAN_POINT ( 'NONE',  ( 3.251200000000000312, 55.10149476870500251, 33.57880000000000109 ) ) ;
#1088 = EDGE_CURVE ( 'NONE', #1070, #5614, #303, .T. ) ;
#1089 = VERTEX_POINT ( 'NONE', #6273 ) ;
#1090 = CIRCLE ( 'NONE', #3570, 0.5079999999999997851 ) ;
#1091 = LINE ( 'NONE', #2972, #3719 ) ;
#1092 = ORIENTED_EDGE ( 'NONE', *, *, #6280, .F. ) ;
#1093 = DIRECTION ( 'NONE',  ( 0.000000000000000000, 0.000000000000000000, 1.000000000000000000 ) ) ;
#1094 = DIRECTION ( 'NONE',  ( 0.000000000000000000, 0.000000000000000000, -1.000000000000000000 ) ) ;
#1095 = ADVANCED_FACE ( 'NONE', ( #5766 ), #5256, .F. ) ;
#1096 = AXIS2_PLACEMENT_3D ( 'NONE', #2447, #1332, #6329 ) ;
#1097 = DIRECTION ( 'NONE',  ( -1.000000000000000000, -0.000000000000000000, -0.000000000000000000 ) ) ;
#1098 = DIRECTION ( 'NONE',  ( 0.6456248584774240129, 0.4078444363136567996, -0.6456248584774301191 ) ) ;
#1099 = TOROIDAL_SURFACE ( 'NONE', #5233, 5.500000000000001776, 2.500000000000000000 ) ;
#1100 = ORIENTED_EDGE ( 'NONE', *, *, #1194, .T. ) ;
#1101 = CARTESIAN_POINT ( 'NONE',  ( 3.265017013392778278, 8.912821785675681951, 22.23523495161467167 ) ) ;
#1102 = ORIENTED_EDGE ( 'NONE', *, *, #950, .F. ) ;
#1103 = LINE ( 'NONE', #5516, #5032 ) ;
#1104 = DIRECTION ( 'NONE',  ( -0.7071067811865439090, 0.000000000000000000, 0.7071067811865512365 ) ) ;
#1105 = EDGE_CURVE ( 'NONE', #6248, #1820, #1368, .T. ) ;
#1106 = ORIENTED_EDGE ( 'NONE', *, *, #800, .F. ) ;
#1107 = CARTESIAN_POINT ( 'NONE',  ( 3.641391209418711306, 7.378491324977892951, -23.60108457879884369 ) ) ;
#1108 = PRODUCT_DEFINITION_FORMATION_WITH_SPECIFIED_SOURCE ( 'ANY', '', #855, .NOT_KNOWN. ) ;
#1109 = EDGE_LOOP ( 'NONE', ( #837, #5959, #3058, #2127, #3792 ) ) ;
#1110 = CARTESIAN_POINT ( 'NONE',  ( 2.761653139503310150, 8.703638533371508501, 22.59173889556641868 ) ) ;
#1111 = CARTESIAN_POINT ( 'NONE',  ( 0.000000000000000000, 7.489494768704889616, 18.84780000001660127 ) ) ;
#1112 = EDGE_CURVE ( 'NONE', #940, #4687, #4322, .T. ) ;
#1113 = ORIENTED_EDGE ( 'NONE', *, *, #5408, .F. ) ;
#1114 = CARTESIAN_POINT ( 'NONE',  ( 7.951199999999892576, 17.10149476870488527, -31.32999999999983842 ) ) ;
#1115 = ORIENTED_EDGE ( 'NONE', *, *, #4510, .F. ) ;
#1116 = CARTESIAN_POINT ( 'NONE',  ( 8.251199999999903056, 48.10149476870488883, 29.67000000000017579 ) ) ;
#1117 = VERTEX_POINT ( 'NONE', #862 ) ;
#1118 = VERTEX_POINT ( 'NONE', #2255 ) ;
#1119 = ADVANCED_FACE ( 'NONE', ( #2838 ), #3294, .F. ) ;
#1120 = CARTESIAN_POINT ( 'NONE',  ( 0.5080000000000000071, 0.7986134979948900092, 18.84780000001660127 ) ) ;
#1121 = ORIENTED_EDGE ( 'NONE', *, *, #699, .F. ) ;
#1122 = AXIS2_PLACEMENT_3D ( 'NONE', #751, #2726, #4698 ) ;
#1123 = CLOSED_SHELL ( 'NONE', ( #2463, #2627, #2218, #6108, #5575, #3956, #1095, #1437, #1309, #5326, #5436, #4988, #1834, #1546, #4129, #3030, #5495, #3293, #4416, #1862, #4517, #2651, #4001, #4075, #667, #2457, #170, #405, #6102, #5753, #1800, #2282, #2746, #1249, #1972, #4995, #1873, #1739, #2608, #1784, #3844, #1314, #5711, #3446, #5734, #1646, #2350, #3652, #2837, #2712, #5194, #1699, #4651, #361, #5486, #4447, #4532, #2588, #5691, #6325, #5447, #5823, #6350, #4438, #572, #790, #2814, #2066, #2115, #2191, #1002, #3736, #4165, #5925, #2954, #4541, #257, #1074, #3660, #2439, #5517, #2696, #340, #4667, #4755, #1421, #968, #6271, #207, #761, #3936, #2471, #3182, #4830, #3022, #4120, #6211, #4403, #2102, #3569, #4236, #199, #2511, #5526, #5039, #6341, #6179, #3634, #2090, #6030, #1415, #3388, #3897, #3583, #2326, #3073, #5627, #4335, #97, #6374, #5558, #5476, #4224, #1992, #2035, #5571, #1510, #721, #2171, #4709, #6364, #1748, #3676, #3697, #5236, #459, #83, #2048, #4430, #4685, #2848, #5094, #1276, #4298, #1503, #437, #6415, #4501, #3759, #2026, #5011, #6202, #4555, #2737, #2999, #3751, #2686, #286, #1515, #4894, #4285, #1706, #5031, #3453, #5469, #3346, #4876, #607, #236, #5176, #6428, #4570, #5003, #4157, #3712, #2974, #3262, #930, #1119, #1398, #163, #4603, #3108, #5795, #1713, #1068, #690, #4095, #2479, #4813, #3193, #446, #5776, #4965, #839, #911, #4793, #3667, #1128, #2041, #478, #1014, #4171, #2769, #5893, #1382, #5859, #512, #875, #353, #417, #2803, #1538, #3090, #1341, #6024 ) ) ;
#1124 = CARTESIAN_POINT ( 'NONE',  ( 10.16000000000000014, -2.683098136928584752E-15, 13.04500000001661952 ) ) ;
#1125 = CARTESIAN_POINT ( 'NONE',  ( 10.16000000000000014, -1.944586502005110074, 13.55300000001662042 ) ) ;
#1126 = AXIS2_PLACEMENT_3D ( 'NONE', #3765, #1304, #2832 ) ;
#1127 = AXIS2_PLACEMENT_3D ( 'NONE', #4896, #1609, #4039 ) ;
#1128 = ADVANCED_FACE ( 'NONE', ( #6333 ), #5567, .T. ) ;
#1129 = DIRECTION ( 'NONE',  ( 1.000000000000000000, 0.000000000000000000, 0.000000000000000000 ) ) ;
#1130 = ORIENTED_EDGE ( 'NONE', *, *, #4111, .F. ) ;
#1131 = DIRECTION ( 'NONE',  ( 0.7071067811865443531, -0.7071067811865506814, 0.000000000000000000 ) ) ;
#1132 = AXIS2_PLACEMENT_3D ( 'NONE', #3320, #854, #3288 ) ;
#1133 = DIRECTION ( 'NONE',  ( -1.000000000000000000, 0.000000000000000000, 0.000000000000000000 ) ) ;
#1134 = CIRCLE ( 'NONE', #6235, 3.251200000000002532 ) ;
#1135 = CARTESIAN_POINT ( 'NONE',  ( 0.000000000000000000, -3.918503319182130795, 1.964911944854898363E-15 ) ) ;
#1136 = EDGE_LOOP ( 'NONE', ( #2430, #4050, #1469, #1445 ) ) ;
#1137 = CARTESIAN_POINT ( 'NONE',  ( 0.5000000000000056621, -3.926503319182135243, -24.65299999999444935 ) ) ;
#1138 = AXIS2_PLACEMENT_3D ( 'NONE', #4742, #6237, #1280 ) ;
#1139 = DIRECTION ( 'NONE',  ( 0.000000000000000000, 8.537024980200825762E-16, -1.000000000000000000 ) ) ;
#1140 = EDGE_CURVE ( 'NONE', #5271, #4856, #4841, .T. ) ;
#1141 = CARTESIAN_POINT ( 'NONE',  ( 0.000000000000000000, 2.065286086174685121, -13.42819999998338076 ) ) ;
#1142 = CIRCLE ( 'NONE', #1981, 1.200000000000315481 ) ;
#1143 = CARTESIAN_POINT ( 'NONE',  ( 10.16000000000000014, -9.994361398043869471, -21.84104724382974894 ) ) ;
#1144 = ORIENTED_EDGE ( 'NONE', *, *, #614, .F. ) ;
#1145 = CARTESIAN_POINT ( 'NONE',  ( 0.5000000000000056621, 6.981494768704890497, 12.04500000001662130 ) ) ;
#1146 = EDGE_LOOP ( 'NONE', ( #5995, #3241, #2520, #3246 ) ) ;
#1147 = LINE ( 'NONE', #1087, #6182 ) ;
#1148 = ORIENTED_EDGE ( 'NONE', *, *, #5968, .F. ) ;
#1149 = CIRCLE ( 'NONE', #3014, 1.574999999999999956 ) ;
#1150 = DIRECTION ( 'NONE',  ( 0.000000000000000000, 0.000000000000000000, 1.000000000000000000 ) ) ;
#1151 = EDGE_CURVE ( 'NONE', #1239, #601, #5367, .T. ) ;
#1152 = DIRECTION ( 'NONE',  ( 0.000000000000000000, 0.000000000000000000, -1.000000000000000000 ) ) ;
#1153 = ORIENTED_EDGE ( 'NONE', *, *, #1105, .F. ) ;
#1154 = CONICAL_SURFACE ( 'NONE', #4777, 3.751200000000010082, 0.7853981633974526089 ) ;
#1155 = DIRECTION ( 'NONE',  ( 0.000000000000000000, -1.000000000000000000, -2.056801944749074694E-16 ) ) ;
#1156 = DIRECTION ( 'NONE',  ( 0.000000000000000000, 0.000000000000000000, -1.000000000000000000 ) ) ;
#1157 = EDGE_CURVE ( 'NONE', #4031, #6248, #2573, .T. ) ;
#1158 = VECTOR ( 'NONE', #1936, 1000.000000000000000 ) ;
#1159 = TOROIDAL_SURFACE ( 'NONE', #4780, 1.708000000000315266, 0.5080000000000000071 ) ;
#1160 = DIRECTION ( 'NONE',  ( -1.000000000000000000, 0.000000000000000000, 0.000000000000000000 ) ) ;
#1161 = DIRECTION ( 'NONE',  ( 0.000000000000000000, 0.000000000000000000, -1.000000000000000000 ) ) ;
#1162 = ORIENTED_EDGE ( 'NONE', *, *, #1476, .F. ) ;
#1163 = CARTESIAN_POINT ( 'NONE',  ( 3.251200000000001200, 9.145265555036768745, 22.33250157303864825 ) ) ;
#1164 = CIRCLE ( 'NONE', #962, 5.499999999999998224 ) ;
#1165 = EDGE_CURVE ( 'NONE', #2843, #3019, #3403, .T. ) ;
#1166 = FACE_OUTER_BOUND ( 'NONE', #2881, .T. ) ;
#1167 = VECTOR ( 'NONE', #2635, 1000.000000000000000 ) ;
#1168 = FACE_OUTER_BOUND ( 'NONE', #4175, .T. ) ;
#1169 = DIRECTION ( 'NONE',  ( -1.000000000000000000, 0.000000000000000000, 0.000000000000000000 ) ) ;
#1170 = ORIENTED_EDGE ( 'NONE', *, *, #1919, .F. ) ;
#1171 = CARTESIAN_POINT ( 'NONE',  ( 0.5080000000000000071, 1.620971776150855082, -15.35789622625775053 ) ) ;
#1172 = VERTEX_POINT ( 'NONE', #827 ) ;
#1173 = VECTOR ( 'NONE', #3267, 1000.000000000000000 ) ;
#1174 = CARTESIAN_POINT ( 'NONE',  ( 10.16000000000000014, 6.473494768704890490, 19.35580000001660039 ) ) ;
#1175 = EDGE_CURVE ( 'NONE', #6064, #1533, #3390, .T. ) ;
#1176 = CYLINDRICAL_SURFACE ( 'NONE', #195, 0.5079999999999997851 ) ;
#1177 = PLANE ( 'NONE',  #5690 ) ;
#1178 = ORIENTED_EDGE ( 'NONE', *, *, #6263, .F. ) ;
#1179 = DIRECTION ( 'NONE',  ( 1.000000000000000000, 0.000000000000000000, 0.000000000000000000 ) ) ;
#1180 = ORIENTED_EDGE ( 'NONE', *, *, #5077, .T. ) ;
#1181 = CYLINDRICAL_SURFACE ( 'NONE', #2204, 3.251199999999999424 ) ;
#1182 = ORIENTED_EDGE ( 'NONE', *, *, #3803, .F. ) ;
#1183 = DIRECTION ( 'NONE',  ( 0.000000000000000000, -1.000000000000000000, 0.000000000000000000 ) ) ;
#1184 = FACE_OUTER_BOUND ( 'NONE', #6147, .T. ) ;
#1185 = ORIENTED_EDGE ( 'NONE', *, *, #2121, .F. ) ;
#1186 = EDGE_CURVE ( 'NONE', #3348, #4382, #925, .T. ) ;
#1187 = CARTESIAN_POINT ( 'NONE',  ( 5.751199999999999868, 17.10149476870488527, 29.67000000000017579 ) ) ;
#1188 = LINE ( 'NONE', #1763, #4590 ) ;
#1189 = DIRECTION ( 'NONE',  ( 0.000000000000000000, 0.000000000000000000, 1.000000000000000000 ) ) ;
#1190 = VERTEX_POINT ( 'NONE', #4938 ) ;
#1191 = ORIENTED_EDGE ( 'NONE', *, *, #2949, .F. ) ;
#1192 = CARTESIAN_POINT ( 'NONE',  ( 7.951199999999892576, 17.10149476870488527, -25.32999999999983132 ) ) ;
#1193 = VERTEX_POINT ( 'NONE', #6399 ) ;
#1194 = EDGE_CURVE ( 'NONE', #1711, #4605, #5050, .T. ) ;
#1195 = DIRECTION ( 'NONE',  ( 1.000000000000000000, 0.000000000000000000, 0.000000000000000000 ) ) ;
#1196 = AXIS2_PLACEMENT_3D ( 'NONE', #5626, #2254, #3190 ) ;
#1197 = DIRECTION ( 'NONE',  ( 0.000000000000000000, -1.000000000000000000, -1.134814917820289949E-16 ) ) ;
#1198 = LINE ( 'NONE', #4306, #3201 ) ;
#1199 = ORIENTED_EDGE ( 'NONE', *, *, #3041, .F. ) ;
#1200 = FACE_OUTER_BOUND ( 'NONE', #40, .T. ) ;
#1201 = EDGE_CURVE ( 'NONE', #1306, #3032, #3456, .T. ) ;
#1202 = DIRECTION ( 'NONE',  ( -1.000000000000000000, 0.000000000000000000, 0.000000000000000000 ) ) ;
#1203 = DIRECTION ( 'NONE',  ( 1.000000000000000000, 0.000000000000000000, 0.000000000000000000 ) ) ;
#1204 = ORIENTED_EDGE ( 'NONE', *, *, #5184, .T. ) ;
#1205 = DIRECTION ( 'NONE',  ( 0.000000000000000000, 0.000000000000000000, -1.000000000000000000 ) ) ;
#1206 = CIRCLE ( 'NONE', #5991, 0.5080000000000015614 ) ;
#1207 = LINE ( 'NONE', #5152, #6302 ) ;
#1208 = EDGE_CURVE ( 'NONE', #176, #1911, #496, .T. ) ;
#1209 = ORIENTED_EDGE ( 'NONE', *, *, #1576, .T. ) ;
#1210 = DIRECTION ( 'NONE',  ( -1.000000000000000000, 0.000000000000000000, 0.000000000000000000 ) ) ;
#1211 = EDGE_LOOP ( 'NONE', ( #4435, #6246, #233, #2024 ) ) ;
#1212 = CARTESIAN_POINT ( 'NONE',  ( 0.000000000000000000, 10.38149476870498056, 33.57880000000000109 ) ) ;
#1213 = CARTESIAN_POINT ( 'NONE',  ( 0.5000000000000056621, -2.452586502005110081, -14.69819999998339988 ) ) ;
#1214 = DIRECTION ( 'NONE',  ( -0.7071067811865439090, 0.7071067811865512365, 0.000000000000000000 ) ) ;
#1215 = ORIENTED_EDGE ( 'NONE', *, *, #1903, .F. ) ;
#1216 = CARTESIAN_POINT ( 'NONE',  ( 10.16000000000000014, -4.609811911349869895, -16.13459677047480056 ) ) ;
#1217 = CIRCLE ( 'NONE', #3184, 2.751200000000002088 ) ;
#1218 = CARTESIAN_POINT ( 'NONE',  ( 10.16000000000000014, 9.600459504676841505, -23.10916995682899966 ) ) ;
#1219 = DIRECTION ( 'NONE',  ( 0.000000000000000000, 1.000000000000000000, 0.000000000000000000 ) ) ;
#1220 = EDGE_CURVE ( 'NONE', #2747, #5973, #3089, .T. ) ;
#1221 = VECTOR ( 'NONE', #1161, 1000.000000000000000 ) ;
#1222 = LINE ( 'NONE', #4624, #1532 ) ;
#1223 = VECTOR ( 'NONE', #2019, 1000.000000000000000 ) ;
#1224 = CARTESIAN_POINT ( 'NONE',  ( 7.951199999999901458, 17.10149476870488527, -28.32999999999983487 ) ) ;
#1225 = ORIENTED_EDGE ( 'NONE', *, *, #2572, .T. ) ;
#1226 = FACE_OUTER_BOUND ( 'NONE', #1833, .T. ) ;
#1227 = VERTEX_POINT ( 'NONE', #2963 ) ;
#1228 = VECTOR ( 'NONE', #528, 1000.000000000000000 ) ;
#1229 = AXIS2_PLACEMENT_3D ( 'NONE', #2456, #4150, #4771 ) ;
#1230 = CARTESIAN_POINT ( 'NONE',  ( 0.5080000000000000071, 5.240508746012099373, -16.27649996457205006 ) ) ;
#1231 = EDGE_CURVE ( 'NONE', #5605, #990, #2449, .T. ) ;
#1232 = DIRECTION ( 'NONE',  ( 1.000000000000000000, -0.000000000000000000, -0.000000000000000000 ) ) ;
#1233 = CARTESIAN_POINT ( 'NONE',  ( 10.16000000000000014, -4.609811911349869895, -16.64259677047479968 ) ) ;
#1234 = AXIS2_PLACEMENT_3D ( 'NONE', #4297, #5804, #375 ) ;
#1235 = DIRECTION ( 'NONE',  ( 1.000000000000000000, 0.000000000000000000, 0.000000000000000000 ) ) ;
#1236 = LINE ( 'NONE', #5645, #3611 ) ;
#1237 = EDGE_LOOP ( 'NONE', ( #5090, #3163 ) ) ;
#1238 = LINE ( 'NONE', #2660, #967 ) ;
#1239 = VERTEX_POINT ( 'NONE', #1964 ) ;
#1240 = CARTESIAN_POINT ( 'NONE',  ( 0.5080000000000000071, 6.473494768704890490, 18.84780000001660127 ) ) ;
#1241 = CIRCLE ( 'NONE', #4862, 1.875000000000015543 ) ;
#1242 = EDGE_CURVE ( 'NONE', #5512, #1277, #3481, .T. ) ;
#1243 = CARTESIAN_POINT ( 'NONE',  ( 10.16000000000000014, 1.306613497994890016, 15.02620000001659939 ) ) ;
#1244 = CARTESIAN_POINT ( 'NONE',  ( 0.000000000000000000, 7.481494768704900267, 12.04500000001662130 ) ) ;
#1245 = ORIENTED_EDGE ( 'NONE', *, *, #1034, .T. ) ;
#1246 = VECTOR ( 'NONE', #2489, 1000.000000000000114 ) ;
#1247 = DIRECTION ( 'NONE',  ( -0.7071067811865435759, -0.7071067811865515695, 0.000000000000000000 ) ) ;
#1248 = VERTEX_POINT ( 'NONE', #2481 ) ;
#1249 = ADVANCED_FACE ( 'NONE', ( #1996 ), #3599, .T. ) ;
#1250 = AXIS2_PLACEMENT_3D ( 'NONE', #926, #3295, #1901 ) ;
#1251 = DIRECTION ( 'NONE',  ( 0.000000000000000000, 0.000000000000000000, -1.000000000000000000 ) ) ;
#1252 = ORIENTED_EDGE ( 'NONE', *, *, #2426, .T. ) ;
#1253 = DIRECTION ( 'NONE',  ( 1.000000000000000000, 0.000000000000000000, 0.000000000000000000 ) ) ;
#1254 = VECTOR ( 'NONE', #4309, 1000.000000000000114 ) ;
#1255 = FACE_OUTER_BOUND ( 'NONE', #642, .T. ) ;
#1256 = CYLINDRICAL_SURFACE ( 'NONE', #196, 0.5080000000000015614 ) ;
#1257 = ORIENTED_EDGE ( 'NONE', *, *, #885, .F. ) ;
#1258 = B_SPLINE_CURVE_WITH_KNOTS ( 'NONE', 3,
 ( #5972, #3518, #3065, #5498, #3037, #991, #5009, #80, #531, #1499, #564, #1999, #5035 ),
 .UNSPECIFIED., .F., .F.,
 ( 4, 2, 1, 1, 1, 2, 2, 4 ),
 ( 0.000000000000000000, 0.2500000000000517364, 0.3750000000000769385, 0.4375000000000890954, 0.4687500000000955902, 0.4843750000000940359, 0.5000000000000923706, 1.000000000000000000 ),
 .UNSPECIFIED. ) ;
#1259 = CARTESIAN_POINT ( 'NONE',  ( 16.73648137423847970, 17.10149476870488527, -31.32999999999983842 ) ) ;
#1260 = ORIENTED_EDGE ( 'NONE', *, *, #3234, .T. ) ;
#1261 = DIRECTION ( 'NONE',  ( -1.000000000000000000, 0.000000000000000000, 0.000000000000000000 ) ) ;
#1262 = VERTEX_POINT ( 'NONE', #45 ) ;
#1263 = CONICAL_SURFACE ( 'NONE', #4047, 2.699999999999980194, 0.7853981633974670418 ) ;
#1264 = FACE_BOUND ( 'NONE', #4365, .T. ) ;
#1265 = EDGE_LOOP ( 'NONE', ( #5805, #1879, #5323, #1719 ) ) ;
#1266 = CARTESIAN_POINT ( 'NONE',  ( 3.251200000000000312, 52.35029476870499821, 33.57880000000000109 ) ) ;
#1267 = DIRECTION ( 'NONE',  ( 1.000000000000000000, -0.000000000000000000, -0.000000000000000000 ) ) ;
#1268 = ORIENTED_EDGE ( 'NONE', *, *, #5781, .T. ) ;
#1269 = CARTESIAN_POINT ( 'NONE',  ( 3.643365564014713343, 6.824164756892936445, 21.85042447218332740 ) ) ;
#1270 = EDGE_CURVE ( 'NONE', #3019, #2843, #6434, .T. ) ;
#1271 = EDGE_LOOP ( 'NONE', ( #5930, #2006, #2371, #2010 ) ) ;
#1272 = LINE ( 'NONE', #1174, #574 ) ;
#1273 = AXIS2_PLACEMENT_3D ( 'NONE', #5471, #2761, #4731 ) ;
#1274 = CARTESIAN_POINT ( 'NONE',  ( 10.16000000000000014, -5.218502871315109815, -21.84204960392045081 ) ) ;
#1275 = VERTEX_POINT ( 'NONE', #1495 ) ;
#1276 = ADVANCED_FACE ( 'NONE', ( #5901 ), #402, .T. ) ;
#1277 = VERTEX_POINT ( 'NONE', #439 ) ;
#1278 = DIRECTION ( 'NONE',  ( 0.000000000000000000, 0.000000000000000000, -1.000000000000000000 ) ) ;
#1279 = DIRECTION ( 'NONE',  ( 1.000000000000000000, 0.000000000000000000, 0.000000000000000000 ) ) ;
#1280 = DIRECTION ( 'NONE',  ( 0.000000000000000000, 0.000000000000000000, -1.000000000000000000 ) ) ;
#1281 = VERTEX_POINT ( 'NONE', #3899 ) ;
#1282 = DIRECTION ( 'NONE',  ( 0.000000000000000000, 0.000000000000000000, -1.000000000000000000 ) ) ;
#1283 = EDGE_CURVE ( 'NONE', #4911, #1239, #2166, .T. ) ;
#1284 = CARTESIAN_POINT ( 'NONE',  ( 0.5000000000000056621, 5.981494768704890497, -10.95499999998338048 ) ) ;
#1285 = DIRECTION ( 'NONE',  ( 0.000000000000000000, 0.000000000000000000, 1.000000000000000000 ) ) ;
#1286 = ORIENTED_EDGE ( 'NONE', *, *, #20, .F. ) ;
#1287 = EDGE_LOOP ( 'NONE', ( #1039, #4559, #764, #2300, #64 ) ) ;
#1288 = CARTESIAN_POINT ( 'NONE',  ( 0.000000000000000000, -4.087475074311452516, 16.55380000001665763 ) ) ;
#1289 = ORIENTED_EDGE ( 'NONE', *, *, #3382, .T. ) ;
#1290 = CARTESIAN_POINT ( 'NONE',  ( 3.612216909992262082, 7.197257814270101584, 21.86650547729145089 ) ) ;
#1291 = EDGE_CURVE ( 'NONE', #2160, #1089, #1019, .T. ) ;
#1292 = ORIENTED_EDGE ( 'NONE', *, *, #4203, .F. ) ;
#1293 = DIRECTION ( 'NONE',  ( -1.000000000000000000, 0.000000000000000000, 0.000000000000000000 ) ) ;
#1294 = AXIS2_PLACEMENT_3D ( 'NONE', #4496, #5010, #5532 ) ;
#1295 = ORIENTED_EDGE ( 'NONE', *, *, #1140, .T. ) ;
#1296 = LINE ( 'NONE', #229, #3408 ) ;
#1297 = DIRECTION ( 'NONE',  ( 1.000000000000000000, 0.000000000000000000, 0.000000000000000000 ) ) ;
#1298 = EDGE_LOOP ( 'NONE', ( #1178, #6381, #2733, #5092 ) ) ;
#1299 = CARTESIAN_POINT ( 'NONE',  ( 3.251200000000000312, 17.10149476870488527, -22.82999999999983132 ) ) ;
#1300 = ORIENTED_EDGE ( 'NONE', *, *, #5415, .F. ) ;
#1301 = CARTESIAN_POINT ( 'NONE',  ( 3.251200000000000312, 48.10149476870488883, 35.17000000000017224 ) ) ;
#1302 = LINE ( 'NONE', #2317, #899 ) ;
#1303 = EDGE_CURVE ( 'NONE', #21, #4121, #5398, .T. ) ;
#1304 = DIRECTION ( 'NONE',  ( -1.000000000000000000, 0.000000000000000000, 0.000000000000000000 ) ) ;
#1305 = VECTOR ( 'NONE', #2681, 1000.000000000000000 ) ;
#1306 = VERTEX_POINT ( 'NONE', #4457 ) ;
#1307 = CARTESIAN_POINT ( 'NONE',  ( 3.251200000000000312, 48.10149476870488883, 29.67000000000017579 ) ) ;
#1308 = DIRECTION ( 'NONE',  ( -0.7071067811865342501, 0.000000000000000000, 0.7071067811865607844 ) ) ;
#1309 = ADVANCED_FACE ( 'NONE', ( #3421 ), #5573, .F. ) ;
#1310 = DIRECTION ( 'NONE',  ( 0.000000000000000000, -1.000000000000000000, 0.000000000000000000 ) ) ;
#1311 = DIRECTION ( 'NONE',  ( 1.000000000000000000, 0.000000000000000000, 0.000000000000000000 ) ) ;
#1312 = CARTESIAN_POINT ( 'NONE',  ( 5.751199999999999868, 17.10149476870488527, -28.32999999999983487 ) ) ;
#1313 = CARTESIAN_POINT ( 'NONE',  ( 5.751199999999999868, 17.10149476870488527, -28.32999999999983487 ) ) ;
#1314 = ADVANCED_FACE ( 'NONE', ( #2513 ), #959, .F. ) ;
#1315 = DIRECTION ( 'NONE',  ( 1.000000000000000000, 0.000000000000000000, 0.000000000000000000 ) ) ;
#1316 = ORIENTED_EDGE ( 'NONE', *, *, #1112, .T. ) ;
#1317 = CARTESIAN_POINT ( 'NONE',  ( 10.16000000000000014, -2.720422585859064935, 21.84500000001660069 ) ) ;
#1318 = AXIS2_PLACEMENT_3D ( 'NONE', #3975, #2043, #4503 ) ;
#1319 = EDGE_CURVE ( 'NONE', #3516, #4928, #1563, .T. ) ;
#1320 = DIRECTION ( 'NONE',  ( 1.000000000000000000, 0.000000000000000000, 0.000000000000000000 ) ) ;
#1321 = CARTESIAN_POINT ( 'NONE',  ( 0.5000000000000004441, 17.10149476870488527, -26.75499999999983558 ) ) ;
#1322 = VERTEX_POINT ( 'NONE', #2903 ) ;
#1323 = AXIS2_PLACEMENT_3D ( 'NONE', #166, #3148, #2182 ) ;
#1324 = VECTOR ( 'NONE', #5191, 999.9999999999998863 ) ;
#1325 = PLANE ( 'NONE',  #4164 ) ;
#1326 = DIRECTION ( 'NONE',  ( 0.000000000000000000, 0.5000000000000003331, -0.8660254037844383745 ) ) ;
#1327 = CYLINDRICAL_SURFACE ( 'NONE', #3488, 0.9999999999999991118 ) ;
#1328 = AXIS2_PLACEMENT_3D ( 'NONE', #4315, #4704, #2249 ) ;
#1329 = CARTESIAN_POINT ( 'NONE',  ( 16.73648137423847970, 48.10149476870488883, -31.32999999999983842 ) ) ;
#1330 = EDGE_LOOP ( 'NONE', ( #2915, #4013, #2717, #6018 ) ) ;
#1331 = CARTESIAN_POINT ( 'NONE',  ( 10.16000000000000014, 5.981494768704890497, -11.95499999998338048 ) ) ;
#1332 = DIRECTION ( 'NONE',  ( 0.000000000000000000, 3.035386659626960118E-16, -1.000000000000000000 ) ) ;
#1333 = EDGE_CURVE ( 'NONE', #3179, #433, #2889, .T. ) ;
#1334 = VECTOR ( 'NONE', #969, 1000.000000000000000 ) ;
#1335 = CARTESIAN_POINT ( 'NONE',  ( 9.652000000000001023, 1.814613497994890023, 15.53420000001659851 ) ) ;
#1336 = DIRECTION ( 'NONE',  ( -1.000000000000000000, 0.000000000000000000, 0.000000000000000000 ) ) ;
#1337 = LINE ( 'NONE', #1935, #853 ) ;
#1338 = ORIENTED_EDGE ( 'NONE', *, *, #1450, .F. ) ;
#1339 = LINE ( 'NONE', #443, #1775 ) ;
#1340 = DIRECTION ( 'NONE',  ( 0.7071067811865509034, 0.7071067811865442421, 0.000000000000000000 ) ) ;
#1341 = ADVANCED_FACE ( 'NONE', ( #3669 ), #4114, .T. ) ;
#1342 = ORIENTED_EDGE ( 'NONE', *, *, #3144, .T. ) ;
#1343 = AXIS2_PLACEMENT_3D ( 'NONE', #5529, #3965, #3931 ) ;
#1344 = CARTESIAN_POINT ( 'NONE',  ( 0.5000000000000056621, 23.78149476870569856, 31.39999999999335145 ) ) ;
#1345 = ORIENTED_EDGE ( 'NONE', *, *, #1601, .F. ) ;
#1346 = DIRECTION ( 'NONE',  ( 0.000000000000000000, 0.000000000000000000, -1.000000000000000000 ) ) ;
#1347 = ORIENTED_EDGE ( 'NONE', *, *, #4920, .F. ) ;
#1348 = DIRECTION ( 'NONE',  ( 0.7071067811865517916, 0.7071067811865432429, 0.000000000000000000 ) ) ;
#1349 = EDGE_CURVE ( 'NONE', #1117, #5543, #90, .T. ) ;
#1350 = AXIS2_PLACEMENT_3D ( 'NONE', #4790, #6250, #3306 ) ;
#1351 = DIRECTION ( 'NONE',  ( -1.000000000000000000, 0.000000000000000000, 0.000000000000000000 ) ) ;
#1352 = ORIENTED_EDGE ( 'NONE', *, *, #4617, .T. ) ;
#1353 = LINE ( 'NONE', #3347, #3221 ) ;
#1354 = EDGE_LOOP ( 'NONE', ( #5598, #4466, #5479, #3171 ) ) ;
#1355 = VECTOR ( 'NONE', #3231, 1000.000000000000000 ) ;
#1356 = CARTESIAN_POINT ( 'NONE',  ( 3.491266552508315524, 7.685654338275416997, 21.92112895420014240 ) ) ;
#1357 = EDGE_CURVE ( 'NONE', #2157, #2104, #143, .T. ) ;
#1358 = LINE ( 'NONE', #6357, #1407 ) ;
#1359 = CARTESIAN_POINT ( 'NONE',  ( 10.16000000000000014, -3.926503319182129914, -23.41328918922000213 ) ) ;
#1360 = AXIS2_PLACEMENT_3D ( 'NONE', #1022, #112, #3573 ) ;
#1361 = CARTESIAN_POINT ( 'NONE',  ( 0.5000000000000056621, -5.236805534435398535, -22.85771978476890709 ) ) ;
#1362 = EDGE_LOOP ( 'NONE', ( #4373, #1761, #5122, #2490 ) ) ;
#1363 = PLANE ( 'NONE',  #2932 ) ;
#1364 = EDGE_CURVE ( 'NONE', #4102, #5903, #6115, .T. ) ;
#1365 = VECTOR ( 'NONE', #3557, 1000.000000000000000 ) ;
#1366 = CARTESIAN_POINT ( 'NONE',  ( 3.701204571076866845, 6.727296834224438804, 21.84642476104115971 ) ) ;
#1367 = VECTOR ( 'NONE', #1094, 1000.000000000000000 ) ;
#1368 = LINE ( 'NONE', #3326, #2469 ) ;
#1369 = DIRECTION ( 'NONE',  ( 1.000000000000000000, 0.000000000000000000, 0.000000000000000000 ) ) ;
#1370 = ORIENTED_EDGE ( 'NONE', *, *, #4424, .F. ) ;
#1371 = CARTESIAN_POINT ( 'NONE',  ( 8.251199999999903056, 17.10149476870488527, -28.32999999999983487 ) ) ;
#1372 = ORIENTED_EDGE ( 'NONE', *, *, #5910, .F. ) ;
#1373 = DIRECTION ( 'NONE',  ( 0.000000000000000000, 0.000000000000000000, 1.000000000000000000 ) ) ;
#1374 = FACE_OUTER_BOUND ( 'NONE', #2033, .T. ) ;
#1375 = ORIENTED_EDGE ( 'NONE', *, *, #2258, .F. ) ;
#1376 = ORIENTED_EDGE ( 'NONE', *, *, #5661, .T. ) ;
#1377 = EDGE_CURVE ( 'NONE', #3084, #1759, #4151, .T. ) ;
#1378 = LINE ( 'NONE', #3430, #1037 ) ;
#1379 = ORIENTED_EDGE ( 'NONE', *, *, #2559, .T. ) ;
#1380 = DIRECTION ( 'NONE',  ( 0.000000000000000000, 0.000000000000000000, -1.000000000000000000 ) ) ;
#1381 = ORIENTED_EDGE ( 'NONE', *, *, #6168, .T. ) ;
#1382 = ADVANCED_FACE ( 'NONE', ( #6096 ), #1638, .F. ) ;
#1383 = CARTESIAN_POINT ( 'NONE',  ( 3.105154062671449555, 7.841936832982779215, -23.76966459075374161 ) ) ;
#1384 = FACE_OUTER_BOUND ( 'NONE', #3907, .T. ) ;
#1385 = VERTEX_POINT ( 'NONE', #5589 ) ;
#1386 = CARTESIAN_POINT ( 'NONE',  ( 0.000000000000000000, 48.10149476870488883, 27.59500000000018360 ) ) ;
#1387 = CONICAL_SURFACE ( 'NONE', #2441, 1.008000000000008889, 0.7853981633974514986 ) ;
#1388 = VERTEX_POINT ( 'NONE', #1143 ) ;
#1389 = CARTESIAN_POINT ( 'NONE',  ( 3.296933953845545329, 8.648314886945044577, 22.14157038146585776 ) ) ;
#1390 = CARTESIAN_POINT ( 'NONE',  ( 10.16000000000000014, 1.814613497994890023, 16.04220000001659940 ) ) ;
#1391 = CARTESIAN_POINT ( 'NONE',  ( 2.917866666666665942, 8.961522388667800598, 22.59676199617783254 ) ) ;
#1392 = VECTOR ( 'NONE', #301, 999.9999999999998863 ) ;
#1393 = EDGE_CURVE ( 'NONE', #8, #2104, #3912, .T. ) ;
#1394 = FACE_OUTER_BOUND ( 'NONE', #93, .T. ) ;
#1395 = ORIENTED_EDGE ( 'NONE', *, *, #1771, .T. ) ;
#1396 = FACE_OUTER_BOUND ( 'NONE', #5063, .T. ) ;
#1397 = CARTESIAN_POINT ( 'NONE',  ( 3.297744851104914776, 7.418150465224915280, 21.94174820529338632 ) ) ;
#1398 = ADVANCED_FACE ( 'NONE', ( #5620 ), #3155, .F. ) ;
#1399 = DIRECTION ( 'NONE',  ( 0.000000000000000000, 1.000000000000000000, -5.637321366148860355E-16 ) ) ;
#1400 = CIRCLE ( 'NONE', #4304, 0.9999999999999991118 ) ;
#1401 = DIRECTION ( 'NONE',  ( 0.000000000000000000, 0.000000000000000000, -1.000000000000000000 ) ) ;
#1402 = LINE ( 'NONE', #3838, #1654 ) ;
#1403 = ORIENTED_EDGE ( 'NONE', *, *, #5428, .T. ) ;
#1404 = CARTESIAN_POINT ( 'NONE',  ( 8.251199999999903056, 48.10149476870488883, 29.67000000000017579 ) ) ;
#1405 = DIRECTION ( 'NONE',  ( -1.000000000000000000, 0.000000000000000000, 0.000000000000000000 ) ) ;
#1406 = CARTESIAN_POINT ( 'NONE',  ( 16.73648137423847970, 48.10149476870488883, 29.67000000000017579 ) ) ;
#1407 = VECTOR ( 'NONE', #1326, 1000.000000000000114 ) ;
#1408 = ORIENTED_EDGE ( 'NONE', *, *, #2433, .F. ) ;
#1409 = VERTEX_POINT ( 'NONE', #204 ) ;
#1410 = LINE ( 'NONE', #3848, #7 ) ;
#1411 = VERTEX_POINT ( 'NONE', #2190 ) ;
#1412 = DIRECTION ( 'NONE',  ( 0.000000000000000000, 0.000000000000000000, -1.000000000000000000 ) ) ;
#1413 = CIRCLE ( 'NONE', #4726, 2.074999999999993516 ) ;
#1414 = VERTEX_POINT ( 'NONE', #1689 ) ;
#1415 = ADVANCED_FACE ( 'NONE', ( #5654 ), #3185, .F. ) ;
#1416 = DIRECTION ( 'NONE',  ( 0.000000000000000000, 0.000000000000000000, -1.000000000000000000 ) ) ;
#1417 = ORIENTED_EDGE ( 'NONE', *, *, #3728, .T. ) ;
#1418 = DIRECTION ( 'NONE',  ( 0.7071067811865510144, -0.6385511551711817724, 0.3037308384565923225 ) ) ;
#1419 = EDGE_LOOP ( 'NONE', ( #3941, #3913, #6288, #3017 ) ) ;
#1420 = DIRECTION ( 'NONE',  ( 0.000000000000000000, 0.000000000000000000, -1.000000000000000000 ) ) ;
#1421 = ADVANCED_FACE ( 'NONE', ( #1553 ), #2598, .F. ) ;
#1422 = DIRECTION ( 'NONE',  ( 1.000000000000000000, 0.000000000000000000, 0.000000000000000000 ) ) ;
#1423 = CYLINDRICAL_SURFACE ( 'NONE', #5922, 1.574999999999999956 ) ;
#1424 = DIRECTION ( 'NONE',  ( 0.000000000000000000, 0.000000000000000000, 1.000000000000000000 ) ) ;
#1425 = VERTEX_POINT ( 'NONE', #4576 ) ;
#1426 = CARTESIAN_POINT ( 'NONE',  ( 9.652000000000001023, 5.614294768704970018, -16.84419999998399931 ) ) ;
#1427 = CARTESIAN_POINT ( 'NONE',  ( 3.759199999999999875, 6.630294768704969144, 21.84500000001660069 ) ) ;
#1428 = EDGE_CURVE ( 'NONE', #686, #762, #4953, .T. ) ;
#1429 = AXIS2_PLACEMENT_3D ( 'NONE', #1266, #3247, #4206 ) ;
#1430 = CARTESIAN_POINT ( 'NONE',  ( 10.16000000000000014, -1.231306529126639981E-14, -21.84204960392050054 ) ) ;
#1431 = CARTESIAN_POINT ( 'NONE',  ( 0.5000000000000004441, 17.10149476870488527, 28.09500000000017650 ) ) ;
#1432 = DIRECTION ( 'NONE',  ( -1.000000000000000000, 0.000000000000000000, 0.000000000000000000 ) ) ;
#1433 = CONICAL_SURFACE ( 'NONE', #5059, 1.574999999999999956, 0.7853981633974418397 ) ;
#1434 = DIRECTION ( 'NONE',  ( 0.000000000000000000, -5.326585036775593121E-15, -1.000000000000000000 ) ) ;
#1435 = CARTESIAN_POINT ( 'NONE',  ( 0.000000000000000000, -1.952586502005099423, -14.40652624641310986 ) ) ;
#1436 = DIRECTION ( 'NONE',  ( 0.000000000000000000, -1.000000000000000000, 0.000000000000000000 ) ) ;
#1437 = ADVANCED_FACE ( 'NONE', ( #1200 ), #2578, .T. ) ;
#1438 = EDGE_LOOP ( 'NONE', ( #3949, #222, #416, #1927 ) ) ;
#1439 = AXIS2_PLACEMENT_3D ( 'NONE', #1542, #3000, #3377 ) ;
#1440 = CARTESIAN_POINT ( 'NONE',  ( 16.73648137423847970, 48.10149476870488883, -29.90499999999983416 ) ) ;
#1441 = FACE_OUTER_BOUND ( 'NONE', #803, .T. ) ;
#1442 = ORIENTED_EDGE ( 'NONE', *, *, #2982, .T. ) ;
#1443 = LINE ( 'NONE', #2947, #4881 ) ;
#1444 = ORIENTED_EDGE ( 'NONE', *, *, #5284, .F. ) ;
#1445 = ORIENTED_EDGE ( 'NONE', *, *, #178, .F. ) ;
#1446 = CIRCLE ( 'NONE', #2180, 0.5079999999999997851 ) ;
#1447 = VECTOR ( 'NONE', #1497, 1000.000000000000000 ) ;
#1448 = CARTESIAN_POINT ( 'NONE',  ( 2.888953803984104507, 8.201997747112852011, -23.94066541816602367 ) ) ;
#1449 = ORIENTED_EDGE ( 'NONE', *, *, #673, .T. ) ;
#1450 = EDGE_CURVE ( 'NONE', #1637, #2800, #4173, .T. ) ;
#1451 = CARTESIAN_POINT ( 'NONE',  ( 0.000000000000000000, 5.981494768704890497, -10.95499999998338048 ) ) ;
#1452 = EDGE_LOOP ( 'NONE', ( #1619, #1979, #2220, #2654 ) ) ;
#1453 = ORIENTED_EDGE ( 'NONE', *, *, #525, .T. ) ;
#1454 = VECTOR ( 'NONE', #3950, 1000.000000000000000 ) ;
#1455 = CARTESIAN_POINT ( 'NONE',  ( 2.854482323527875565, 8.275098810631449808, -23.98226915037118090 ) ) ;
#1456 = CARTESIAN_POINT ( 'NONE',  ( 7.951199999999901458, 48.10149476870488883, 31.24500000000017508 ) ) ;
#1457 = LINE ( 'NONE', #4870, #91 ) ;
#1458 = AXIS2_PLACEMENT_3D ( 'NONE', #4338, #1412, #6346 ) ;
#1459 = EDGE_CURVE ( 'NONE', #6177, #1015, #5261, .T. ) ;
#1460 = ORIENTED_EDGE ( 'NONE', *, *, #5291, .F. ) ;
#1461 = CARTESIAN_POINT ( 'NONE',  ( 2.751199999999998536, 13.13269476870496177, -36.82999999999999119 ) ) ;
#1462 = CARTESIAN_POINT ( 'NONE',  ( 3.523987134636496155, 7.025491901328646982, 21.86874310490464879 ) ) ;
#1463 = CIRCLE ( 'NONE', #5087, 2.699999999999980194 ) ;
#1464 = AXIS2_PLACEMENT_3D ( 'NONE', #2940, #2871, #3329 ) ;
#1465 = DIRECTION ( 'NONE',  ( -1.000000000000000000, 0.000000000000000000, 0.000000000000000000 ) ) ;
#1466 = DIRECTION ( 'NONE',  ( -1.000000000000000000, -0.000000000000000000, -0.000000000000000000 ) ) ;
#1467 = EDGE_CURVE ( 'NONE', #4043, #4861, #5154, .T. ) ;
#1468 = CARTESIAN_POINT ( 'NONE',  ( 0.5000000000000052180, 13.13269476870496177, 36.82999999999999829 ) ) ;
#1469 = ORIENTED_EDGE ( 'NONE', *, *, #1630, .F. ) ;
#1470 = CIRCLE ( 'NONE', #5732, 1.708000000000316820 ) ;
#1471 = DIRECTION ( 'NONE',  ( 0.000000000000000000, 0.000000000000000000, -1.000000000000000000 ) ) ;
#1472 = CARTESIAN_POINT ( 'NONE',  ( 0.000000000000000000, 0.000000000000000000, -12.45499999998339113 ) ) ;
#1473 = PLANE ( 'NONE',  #1837 ) ;
#1474 = ORIENTED_EDGE ( 'NONE', *, *, #599, .T. ) ;
#1475 = VECTOR ( 'NONE', #2569, 1000.000000000000000 ) ;
#1476 = EDGE_CURVE ( 'NONE', #5827, #3273, #3811, .T. ) ;
#1477 = CARTESIAN_POINT ( 'NONE',  ( 0.5080000000000000071, 1.814613497994890023, 15.02620000001659939 ) ) ;
#1478 = ORIENTED_EDGE ( 'NONE', *, *, #46, .T. ) ;
#1479 = CARTESIAN_POINT ( 'NONE',  ( 10.16000000000000014, -9.994361398043869471, -23.65299999999444935 ) ) ;
#1480 = VERTEX_POINT ( 'NONE', #6184 ) ;
#1481 = APPLICATION_PROTOCOL_DEFINITION ( 'draft international standard', 'automotive_design', 1998, #2474 ) ;
#1482 = DIRECTION ( 'NONE',  ( -1.000000000000000000, -0.000000000000000000, -0.000000000000000000 ) ) ;
#1483 = EDGE_CURVE ( 'NONE', #1874, #1634, #5472, .T. ) ;
#1484 = CARTESIAN_POINT ( 'NONE',  ( 3.368378513379393091, 7.489652344971120534, -23.65079273553574879 ) ) ;
#1485 = ORIENTED_EDGE ( 'NONE', *, *, #3371, .T. ) ;
#1486 = CARTESIAN_POINT ( 'NONE',  ( 0.000000000000000000, 5.981494768704890497, 12.04500000001662130 ) ) ;
#1487 = EDGE_LOOP ( 'NONE', ( #4760, #2652, #3458, #4374 ) ) ;
#1488 = CARTESIAN_POINT ( 'NONE',  ( 2.772633764918966293, 8.512961559112685705, -24.13605843554442387 ) ) ;
#1489 = CARTESIAN_POINT ( 'NONE',  ( 0.000000000000000000, 17.10149476870488527, -28.32999999999983487 ) ) ;
#1490 = ORIENTED_EDGE ( 'NONE', *, *, #6059, .T. ) ;
#1491 = DIRECTION ( 'NONE',  ( 1.000000000000000000, 0.000000000000000000, 0.000000000000000000 ) ) ;
#1492 = CARTESIAN_POINT ( 'NONE',  ( 2.978610707233982691, 8.038649794316283348, 22.16584382032082701 ) ) ;
#1493 = EDGE_CURVE ( 'NONE', #2408, #2125, #1296, .T. ) ;
#1494 = CARTESIAN_POINT ( 'NONE',  ( 10.16000000000000014, -5.236805534435400311, -22.85771978476894972 ) ) ;
#1495 = CARTESIAN_POINT ( 'NONE',  ( 0.5000000000000056621, -8.991808760999200345, -19.49288062344824723 ) ) ;
#1496 = CIRCLE ( 'NONE', #779, 0.5080000000000015614 ) ;
#1497 = DIRECTION ( 'NONE',  ( -0.7071067811865521247, 0.000000000000000000, 0.7071067811865430208 ) ) ;
#1498 = ORIENTED_EDGE ( 'NONE', *, *, #3644, .T. ) ;
#1499 = CARTESIAN_POINT ( 'NONE',  ( 3.672116641539333148, 7.284477179577406147, -23.59021788574747447 ) ) ;
#1500 = ORIENTED_EDGE ( 'NONE', *, *, #4395, .T. ) ;
#1501 = CARTESIAN_POINT ( 'NONE',  ( 10.16000000000000014, 7.489494768704889616, 18.84780000001660127 ) ) ;
#1502 = ORIENTED_EDGE ( 'NONE', *, *, #5146, .F. ) ;
#1503 = ADVANCED_FACE ( 'NONE', ( #289 ), #814, .T. ) ;
#1504 = FACE_OUTER_BOUND ( 'NONE', #5134, .T. ) ;
#1505 = ORIENTED_EDGE ( 'NONE', *, *, #6408, .F. ) ;
#1506 = CARTESIAN_POINT ( 'NONE',  ( 0.5000000000000056621, -9.994361398043869471, 0.000000000000000000 ) ) ;
#1507 = AXIS2_PLACEMENT_3D ( 'NONE', #5822, #2855, #4348 ) ;
#1508 = CARTESIAN_POINT ( 'NONE',  ( 0.000000000000000000, -9.494361398043858813, -21.84104724382974894 ) ) ;
#1509 = AXIS2_PLACEMENT_3D ( 'NONE', #2656, #162, #2239 ) ;
#1510 = ADVANCED_FACE ( 'NONE', ( #258 ), #3756, .T. ) ;
#1511 = CARTESIAN_POINT ( 'NONE',  ( 0.5000000000000052180, 9.881494768704969900, -33.57880000000000109 ) ) ;
#1512 = VERTEX_POINT ( 'NONE', #780 ) ;
#1513 = DIRECTION ( 'NONE',  ( -0.000000000000000000, 0.4295402710562665760, 0.9030477039120963223 ) ) ;
#1514 = ORIENTED_EDGE ( 'NONE', *, *, #271, .T. ) ;
#1515 = ADVANCED_FACE ( 'NONE', ( #2273 ), #191, .T. ) ;
#1516 = CARTESIAN_POINT ( 'NONE',  ( 3.254120886505338373, 8.908827540106956988, -23.85196497755798717 ) ) ;
#1517 = DIRECTION ( 'NONE',  ( 0.000000000000000000, 0.000000000000000000, -1.000000000000000000 ) ) ;
#1518 = ORIENTED_EDGE ( 'NONE', *, *, #5139, .F. ) ;
#1519 = CIRCLE ( 'NONE', #3511, 29.15920000000000201 ) ;
#1520 = DIRECTION ( 'NONE',  ( -1.000000000000000000, -0.000000000000000000, -0.000000000000000000 ) ) ;
#1521 = ORIENTED_EDGE ( 'NONE', *, *, #5883, .F. ) ;
#1522 = CARTESIAN_POINT ( 'NONE',  ( 3.077470280025457416, 7.831224706836796834, 22.07446772993762352 ) ) ;
#1523 = CIRCLE ( 'NONE', #3908, 0.5080000000000015614 ) ;
#1524 = DIRECTION ( 'NONE',  ( 0.000000000000000000, 0.000000000000000000, -1.000000000000000000 ) ) ;
#1525 = ORIENTED_EDGE ( 'NONE', *, *, #5270, .T. ) ;
#1526 = CARTESIAN_POINT ( 'NONE',  ( 5.751199999999999868, 48.10149476870488883, 29.67000000000017579 ) ) ;
#1527 = CARTESIAN_POINT ( 'NONE',  ( 16.73648137423847970, 48.10149476870488883, 31.24500000000017508 ) ) ;
#1528 = EDGE_LOOP ( 'NONE', ( #389, #5668, #426, #2709 ) ) ;
#1529 = EDGE_CURVE ( 'NONE', #4188, #5008, #3282, .T. ) ;
#1530 = DIRECTION ( 'NONE',  ( 0.000000000000000000, 0.000000000000000000, -1.000000000000000000 ) ) ;
#1531 = DIRECTION ( 'NONE',  ( 1.000000000000000000, 0.000000000000000000, 0.000000000000000000 ) ) ;
#1532 = VECTOR ( 'NONE', #2232, 1000.000000000000114 ) ;
#1533 = VERTEX_POINT ( 'NONE', #2311 ) ;
#1534 = AXIS2_PLACEMENT_3D ( 'NONE', #3898, #5492, #5429 ) ;
#1535 = VECTOR ( 'NONE', #3679, 1000.000000000000000 ) ;
#1536 = FACE_OUTER_BOUND ( 'NONE', #5951, .T. ) ;
#1537 = EDGE_LOOP ( 'NONE', ( #3979, #3055, #6035, #744 ) ) ;
#1538 = ADVANCED_FACE ( 'NONE', ( #5180 ), #292, .T. ) ;
#1539 = DIRECTION ( 'NONE',  ( 0.000000000000000000, 0.000000000000000000, -1.000000000000000000 ) ) ;
#1540 = CARTESIAN_POINT ( 'NONE',  ( 10.16000000000000014, -2.452586502005110081, 0.000000000000000000 ) ) ;
#1541 = VECTOR ( 'NONE', #5928, 1000.000000000000000 ) ;
#1542 = CARTESIAN_POINT ( 'NONE',  ( 7.951199999999901458, 48.10149476870488883, -28.32999999999983487 ) ) ;
#1543 = CARTESIAN_POINT ( 'NONE',  ( 10.16000000000000014, 0.000000000000000000, 19.35580000001660039 ) ) ;
#1544 = EDGE_LOOP ( 'NONE', ( #4208, #48, #2659, #5332 ) ) ;
#1545 = CIRCLE ( 'NONE', #3008, 3.000000000000002665 ) ;
#1546 = ADVANCED_FACE ( 'NONE', ( #3454 ), #6233, .F. ) ;
#1547 = CYLINDRICAL_SURFACE ( 'NONE', #3630, 3.000000000000002665 ) ;
#1548 = ORIENTED_EDGE ( 'NONE', *, *, #5, .F. ) ;
#1549 = CARTESIAN_POINT ( 'NONE',  ( 2.933911061551959243, 8.116305767293521711, -23.89500825056156330 ) ) ;
#1550 = AXIS2_PLACEMENT_3D ( 'NONE', #6169, #1636, #3194 ) ;
#1551 = CARTESIAN_POINT ( 'NONE',  ( 0.5000000000000056621, -8.994361398043880129, -24.65299999999444935 ) ) ;
#1552 = CARTESIAN_POINT ( 'NONE',  ( 0.000000000000000000, 7.481494768704900267, -10.95499999998338048 ) ) ;
#1553 = FACE_OUTER_BOUND ( 'NONE', #5252, .T. ) ;
#1554 = EDGE_CURVE ( 'NONE', #5175, #1227, #2779, .T. ) ;
#1555 = ORIENTED_EDGE ( 'NONE', *, *, #2296, .F. ) ;
#1556 = AXIS2_PLACEMENT_3D ( 'NONE', #1451, #5445, #1006 ) ;
#1557 = CARTESIAN_POINT ( 'NONE',  ( 3.759199999999999875, 7.015741880278998366, -23.55861619662277207 ) ) ;
#1558 = ORIENTED_EDGE ( 'NONE', *, *, #2267, .T. ) ;
#1559 = DIRECTION ( 'NONE',  ( 0.7071067811865533459, 0.7071067811865416886, 0.000000000000000000 ) ) ;
#1560 = VECTOR ( 'NONE', #6443, 1000.000000000000000 ) ;
#1561 = DIRECTION ( 'NONE',  ( 1.000000000000000000, 0.000000000000000000, 0.000000000000000000 ) ) ;
#1562 = ORIENTED_EDGE ( 'NONE', *, *, #1052, .T. ) ;
#1563 = LINE ( 'NONE', #3547, #2374 ) ;
#1564 = CARTESIAN_POINT ( 'NONE',  ( 10.16000000000000014, -1.944586502005110074, -11.95499999998338048 ) ) ;
#1565 = EDGE_LOOP ( 'NONE', ( #3875, #4271, #3250, #1086 ) ) ;
#1566 = CYLINDRICAL_SURFACE ( 'NONE', #749, 3.000000000000002665 ) ;
#1567 = ORIENTED_EDGE ( 'NONE', *, *, #4800, .T. ) ;
#1568 = AXIS2_PLACEMENT_3D ( 'NONE', #5702, #1311, #3198 ) ;
#1569 = DIRECTION ( 'NONE',  ( 0.000000000000000000, 0.000000000000000000, -1.000000000000000000 ) ) ;
#1570 = VERTEX_POINT ( 'NONE', #986 ) ;
#1571 = CIRCLE ( 'NONE', #3853, 1.875000000000015543 ) ;
#1572 = CARTESIAN_POINT ( 'NONE',  ( 10.16000000000000014, -4.609811911349869895, -16.13459677047480056 ) ) ;
#1573 = ORIENTED_EDGE ( 'NONE', *, *, #5399, .T. ) ;
#1574 = DIRECTION ( 'NONE',  ( 0.000000000000000000, 1.000000000000000000, 0.000000000000000000 ) ) ;
#1575 = CARTESIAN_POINT ( 'NONE',  ( 0.5000000000000004441, 48.10149476870488883, -28.32999999999983487 ) ) ;
#1576 = EDGE_CURVE ( 'NONE', #274, #4102, #2172, .T. ) ;
#1577 = FACE_OUTER_BOUND ( 'NONE', #577, .T. ) ;
#1578 = LINE ( 'NONE', #3558, #808 ) ;
#1579 = AXIS2_PLACEMENT_3D ( 'NONE', #3046, #3012, #122 ) ;
#1580 = ORIENTED_EDGE ( 'NONE', *, *, #5113, .T. ) ;
#1581 = CARTESIAN_POINT ( 'NONE',  ( 3.296852672564258846, 8.650250321439255430, 22.14247358817753764 ) ) ;
#1582 = EDGE_LOOP ( 'NONE', ( #82, #381, #4299, #1558 ) ) ;
#1583 = ORIENTED_EDGE ( 'NONE', *, *, #3292, .F. ) ;
#1584 = CARTESIAN_POINT ( 'NONE',  ( 3.277014183245224199, 8.718869963079205476, -23.79946313750746967 ) ) ;
#1585 = EDGE_CURVE ( 'NONE', #2715, #1918, #4340, .T. ) ;
#1586 = DIRECTION ( 'NONE',  ( 0.000000000000000000, 0.000000000000000000, -1.000000000000000000 ) ) ;
#1587 = DIRECTION ( 'NONE',  ( 0.000000000000000000, 0.000000000000000000, 1.000000000000000000 ) ) ;
#1588 = ORIENTED_EDGE ( 'NONE', *, *, #320, .T. ) ;
#1589 = DIRECTION ( 'NONE',  ( 0.7071067811865484609, -0.7071067811865465735, 0.000000000000000000 ) ) ;
#1590 = VERTEX_POINT ( 'NONE', #2901 ) ;
#1591 = CARTESIAN_POINT ( 'NONE',  ( 3.251200000000000312, 7.557776880929980123, -19.01886046992675006 ) ) ;
#1592 = EDGE_CURVE ( 'NONE', #1847, #5605, #5362, .T. ) ;
#1593 = CARTESIAN_POINT ( 'NONE',  ( 10.16000000000000014, -9.994361398043869471, -23.65299999999444935 ) ) ;
#1594 = DIRECTION ( 'NONE',  ( 0.000000000000000000, 0.000000000000000000, -1.000000000000000000 ) ) ;
#1595 = DIRECTION ( 'NONE',  ( 1.000000000000000000, 0.000000000000000000, 0.000000000000000000 ) ) ;
#1596 = ORIENTED_EDGE ( 'NONE', *, *, #1231, .T. ) ;
#1597 = CARTESIAN_POINT ( 'NONE',  ( 10.16000000000000014, -1.944586502005110074, 13.04500000001661952 ) ) ;
#1598 = ORIENTED_EDGE ( 'NONE', *, *, #5550, .T. ) ;
#1599 = DIRECTION ( 'NONE',  ( 0.000000000000000000, 0.000000000000000000, 1.000000000000000000 ) ) ;
#1600 = ORIENTED_EDGE ( 'NONE', *, *, #1947, .T. ) ;
#1601 = EDGE_CURVE ( 'NONE', #5241, #937, #2541, .T. ) ;
#1602 = TOROIDAL_SURFACE ( 'NONE', #4814, 5.080000000000000071, 0.5080000000000000071 ) ;
#1603 = CARTESIAN_POINT ( 'NONE',  ( 10.16000000000000014, 5.309494768704969836, -19.34817082966969792 ) ) ;
#1604 = EDGE_LOOP ( 'NONE', ( #1295, #242, #4476, #6028 ) ) ;
#1605 = LINE ( 'NONE', #4066, #5508 ) ;
#1606 = CARTESIAN_POINT ( 'NONE',  ( 9.652000000000001023, 1.843128931162770101, -14.90104811312055944 ) ) ;
#1607 = FACE_OUTER_BOUND ( 'NONE', #2248, .T. ) ;
#1608 = AXIS2_PLACEMENT_3D ( 'NONE', #1240, #2636, #3181 ) ;
#1609 = DIRECTION ( 'NONE',  ( 0.7071067811865469066, 2.146342490545408353E-16, -0.7071067811865482389 ) ) ;
#1610 = ORIENTED_EDGE ( 'NONE', *, *, #3562, .F. ) ;
#1611 = CARTESIAN_POINT ( 'NONE',  ( 0.000000000000000000, 5.547204074843895327, -22.55987458899307185 ) ) ;
#1612 = CIRCLE ( 'NONE', #5774, 2.500000000000002220 ) ;
#1613 = ORIENTED_EDGE ( 'NONE', *, *, #1529, .T. ) ;
#1614 = EDGE_CURVE ( 'NONE', #1978, #1118, #3200, .T. ) ;
#1615 = CYLINDRICAL_SURFACE ( 'NONE', #5353, 3.000000000000002665 ) ;
#1616 = CIRCLE ( 'NONE', #1003, 1.015999999999999570 ) ;
#1617 = DIRECTION ( 'NONE',  ( -0.000000000000000000, 1.000000000000000000, 0.000000000000000000 ) ) ;
#1618 = FACE_OUTER_BOUND ( 'NONE', #1966, .T. ) ;
#1619 = ORIENTED_EDGE ( 'NONE', *, *, #4945, .T. ) ;
#1620 = DIRECTION ( 'NONE',  ( 0.000000000000000000, 0.000000000000000000, 1.000000000000000000 ) ) ;
#1621 = EDGE_CURVE ( 'NONE', #4818, #5888, #465, .T. ) ;
#1622 = AXIS2_PLACEMENT_3D ( 'NONE', #6317, #1293, #6285 ) ;
#1623 = VERTEX_POINT ( 'NONE', #4908 ) ;
#1624 = CARTESIAN_POINT ( 'NONE',  ( 10.16000000000000014, 5.981494768704890497, 13.04500000001661952 ) ) ;
#1625 = CARTESIAN_POINT ( 'NONE',  ( 0.000000000000000000, 55.10149476870498830, -33.57880000000000109 ) ) ;
#1626 = FACE_BOUND ( 'NONE', #4846, .T. ) ;
#1627 = DIRECTION ( 'NONE',  ( -1.000000000000000000, 0.000000000000000000, 0.000000000000000000 ) ) ;
#1628 = ORIENTED_EDGE ( 'NONE', *, *, #120, .F. ) ;
#1629 = LINE ( 'NONE', #2517, #2101 ) ;
#1630 = EDGE_CURVE ( 'NONE', #205, #1172, #5480, .T. ) ;
#1631 = LINE ( 'NONE', #268, #2781 ) ;
#1632 = ORIENTED_EDGE ( 'NONE', *, *, #2342, .T. ) ;
#1633 = CARTESIAN_POINT ( 'NONE',  ( 0.3333453779893846836, -2.050691524182752357, -17.31165462201062155 ) ) ;
#1634 = VERTEX_POINT ( 'NONE', #6398 ) ;
#1635 = AXIS2_PLACEMENT_3D ( 'NONE', #792, #1310, #5864 ) ;
#1636 = DIRECTION ( 'NONE',  ( 1.000000000000000000, 0.000000000000000000, 0.000000000000000000 ) ) ;
#1637 = VERTEX_POINT ( 'NONE', #1494 ) ;
#1638 = TOROIDAL_SURFACE ( 'NONE', #3706, 5.500000000000001776, 2.500000000000000000 ) ;
#1639 = CARTESIAN_POINT ( 'NONE',  ( 3.251200000000000312, 55.60149476870499541, -36.82999999999999829 ) ) ;
#1640 = EDGE_CURVE ( 'NONE', #1905, #1227, #1930, .T. ) ;
#1641 = CYLINDRICAL_SURFACE ( 'NONE', #4386, 1.200000000000313705 ) ;
#1642 = AXIS2_PLACEMENT_3D ( 'NONE', #2057, #2122, #2606 ) ;
#1643 = CARTESIAN_POINT ( 'NONE',  ( 5.751199999999999868, 48.10149476870488883, 26.67000000000017224 ) ) ;
#1644 = ORIENTED_EDGE ( 'NONE', *, *, #6006, .F. ) ;
#1645 = CARTESIAN_POINT ( 'NONE',  ( 0.000000000000000000, 7.481494768704900267, -10.95499999998338048 ) ) ;
#1646 = ADVANCED_FACE ( 'NONE', ( #3961 ), #2583, .F. ) ;
#1647 = AXIS2_PLACEMENT_3D ( 'NONE', #3214, #2197, #5069 ) ;
#1648 = CARTESIAN_POINT ( 'NONE',  ( 3.251200000000000312, 9.881494768704969900, -33.57880000000000109 ) ) ;
#1649 = AXIS2_PLACEMENT_3D ( 'NONE', #4225, #2708, #3228 ) ;
#1650 = CARTESIAN_POINT ( 'NONE',  ( 10.16000000000000014, -2.452586502005110081, 0.000000000000000000 ) ) ;
#1651 = DIRECTION ( 'NONE',  ( 0.000000000000000000, 0.000000000000000000, -1.000000000000000000 ) ) ;
#1652 = EDGE_LOOP ( 'NONE', ( #706, #2872, #796, #4889 ) ) ;
#1653 = CARTESIAN_POINT ( 'NONE',  ( 3.759199999999999875, 6.630294768704969144, 21.84500000001659714 ) ) ;
#1654 = VECTOR ( 'NONE', #2807, 1000.000000000000114 ) ;
#1655 = DIRECTION ( 'NONE',  ( -0.7071067811865342501, 8.659560562355095561E-17, -0.7071067811865607844 ) ) ;
#1656 = EDGE_CURVE ( 'NONE', #378, #5723, #13, .T. ) ;
#1657 = CARTESIAN_POINT ( 'NONE',  ( 7.951199999999901458, 17.10149476870488527, -26.75499999999983558 ) ) ;
#1658 = FACE_OUTER_BOUND ( 'NONE', #6390, .T. ) ;
#1659 = ORIENTED_EDGE ( 'NONE', *, *, #144, .T. ) ;
#1660 = DIRECTION ( 'NONE',  ( 1.000000000000000000, 0.000000000000000000, 0.000000000000000000 ) ) ;
#1661 = ORIENTED_EDGE ( 'NONE', *, *, #4703, .F. ) ;
#1662 = FACE_OUTER_BOUND ( 'NONE', #4785, .T. ) ;
#1663 = LINE ( 'NONE', #6110, #4851 ) ;
#1664 = VERTEX_POINT ( 'NONE', #2512 ) ;
#1665 = DIRECTION ( 'NONE',  ( 1.000000000000000000, 0.000000000000000000, 0.000000000000000000 ) ) ;
#1666 = VECTOR ( 'NONE', #3588, 1000.000000000000114 ) ;
#1667 = EDGE_CURVE ( 'NONE', #5301, #1692, #5696, .T. ) ;
#1668 = CARTESIAN_POINT ( 'NONE',  ( 0.000000000000000000, -3.926503319182129914, -23.41328918922000213 ) ) ;
#1669 = ORIENTED_EDGE ( 'NONE', *, *, #565, .F. ) ;
#1670 = AXIS2_PLACEMENT_3D ( 'NONE', #2683, #840, #5672 ) ;
#1671 = DIRECTION ( 'NONE',  ( 1.000000000000000000, 0.000000000000000000, 0.000000000000000000 ) ) ;
#1672 = CARTESIAN_POINT ( 'NONE',  ( 2.751199999999998536, 52.35029476870499821, -36.82999999999999829 ) ) ;
#1673 = LINE ( 'NONE', #3650, #2379 ) ;
#1674 = AXIS2_PLACEMENT_3D ( 'NONE', #929, #2808, #1434 ) ;
#1675 = EDGE_CURVE ( 'NONE', #5849, #72, #4391, .T. ) ;
#1676 = EDGE_LOOP ( 'NONE', ( #4177, #5497, #5780, #4526 ) ) ;
#1677 = FACE_OUTER_BOUND ( 'NONE', #4614, .T. ) ;
#1678 = VERTEX_POINT ( 'NONE', #1111 ) ;
#1679 = DIRECTION ( 'NONE',  ( 1.000000000000000000, 0.000000000000000000, 0.000000000000000000 ) ) ;
#1680 = AXIS2_PLACEMENT_3D ( 'NONE', #2863, #3323, #2324 ) ;
#1681 = DIRECTION ( 'NONE',  ( -1.000000000000000000, -0.000000000000000000, -0.000000000000000000 ) ) ;
#1682 = EDGE_CURVE ( 'NONE', #1512, #1734, #96, .T. ) ;
#1683 = AXIS2_PLACEMENT_3D ( 'NONE', #293, #3760, #5756 ) ;
#1684 = ORIENTED_EDGE ( 'NONE', *, *, #6263, .T. ) ;
#1685 = DIRECTION ( 'NONE',  ( 0.000000000000000000, 0.000000000000000000, -1.000000000000000000 ) ) ;
#1686 = VERTEX_POINT ( 'NONE', #1688 ) ;
#1687 = DIRECTION ( 'NONE',  ( 0.7071067811865439090, -0.7071067811865512365, 0.000000000000000000 ) ) ;
#1688 = CARTESIAN_POINT ( 'NONE',  ( 0.000000000000000000, -5.463622585859059910, 16.55380000001665408 ) ) ;
#1689 = CARTESIAN_POINT ( 'NONE',  ( 3.251200000000000312, 13.13269476870496177, 36.32999999999999829 ) ) ;
#1690 = VERTEX_POINT ( 'NONE', #5029 ) ;
#1691 = DIRECTION ( 'NONE',  ( 0.000000000000000000, 0.000000000000000000, 1.000000000000000000 ) ) ;
#1692 = VERTEX_POINT ( 'NONE', #5652 ) ;
#1693 = EDGE_CURVE ( 'NONE', #3483, #6343, #6440, .T. ) ;
#1694 = LINE ( 'NONE', #2164, #2285 ) ;
#1695 = ORIENTED_EDGE ( 'NONE', *, *, #3969, .F. ) ;
#1696 = DIRECTION ( 'NONE',  ( 0.000000000000000000, 0.000000000000000000, -1.000000000000000000 ) ) ;
#1697 = DIRECTION ( 'NONE',  ( 0.000000000000000000, 0.000000000000000000, -1.000000000000000000 ) ) ;
#1698 = CARTESIAN_POINT ( 'NONE',  ( 2.751199999999998980, 8.847843894287153788, 22.71864299425844536 ) ) ;
#1699 = ADVANCED_FACE ( 'NONE', ( #3668 ), #1176, .F. ) ;
#1700 = ORIENTED_EDGE ( 'NONE', *, *, #3996, .F. ) ;
#1701 = PLANE ( 'NONE',  #2039 ) ;
#1702 = ORIENTED_EDGE ( 'NONE', *, *, #5669, .F. ) ;
#1703 = CARTESIAN_POINT ( 'NONE',  ( 10.16000000000000014, -4.169871006227380050, -16.38859677047480190 ) ) ;
#1704 = CIRCLE ( 'NONE', #5441, 1.015999999999999570 ) ;
#1705 = VERTEX_POINT ( 'NONE', #1657 ) ;
#1706 = ADVANCED_FACE ( 'NONE', ( #5125 ), #408, .T. ) ;
#1707 = LINE ( 'NONE', #5609, #6416 ) ;
#1708 = CARTESIAN_POINT ( 'NONE',  ( 3.251200000000000312, 9.881494768704969900, 33.57880000000000109 ) ) ;
#1709 = DIRECTION ( 'NONE',  ( -0.7071067811865353603, 8.659560562355082002E-17, -0.7071067811865597852 ) ) ;
#1710 = CARTESIAN_POINT ( 'NONE',  ( 0.5000000000000004441, 48.10149476870488883, -28.32999999999983487 ) ) ;
#1711 = VERTEX_POINT ( 'NONE', #1625 ) ;
#1712 = DIRECTION ( 'NONE',  ( 1.000000000000000000, 0.000000000000000000, 0.000000000000000000 ) ) ;
#1713 = ADVANCED_FACE ( 'NONE', ( #6095 ), #2995, .T. ) ;
#1714 = VECTOR ( 'NONE', #2730, 1000.000000000000114 ) ;
#1715 = DIRECTION ( 'NONE',  ( 0.000000000000000000, 0.000000000000000000, -1.000000000000000000 ) ) ;
#1716 = LINE ( 'NONE', #5190, #819 ) ;
#1717 = EDGE_LOOP ( 'NONE', ( #3186, #5128, #3469, #3378 ) ) ;
#1718 = DIRECTION ( 'NONE',  ( -1.000000000000000000, 0.000000000000000000, 0.000000000000000000 ) ) ;
#1719 = ORIENTED_EDGE ( 'NONE', *, *, #3309, .F. ) ;
#1720 = DIRECTION ( 'NONE',  ( -0.7071067811865507924, 0.000000000000000000, 0.7071067811865441310 ) ) ;
#1721 = EDGE_CURVE ( 'NONE', #1425, #1059, #659, .T. ) ;
#1722 = DIRECTION ( 'NONE',  ( -1.000000000000000000, 0.000000000000000000, 0.000000000000000000 ) ) ;
#1723 = ORIENTED_EDGE ( 'NONE', *, *, #2183, .T. ) ;
#1724 = CARTESIAN_POINT ( 'NONE',  ( 10.16000000000000014, -3.252586502007740243, 17.14499999999999957 ) ) ;
#1725 = CIRCLE ( 'NONE', #4650, 1.000000000000000888 ) ;
#1726 = DIRECTION ( 'NONE',  ( 0.000000000000000000, 0.000000000000000000, -1.000000000000000000 ) ) ;
#1727 = CARTESIAN_POINT ( 'NONE',  ( 10.16000000000000014, 5.300326274489510325, -22.99467494742459905 ) ) ;
#1728 = CONICAL_SURFACE ( 'NONE', #2370, 2.751199999999988322, 0.7853981633974548293 ) ;
#1729 = PRODUCT_RELATED_PRODUCT_CATEGORY ( 'part', '', ( #855 ) ) ;
#1730 = ORIENTED_EDGE ( 'NONE', *, *, #6006, .T. ) ;
#1731 = EDGE_CURVE ( 'NONE', #2715, #1782, #5061, .T. ) ;
#1732 = DIRECTION ( 'NONE',  ( 0.000000000000000000, -1.000000000000000000, 0.000000000000000000 ) ) ;
#1733 = LINE ( 'NONE', #5206, #3609 ) ;
#1734 = VERTEX_POINT ( 'NONE', #1083 ) ;
#1735 = CARTESIAN_POINT ( 'NONE',  ( 3.664911842866625413, 6.992364068100187069, 21.85381980154367199 ) ) ;
#1736 = AXIS2_PLACEMENT_3D ( 'NONE', #1526, #5006, #561 ) ;
#1737 = AXIS2_PLACEMENT_3D ( 'NONE', #5842, #5874, #4982 ) ;
#1738 = CARTESIAN_POINT ( 'NONE',  ( 10.16000000000000014, -5.473161398043879800, -21.13084960392049894 ) ) ;
#1739 = ADVANCED_FACE ( 'NONE', ( #171 ), #3607, .T. ) ;
#1740 = DIRECTION ( 'NONE',  ( -1.000000000000000000, 0.000000000000000000, 0.000000000000000000 ) ) ;
#1741 = VECTOR ( 'NONE', #4422, 1000.000000000000114 ) ;
#1742 = DIRECTION ( 'NONE',  ( 1.000000000000000000, 0.000000000000000000, 0.000000000000000000 ) ) ;
#1743 = CARTESIAN_POINT ( 'NONE',  ( 10.16000000000000014, 6.981494768704890497, 12.04500000001662130 ) ) ;
#1744 = ORIENTED_EDGE ( 'NONE', *, *, #4692, .T. ) ;
#1745 = CARTESIAN_POINT ( 'NONE',  ( 3.730162430995814571, 6.678844692805326666, 21.84527168996734758 ) ) ;
#1746 = FACE_OUTER_BOUND ( 'NONE', #5257, .T. ) ;
#1747 = VECTOR ( 'NONE', #2085, 1000.000000000000000 ) ;
#1748 = ADVANCED_FACE ( 'NONE', ( #203 ), #3061, .F. ) ;
#1749 = LINE ( 'NONE', #4179, #2893 ) ;
#1750 = EDGE_LOOP ( 'NONE', ( #2951, #6188, #2443, #3821 ) ) ;
#1751 = DIRECTION ( 'NONE',  ( 0.000000000000000000, 0.000000000000000000, -1.000000000000000000 ) ) ;
#1752 = ORIENTED_EDGE ( 'NONE', *, *, #3462, .F. ) ;
#1753 = DIRECTION ( 'NONE',  ( 0.000000000000000000, 0.000000000000000000, -1.000000000000000000 ) ) ;
#1754 = CIRCLE ( 'NONE', #6036, 2.699999999999980194 ) ;
#1755 = EDGE_CURVE ( 'NONE', #1840, #4052, #5156, .T. ) ;
#1756 = CARTESIAN_POINT ( 'NONE',  ( 0.000000000000000000, 52.35029476870499821, -33.57880000000000109 ) ) ;
#1757 = CARTESIAN_POINT ( 'NONE',  ( 10.16000000000000014, 5.082272663072159524, -16.75922694958099868 ) ) ;
#1758 = LINE ( 'NONE', #3263, #211 ) ;
#1759 = VERTEX_POINT ( 'NONE', #2574 ) ;
#1760 = DIRECTION ( 'NONE',  ( 1.000000000000000000, 0.000000000000000000, 0.000000000000000000 ) ) ;
#1761 = ORIENTED_EDGE ( 'NONE', *, *, #1903, .T. ) ;
#1762 = AXIS2_PLACEMENT_3D ( 'NONE', #1486, #5887, #33 ) ;
#1763 = CARTESIAN_POINT ( 'NONE',  ( 0.000000000000000000, 10.38149476870498056, 0.000000000000000000 ) ) ;
#1764 = PRODUCT_DEFINITION_CONTEXT ( 'detailed design', #2474, 'design' ) ;
#1765 = AXIS2_PLACEMENT_3D ( 'NONE', #1124, #4986, #1155 ) ;
#1766 = LINE ( 'NONE', #2748, #1305 ) ;
#1767 = VERTEX_POINT ( 'NONE', #1593 ) ;
#1768 = CARTESIAN_POINT ( 'NONE',  ( 3.598942126976558686, 7.249457424928069216, 21.87076172600079360 ) ) ;
#1769 = ORIENTED_EDGE ( 'NONE', *, *, #3974, .F. ) ;
#1770 = CIRCLE ( 'NONE', #1568, 3.000000000000002665 ) ;
#1771 = EDGE_CURVE ( 'NONE', #2886, #462, #612, .T. ) ;
#1772 = DIRECTION ( 'NONE',  ( 0.000000000000000000, 0.000000000000000000, -1.000000000000000000 ) ) ;
#1773 = B_SPLINE_SURFACE_WITH_KNOTS ( 'NONE', 1, 3, ( 
 ( #1653, #6222, #1745, #3725, #5722, #1269, #5216, #783, #4578, #5581, #4797, #3285, #5318, #358, #390, #3791, #4765, #3315, #2854, #1850, #510, #327, #3858, #5349, #6259, #3349, #2341, #1812, #3379, #1781 ),
 ( #6355, #5855, #4311, #2277, #2314, #5821, #1889, #6321, #881, #4829, #4347, #1001, #3825, #1356, #5251, #5981, #2977, #4470, #815, #2375, #4952, #4282, #2494, #1389, #27, #2011, #849, #3973, #4248, #2793 ) ),
 .UNSPECIFIED., .F., .F., .F.,
 ( 2, 2 ),
 ( 4, 2, 2, 2, 2, 2, 2, 2, 2, 2, 2, 2, 2, 2, 4 ),
 ( 0.000000000000000000, 1.000000000000000000 ),
 ( 0.000000000000000000, 9.411130722538958596E-05, 0.0001882226144507791719, 0.0003764452289015583438, 0.0007528904578031166877, 0.0009411130722538959409, 0.001129335686704675086, 0.001317558301155454231, 0.001505780915606233375, 0.001882226144507791882, 0.002070448758958571243, 0.002258671373409350171, 0.002446893987860129099, 0.002635116602310908461, 0.003011561831212466751 ),
 .UNSPECIFIED. ) ;
#1774 = DIRECTION ( 'NONE',  ( 0.7071067811865533459, 0.000000000000000000, -0.7071067811865416886 ) ) ;
#1775 = VECTOR ( 'NONE', #2425, 1000.000000000000000 ) ;
#1776 = CIRCLE ( 'NONE', #3029, 0.5080000000000013394 ) ;
#1777 = EDGE_LOOP ( 'NONE', ( #5234, #4408, #3561, #2547 ) ) ;
#1778 = DIRECTION ( 'NONE',  ( 0.000000000000000000, 0.000000000000000000, -1.000000000000000000 ) ) ;
#1779 = DIRECTION ( 'NONE',  ( 0.000000000000000000, 0.000000000000000000, -1.000000000000000000 ) ) ;
#1780 = ORIENTED_EDGE ( 'NONE', *, *, #2535, .F. ) ;
#1781 = CARTESIAN_POINT ( 'NONE',  ( 2.751199999999998980, 8.847843894287153788, 22.71864299425844536 ) ) ;
#1782 = VERTEX_POINT ( 'NONE', #1141 ) ;
#1783 = CARTESIAN_POINT ( 'NONE',  ( 10.16000000000000014, 9.373494768704960123, 21.84500000001660069 ) ) ;
#1784 = ADVANCED_FACE ( 'NONE', ( #3124 ), #4116, .T. ) ;
#1785 = DIRECTION ( 'NONE',  ( 1.000000000000000000, 0.000000000000000000, 0.000000000000000000 ) ) ;
#1786 = VECTOR ( 'NONE', #4671, 1000.000000000000000 ) ;
#1787 = CYLINDRICAL_SURFACE ( 'NONE', #1126, 0.5079999999999997851 ) ;
#1788 = ORIENTED_EDGE ( 'NONE', *, *, #1459, .T. ) ;
#1789 = VECTOR ( 'NONE', #2810, 1000.000000000000000 ) ;
#1790 = DIRECTION ( 'NONE',  ( 0.000000000000000000, 0.000000000000000000, -1.000000000000000000 ) ) ;
#1791 = LINE ( 'NONE', #2161, #366 ) ;
#1792 = EDGE_CURVE ( 'NONE', #6000, #6004, #6022, .T. ) ;
#1793 = DIRECTION ( 'NONE',  ( -1.000000000000000000, 0.000000000000000000, 0.000000000000000000 ) ) ;
#1794 = CARTESIAN_POINT ( 'NONE',  ( 3.759199999999999875, 7.015741880278999254, -23.55861619662275075 ) ) ;
#1795 = ORIENTED_EDGE ( 'NONE', *, *, #3317, .T. ) ;
#1796 = DIRECTION ( 'NONE',  ( 0.000000000000000000, -1.000000000000000000, 0.000000000000000000 ) ) ;
#1797 = VERTEX_POINT ( 'NONE', #5760 ) ;
#1798 = CARTESIAN_POINT ( 'NONE',  ( 0.5000000000000056621, -4.889697712535269858, -16.21865345080244580 ) ) ;
#1799 = DIRECTION ( 'NONE',  ( 0.000000000000000000, 0.000000000000000000, -1.000000000000000000 ) ) ;
#1800 = ADVANCED_FACE ( 'NONE', ( #6295 ), #4017, .T. ) ;
#1801 = EDGE_LOOP ( 'NONE', ( #3968, #5658, #5098, #2509, #3136 ) ) ;
#1802 = CARTESIAN_POINT ( 'NONE',  ( 2.751199999999998536, 9.881494768704969900, -26.78688693560660283 ) ) ;
#1803 = ORIENTED_EDGE ( 'NONE', *, *, #800, .T. ) ;
#1804 = CYLINDRICAL_SURFACE ( 'NONE', #1670, 0.5080000000000015614 ) ;
#1805 = ORIENTED_EDGE ( 'NONE', *, *, #387, .F. ) ;
#1806 =( NAMED_UNIT ( * ) SI_UNIT ( $, .STERADIAN. ) SOLID_ANGLE_UNIT ( ) );
#1807 = DIRECTION ( 'NONE',  ( 0.000000000000000000, 0.000000000000000000, -1.000000000000000000 ) ) ;
#1808 = DIRECTION ( 'NONE',  ( 0.000000000000000000, 0.000000000000000000, -1.000000000000000000 ) ) ;
#1809 = EDGE_CURVE ( 'NONE', #3333, #6220, #2068, .T. ) ;
#1810 = CARTESIAN_POINT ( 'NONE',  ( 0.5000000000000056621, -1.944586502005110074, -12.46299999998337960 ) ) ;
#1811 = EDGE_LOOP ( 'NONE', ( #1199, #5350, #4028, #4432 ) ) ;
#1812 = CARTESIAN_POINT ( 'NONE',  ( 2.762206988996453561, 8.684029797918123350, 22.57349578369500165 ) ) ;
#1813 = ORIENTED_EDGE ( 'NONE', *, *, #387, .T. ) ;
#1814 = CARTESIAN_POINT ( 'NONE',  ( 0.000000000000000000, 48.10149476870488883, -28.32999999999983487 ) ) ;
#1815 = CARTESIAN_POINT ( 'NONE',  ( 8.251199999999903056, 48.10149476870488883, -28.32999999999983487 ) ) ;
#1816 = CIRCLE ( 'NONE', #2136, 5.500000000000001776 ) ;
#1817 = DIRECTION ( 'NONE',  ( -1.000000000000000000, 0.000000000000000000, 0.000000000000000000 ) ) ;
#1818 = EDGE_CURVE ( 'NONE', #3084, #4202, #1749, .T. ) ;
#1819 = AXIS2_PLACEMENT_3D ( 'NONE', #1390, #2891, #2316 ) ;
#1820 = VERTEX_POINT ( 'NONE', #4801 ) ;
#1821 = CARTESIAN_POINT ( 'NONE',  ( 10.16000000000000014, 1.814613497994890023, 18.84780000001660127 ) ) ;
#1822 = DIRECTION ( 'NONE',  ( 0.000000000000000000, -1.000000000000000000, 0.000000000000000000 ) ) ;
#1823 = AXIS2_PLACEMENT_3D ( 'NONE', #6294, #884, #914 ) ;
#1824 = CIRCLE ( 'NONE', #5454, 0.5080000000000015614 ) ;
#1825 = LINE ( 'NONE', #404, #705 ) ;
#1826 = EDGE_CURVE ( 'NONE', #167, #4752, #4734, .T. ) ;
#1827 = CARTESIAN_POINT ( 'NONE',  ( 3.576373718428059512, 7.234834277710299411, -23.59238273090257820 ) ) ;
#1828 = CARTESIAN_POINT ( 'NONE',  ( 10.16000000000000014, -2.452586502005110081, 13.55300000001662042 ) ) ;
#1829 = CARTESIAN_POINT ( 'NONE',  ( 0.000000000000000000, -1.203119922295897987E-14, -21.34204960392048989 ) ) ;
#1830 = CYLINDRICAL_SURFACE ( 'NONE', #1234, 0.5079999999999997851 ) ;
#1831 = AXIS2_PLACEMENT_3D ( 'NONE', #3752, #5311, #4725 ) ;
#1832 = ORIENTED_EDGE ( 'NONE', *, *, #2731, .F. ) ;
#1833 = EDGE_LOOP ( 'NONE', ( #1376, #6292, #6260, #5593 ) ) ;
#1834 = ADVANCED_FACE ( 'NONE', ( #297 ), #1433, .F. ) ;
#1835 = LINE ( 'NONE', #5844, #311 ) ;
#1836 = ORIENTED_EDGE ( 'NONE', *, *, #1954, .T. ) ;
#1837 = AXIS2_PLACEMENT_3D ( 'NONE', #5907, #1340, #2908 ) ;
#1838 = CARTESIAN_POINT ( 'NONE',  ( 0.000000000000000000, -1.952586502005099423, 0.000000000000000000 ) ) ;
#1839 = ORIENTED_EDGE ( 'NONE', *, *, #89, .T. ) ;
#1840 = VERTEX_POINT ( 'NONE', #821 ) ;
#1841 = VECTOR ( 'NONE', #2327, 1000.000000000000114 ) ;
#1842 = VECTOR ( 'NONE', #4091, 1000.000000000000000 ) ;
#1843 = EDGE_CURVE ( 'NONE', #4705, #1692, #3103, .T. ) ;
#1844 = CARTESIAN_POINT ( 'NONE',  ( 3.002069127919480440, 7.999566632568132718, -23.83784192349203224 ) ) ;
#1845 = ORIENTED_EDGE ( 'NONE', *, *, #2595, .T. ) ;
#1846 = CARTESIAN_POINT ( 'NONE',  ( 7.951199999999901458, 48.10149476870488883, -28.32999999999983487 ) ) ;
#1847 = VERTEX_POINT ( 'NONE', #1274 ) ;
#1848 = VECTOR ( 'NONE', #6193, 1000.000000000000000 ) ;
#1849 = CIRCLE ( 'NONE', #6226, 2.500000000000002220 ) ;
#1850 = CARTESIAN_POINT ( 'NONE',  ( 2.948228711360920240, 8.106468827640787467, 22.19898893674380602 ) ) ;
#1851 = FACE_OUTER_BOUND ( 'NONE', #516, .T. ) ;
#1852 = CYLINDRICAL_SURFACE ( 'NONE', #6414, 0.5080000000000015614 ) ;
#1853 = AXIS2_PLACEMENT_3D ( 'NONE', #5587, #4055, #107 ) ;
#1854 = ORIENTED_EDGE ( 'NONE', *, *, #1656, .T. ) ;
#1855 = AXIS2_PLACEMENT_3D ( 'NONE', #2811, #6338, #1870 ) ;
#1856 = CARTESIAN_POINT ( 'NONE',  ( 0.000000000000000000, 17.10149476870488527, 27.59500000000018360 ) ) ;
#1857 = DIRECTION ( 'NONE',  ( 0.000000000000000000, -1.000000000000000000, -2.188495091758580164E-16 ) ) ;
#1858 = VERTEX_POINT ( 'NONE', #2281 ) ;
#1859 = CARTESIAN_POINT ( 'NONE',  ( 0.5000000000000056621, 6.630294768704969144, 21.84500000001660069 ) ) ;
#1860 = VECTOR ( 'NONE', #1104, 999.9999999999998863 ) ;
#1861 = PLANE ( 'NONE',  #2034 ) ;
#1862 = ADVANCED_FACE ( 'NONE', ( #5322 ), #6191, .T. ) ;
#1863 = AXIS2_PLACEMENT_3D ( 'NONE', #5409, #4916, #1346 ) ;
#1864 = DIRECTION ( 'NONE',  ( 0.000000000000000000, 0.000000000000000000, -1.000000000000000000 ) ) ;
#1865 = CARTESIAN_POINT ( 'NONE',  ( 3.719539206885853044, 7.063250456925302956, -23.56428859684069010 ) ) ;
#1866 = ORIENTED_EDGE ( 'NONE', *, *, #752, .T. ) ;
#1867 = CARTESIAN_POINT ( 'NONE',  ( 16.73648137423847970, 48.10149476870488883, 29.67000000000017579 ) ) ;
#1868 = ORIENTED_EDGE ( 'NONE', *, *, #2552, .F. ) ;
#1869 = LINE ( 'NONE', #1472, #4262 ) ;
#1870 = DIRECTION ( 'NONE',  ( 0.000000000000000000, -1.000000000000000000, 3.110115820146109861E-16 ) ) ;
#1871 = ORIENTED_EDGE ( 'NONE', *, *, #6128, .F. ) ;
#1872 = AXIS2_PLACEMENT_3D ( 'NONE', #5768, #3359, #828 ) ;
#1873 = ADVANCED_FACE ( 'NONE', ( #237 ), #1787, .F. ) ;
#1874 = VERTEX_POINT ( 'NONE', #5255 ) ;
#1875 = DIRECTION ( 'NONE',  ( 0.000000000000000000, 0.000000000000000000, -1.000000000000000000 ) ) ;
#1876 = VERTEX_POINT ( 'NONE', #333 ) ;
#1877 = AXIS2_PLACEMENT_3D ( 'NONE', #356, #4207, #2213 ) ;
#1878 = CARTESIAN_POINT ( 'NONE',  ( 0.000000000000000000, -5.473161398043879800, -19.63224960392044949 ) ) ;
#1879 = ORIENTED_EDGE ( 'NONE', *, *, #3102, .T. ) ;
#1880 = ORIENTED_EDGE ( 'NONE', *, *, #6174, .T. ) ;
#1881 = EDGE_CURVE ( 'NONE', #5247, #4015, #4750, .T. ) ;
#1882 = DIRECTION ( 'NONE',  ( -0.7071067811865434649, 0.7071067811865516806, 0.000000000000000000 ) ) ;
#1883 = VECTOR ( 'NONE', #2335, 1000.000000000000000 ) ;
#1884 = DIRECTION ( 'NONE',  ( -1.000000000000000000, 0.000000000000000000, 0.000000000000000000 ) ) ;
#1885 = EDGE_LOOP ( 'NONE', ( #1453, #5875, #1836, #483, #2593, #6062, #1946 ) ) ;
#1886 = LINE ( 'NONE', #909, #2916 ) ;
#1887 = ORIENTED_EDGE ( 'NONE', *, *, #1721, .T. ) ;
#1888 = AXIS2_PLACEMENT_3D ( 'NONE', #3011, #4594, #4098 ) ;
#1889 = CARTESIAN_POINT ( 'NONE',  ( 3.686315541926379780, 6.909740362048163220, 21.85004240761152516 ) ) ;
#1890 = ORIENTED_EDGE ( 'NONE', *, *, #4185, .F. ) ;
#1891 = LINE ( 'NONE', #3350, #3168 ) ;
#1892 = EDGE_CURVE ( 'NONE', #6039, #5175, #4675, .T. ) ;
#1893 = DIRECTION ( 'NONE',  ( -1.000000000000000000, 0.000000000000000000, 0.000000000000000000 ) ) ;
#1894 = CARTESIAN_POINT ( 'NONE',  ( 16.73648137423847970, 48.10149476870488883, -28.32999999999983487 ) ) ;
#1895 = ORIENTED_EDGE ( 'NONE', *, *, #1140, .F. ) ;
#1896 = CARTESIAN_POINT ( 'NONE',  ( 10.16000000000000014, -10.22387382247591958, -5.902756303567260332 ) ) ;
#1897 = AXIS2_PLACEMENT_3D ( 'NONE', #1171, #4079, #6090 ) ;
#1898 = DIRECTION ( 'NONE',  ( 0.000000000000000000, 0.000000000000000000, 1.000000000000000000 ) ) ;
#1899 = AXIS2_PLACEMENT_3D ( 'NONE', #4067, #636, #154 ) ;
#1900 = CARTESIAN_POINT ( 'NONE',  ( 8.251199999999903056, 48.10149476870488883, 29.67000000000017579 ) ) ;
#1901 = DIRECTION ( 'NONE',  ( 0.000000000000000000, 0.000000000000000000, -1.000000000000000000 ) ) ;
#1902 = ORIENTED_EDGE ( 'NONE', *, *, #4920, .T. ) ;
#1903 = EDGE_CURVE ( 'NONE', #4052, #4043, #1716, .T. ) ;
#1904 = CARTESIAN_POINT ( 'NONE',  ( 8.251199999999903056, 48.10149476870488883, 32.37000000000015376 ) ) ;
#1905 = VERTEX_POINT ( 'NONE', #6326 ) ;
#1906 = PLANE ( 'NONE',  #2211 ) ;
#1907 = ORIENTED_EDGE ( 'NONE', *, *, #5743, .T. ) ;
#1908 = DIRECTION ( 'NONE',  ( 0.000000000000000000, 0.000000000000000000, -1.000000000000000000 ) ) ;
#1909 = ORIENTED_EDGE ( 'NONE', *, *, #3161, .F. ) ;
#1910 = LINE ( 'NONE', #4300, #2688 ) ;
#1911 = VERTEX_POINT ( 'NONE', #1856 ) ;
#1912 = EDGE_CURVE ( 'NONE', #2800, #378, #5825, .T. ) ;
#1913 = DIRECTION ( 'NONE',  ( 0.000000000000000000, -0.4373172342754225728, -0.8993073093251801042 ) ) ;
#1914 = ORIENTED_EDGE ( 'NONE', *, *, #5585, .T. ) ;
#1915 = CARTESIAN_POINT ( 'NONE',  ( 10.16000000000000014, -3.926503319182129914, -23.41328918922000213 ) ) ;
#1916 = CARTESIAN_POINT ( 'NONE',  ( 2.809710954279670325, 8.387743469734486368, -24.05161207606371576 ) ) ;
#1917 = PLANE ( 'NONE',  #1127 ) ;
#1918 = VERTEX_POINT ( 'NONE', #2699 ) ;
#1919 = EDGE_CURVE ( 'NONE', #6165, #3654, #2219, .T. ) ;
#1920 = LINE ( 'NONE', #427, #429 ) ;
#1921 = LINE ( 'NONE', #1727, #5161 ) ;
#1922 = ORIENTED_EDGE ( 'NONE', *, *, #1592, .T. ) ;
#1923 = CARTESIAN_POINT ( 'NONE',  ( 2.751199999999998980, 8.692589132800922158, -24.27347423654222780 ) ) ;
#1924 = LINE ( 'NONE', #6262, #4820 ) ;
#1925 = DIRECTION ( 'NONE',  ( 0.000000000000000000, 0.000000000000000000, -1.000000000000000000 ) ) ;
#1926 = EDGE_CURVE ( 'NONE', #469, #1425, #3312, .T. ) ;
#1927 = ORIENTED_EDGE ( 'NONE', *, *, #2866, .F. ) ;
#1928 = CARTESIAN_POINT ( 'NONE',  ( 0.5000000000000056621, -2.720422585859064935, 21.84500000001660069 ) ) ;
#1929 = CARTESIAN_POINT ( 'NONE',  ( 10.16000000000000014, 9.600459504676841505, -23.10916995682899966 ) ) ;
#1930 = LINE ( 'NONE', #924, #715 ) ;
#1931 = AXIS2_PLACEMENT_3D ( 'NONE', #5253, #2795, #850 ) ;
#1932 = DIRECTION ( 'NONE',  ( 1.000000000000000000, 0.000000000000000000, 0.000000000000000000 ) ) ;
#1933 = CARTESIAN_POINT ( 'NONE',  ( 0.5000000000000056621, -5.236805534435400311, -22.85771978476894972 ) ) ;
#1934 = ORIENTED_EDGE ( 'NONE', *, *, #6244, .T. ) ;
#1935 = CARTESIAN_POINT ( 'NONE',  ( 10.16000000000000014, -4.169871006227380050, -16.38859677047480190 ) ) ;
#1936 = DIRECTION ( 'NONE',  ( -1.000000000000000000, 0.000000000000000000, 0.000000000000000000 ) ) ;
#1937 = ORIENTED_EDGE ( 'NONE', *, *, #2108, .F. ) ;
#1938 = CIRCLE ( 'NONE', #4419, 3.000000000000002665 ) ;
#1939 = EDGE_CURVE ( 'NONE', #4382, #3305, #99, .T. ) ;
#1940 = CARTESIAN_POINT ( 'NONE',  ( 10.16000000000000014, -3.908200656061839862, -22.90561900837154852 ) ) ;
#1941 = EDGE_LOOP ( 'NONE', ( #5705, #2675, #217, #5037 ) ) ;
#1942 = DIRECTION ( 'NONE',  ( 1.000000000000000000, 0.000000000000000000, 0.000000000000000000 ) ) ;
#1943 = ORIENTED_EDGE ( 'NONE', *, *, #4805, .F. ) ;
#1944 = CARTESIAN_POINT ( 'NONE',  ( 2.751199999999998536, 13.13269476870496177, -36.82999999999999119 ) ) ;
#1945 = MECHANICAL_DESIGN_GEOMETRIC_PRESENTATION_REPRESENTATION (  '', ( #2765 ), #4626 ) ;
#1946 = ORIENTED_EDGE ( 'NONE', *, *, #3884, .T. ) ;
#1947 = EDGE_CURVE ( 'NONE', #1070, #3490, #5384, .T. ) ;
#1948 = DIRECTION ( 'NONE',  ( 0.000000000000000000, 0.000000000000000000, 1.000000000000000000 ) ) ;
#1949 = EDGE_LOOP ( 'NONE', ( #4538, #3776 ) ) ;
#1950 = CARTESIAN_POINT ( 'NONE',  ( 0.5000000000000056621, -5.463622585859059910, 16.56180000001660346 ) ) ;
#1951 = ORIENTED_EDGE ( 'NONE', *, *, #2794, .T. ) ;
#1952 = AXIS2_PLACEMENT_3D ( 'NONE', #1543, #575, #2529 ) ;
#1953 = CARTESIAN_POINT ( 'NONE',  ( 2.779015079288313039, 8.486903909463931583, -24.11774669429679818 ) ) ;
#1954 = EDGE_CURVE ( 'NONE', #3348, #3851, #3383, .T. ) ;
#1955 = CARTESIAN_POINT ( 'NONE',  ( 0.000000000000000000, 0.9359217687046113010, -21.34204960392043660 ) ) ;
#1956 = VECTOR ( 'NONE', #109, 1000.000000000000000 ) ;
#1957 = ORIENTED_EDGE ( 'NONE', *, *, #3964, .T. ) ;
#1958 = DIRECTION ( 'NONE',  ( 1.000000000000000000, 0.000000000000000000, 0.000000000000000000 ) ) ;
#1959 = CARTESIAN_POINT ( 'NONE',  ( 3.633377004534561472, 6.840950443177179707, 21.85167644470769233 ) ) ;
#1960 = AXIS2_PLACEMENT_3D ( 'NONE', #2320, #4287, #5789 ) ;
#1961 = CIRCLE ( 'NONE', #5579, 3.000000000000002665 ) ;
#1962 = EDGE_CURVE ( 'NONE', #3019, #176, #2442, .T. ) ;
#1963 = CARTESIAN_POINT ( 'NONE',  ( 3.539811803875692942, 7.700922978258372353, -23.63834883977907708 ) ) ;
#1964 = CARTESIAN_POINT ( 'NONE',  ( 0.000000000000000000, 0.7986134979948910084, 16.04220000001659940 ) ) ;
#1965 = CARTESIAN_POINT ( 'NONE',  ( 9.652000000000001023, 5.614294768704970018, -15.13619999998369892 ) ) ;
#1966 = EDGE_LOOP ( 'NONE', ( #3435, #4944, #2207, #5142 ) ) ;
#1967 = AXIS2_PLACEMENT_3D ( 'NONE', #1045, #4932, #394 ) ;
#1968 = CARTESIAN_POINT ( 'NONE',  ( 3.759199999999999875, 9.373494768704970781, -22.65469112495100035 ) ) ;
#1969 = DIRECTION ( 'NONE',  ( 0.000000000000000000, 0.000000000000000000, -1.000000000000000000 ) ) ;
#1970 = FACE_OUTER_BOUND ( 'NONE', #1298, .T. ) ;
#1971 = VERTEX_POINT ( 'NONE', #1988 ) ;
#1972 = ADVANCED_FACE ( 'NONE', ( #3475 ), #4964, .T. ) ;
#1973 = AXIS2_PLACEMENT_3D ( 'NONE', #3210, #651, #3922 ) ;
#1974 = LINE ( 'NONE', #1440, #302 ) ;
#1975 = DIRECTION ( 'NONE',  ( 0.7071067811865435759, 0.6123724356957994663, 0.3535533905932730092 ) ) ;
#1976 = VERTEX_POINT ( 'NONE', #4387 ) ;
#1977 = DIRECTION ( 'NONE',  ( 0.000000000000000000, 0.000000000000000000, -1.000000000000000000 ) ) ;
#1978 = VERTEX_POINT ( 'NONE', #4931 ) ;
#1979 = ORIENTED_EDGE ( 'NONE', *, *, #5950, .T. ) ;
#1980 = CIRCLE ( 'NONE', #1863, 1.875000000000015543 ) ;
#1981 = AXIS2_PLACEMENT_3D ( 'NONE', #1965, #6001, #3548 ) ;
#1982 = ORIENTED_EDGE ( 'NONE', *, *, #1231, .F. ) ;
#1983 = DIRECTION ( 'NONE',  ( 0.000000000000000000, 1.000000000000000000, 0.000000000000000000 ) ) ;
#1984 = ORIENTED_EDGE ( 'NONE', *, *, #2445, .T. ) ;
#1985 = EDGE_CURVE ( 'NONE', #5543, #5973, #2894, .T. ) ;
#1986 = AXIS2_PLACEMENT_3D ( 'NONE', #3178, #5148, #2450 ) ;
#1987 = FACE_OUTER_BOUND ( 'NONE', #6407, .T. ) ;
#1988 = CARTESIAN_POINT ( 'NONE',  ( 10.16000000000000014, 9.881494768704969900, -22.65469112495100035 ) ) ;
#1989 = AXIS2_PLACEMENT_3D ( 'NONE', #3172, #6178, #4695 ) ;
#1990 = ORIENTED_EDGE ( 'NONE', *, *, #3852, .F. ) ;
#1991 = CARTESIAN_POINT ( 'NONE',  ( 5.751199999999999868, 17.10149476870488527, 29.67000000000017579 ) ) ;
#1992 = ADVANCED_FACE ( 'NONE', ( #4449 ), #5483, .T. ) ;
#1993 = CARTESIAN_POINT ( 'NONE',  ( 3.004074003482150257, 7.983118162632786508, 22.13964128207061322 ) ) ;
#1994 = AXIS2_PLACEMENT_3D ( 'NONE', #6276, #1796, #3774 ) ;
#1995 = DIRECTION ( 'NONE',  ( 1.000000000000000000, 0.000000000000000000, 0.000000000000000000 ) ) ;
#1996 = FACE_OUTER_BOUND ( 'NONE', #3524, .T. ) ;
#1997 = CARTESIAN_POINT ( 'NONE',  ( 0.000000000000000000, -1.944586502005110074, -12.45499999998339113 ) ) ;
#1998 = VERTEX_POINT ( 'NONE', #1955 ) ;
#1999 = CARTESIAN_POINT ( 'NONE',  ( 3.609887601384328626, 7.478203013353985185, -23.61256242926547344 ) ) ;
#2000 = EDGE_CURVE ( 'NONE', #1411, #1634, #2415, .T. ) ;
#2001 = ORIENTED_EDGE ( 'NONE', *, *, #4845, .T. ) ;
#2002 = CARTESIAN_POINT ( 'NONE',  ( 10.16000000000000014, 7.489494768704889616, 16.04220000001659940 ) ) ;
#2003 = ORIENTED_EDGE ( 'NONE', *, *, #1357, .F. ) ;
#2004 = AXIS2_PLACEMENT_3D ( 'NONE', #4606, #2118, #1712 ) ;
#2005 = CARTESIAN_POINT ( 'NONE',  ( 0.5000000000000052180, 9.881494768704969900, 25.09620000001660145 ) ) ;
#2006 = ORIENTED_EDGE ( 'NONE', *, *, #1349, .T. ) ;
#2007 = PLANE ( 'NONE',  #5083 ) ;
#2008 = EDGE_CURVE ( 'NONE', #1705, #1172, #5858, .T. ) ;
#2009 = AXIS2_PLACEMENT_3D ( 'NONE', #4621, #183, #2106 ) ;
#2010 = ORIENTED_EDGE ( 'NONE', *, *, #3132, .T. ) ;
#2011 = CARTESIAN_POINT ( 'NONE',  ( 3.276499920913486186, 8.801599269607566001, 22.19357899262786660 ) ) ;
#2012 = CARTESIAN_POINT ( 'NONE',  ( 0.000000000000000000, -1.102755973442474026E-14, 36.32999999999997698 ) ) ;
#2013 = DIRECTION ( 'NONE',  ( 0.000000000000000000, 0.000000000000000000, 1.000000000000000000 ) ) ;
#2014 = PLANE ( 'NONE',  #2787 ) ;
#2015 = ORIENTED_EDGE ( 'NONE', *, *, #2000, .T. ) ;
#2016 = DIRECTION ( 'NONE',  ( -1.000000000000000000, -0.000000000000000000, -0.000000000000000000 ) ) ;
#2017 = ORIENTED_EDGE ( 'NONE', *, *, #3167, .T. ) ;
#2018 = CARTESIAN_POINT ( 'NONE',  ( 3.286574490758327194, 8.661911422411035844, -23.78595692699608932 ) ) ;
#2019 = DIRECTION ( 'NONE',  ( -1.000000000000000000, 0.000000000000000000, 0.000000000000000000 ) ) ;
#2020 = EDGE_CURVE ( 'NONE', #2087, #675, #202, .T. ) ;
#2021 = CARTESIAN_POINT ( 'NONE',  ( 0.5000000000000056621, -4.780767527950259550E-15, 21.84500000001660069 ) ) ;
#2022 = ORIENTED_EDGE ( 'NONE', *, *, #1576, .F. ) ;
#2023 = CARTESIAN_POINT ( 'NONE',  ( 9.652000000000001023, 1.814613497994890023, 16.04220000001659940 ) ) ;
#2024 = ORIENTED_EDGE ( 'NONE', *, *, #4138, .F. ) ;
#2025 = DIRECTION ( 'NONE',  ( -1.000000000000000000, -0.000000000000000000, -0.000000000000000000 ) ) ;
#2026 = ADVANCED_FACE ( 'NONE', ( #37 ), #4903, .T. ) ;
#2027 = CARTESIAN_POINT ( 'NONE',  ( 3.509390004136772490, 7.800106018837257515, -23.65015826142069599 ) ) ;
#2028 = CARTESIAN_POINT ( 'NONE',  ( 0.5080000000000000071, 6.981494768704890497, 0.000000000000000000 ) ) ;
#2029 = AXIS2_PLACEMENT_3D ( 'NONE', #4683, #4739, #5697 ) ;
#2030 = CARTESIAN_POINT ( 'NONE',  ( 0.000000000000000000, 0.000000000000000000, 17.64500000000001023 ) ) ;
#2031 = FACE_OUTER_BOUND ( 'NONE', #1146, .T. ) ;
#2032 = DIRECTION ( 'NONE',  ( 1.000000000000000000, 0.000000000000000000, 0.000000000000000000 ) ) ;
#2033 = EDGE_LOOP ( 'NONE', ( #421, #4536, #4152, #1370 ) ) ;
#2034 = AXIS2_PLACEMENT_3D ( 'NONE', #2865, #4906, #1822 ) ;
#2035 = ADVANCED_FACE ( 'NONE', ( #3447 ), #1033, .T. ) ;
#2036 = PLANE ( 'NONE',  #621 ) ;
#2037 = ORIENTED_EDGE ( 'NONE', *, *, #637, .F. ) ;
#2038 = LINE ( 'NONE', #5599, #848 ) ;
#2039 = AXIS2_PLACEMENT_3D ( 'NONE', #187, #2206, #3681 ) ;
#2040 = CARTESIAN_POINT ( 'NONE',  ( 10.16000000000000014, 1.814613497994890023, 15.02620000001659939 ) ) ;
#2041 = ADVANCED_FACE ( 'NONE', ( #1010 ), #520, .F. ) ;
#2042 = CIRCLE ( 'NONE', #3893, 0.5080000000000015614 ) ;
#2043 = DIRECTION ( 'NONE',  ( 0.7071067811865515695, 0.7071067811865435759, 0.000000000000000000 ) ) ;
#2044 = VERTEX_POINT ( 'NONE', #395 ) ;
#2045 = DIRECTION ( 'NONE',  ( 0.7071067811865439090, -0.2418583633969235425, -0.6644580739632612865 ) ) ;
#2046 = ORIENTED_EDGE ( 'NONE', *, *, #4855, .F. ) ;
#2047 = CARTESIAN_POINT ( 'NONE',  ( 2.994643481582325517, 8.010935528263985361, -23.84281199703524834 ) ) ;
#2048 = ADVANCED_FACE ( 'NONE', ( #1394 ), #1423, .F. ) ;
#2049 = CYLINDRICAL_SURFACE ( 'NONE', #415, 3.251200000000002532 ) ;
#2050 = VERTEX_POINT ( 'NONE', #5894 ) ;
#2051 = AXIS2_PLACEMENT_3D ( 'NONE', #5742, #4131, #1189 ) ;
#2052 = DIRECTION ( 'NONE',  ( 0.000000000000000000, 0.000000000000000000, -1.000000000000000000 ) ) ;
#2053 = VERTEX_POINT ( 'NONE', #4997 ) ;
#2054 = DIRECTION ( 'NONE',  ( 0.000000000000000000, 0.000000000000000000, -1.000000000000000000 ) ) ;
#2055 = AXIS2_PLACEMENT_3D ( 'NONE', #5262, #369, #5798 ) ;
#2056 = ADVANCED_BREP_SHAPE_REPRESENTATION ( 'DIN_RAIL-MOUNT FOR-Buck Converter', ( #6377, #4421 ), #3585 ) ;
#2057 = CARTESIAN_POINT ( 'NONE',  ( 0.000000000000000000, -3.926503319182135243, -24.14499999999445023 ) ) ;
#2058 = ORIENTED_EDGE ( 'NONE', *, *, #1165, .T. ) ;
#2059 = CARTESIAN_POINT ( 'NONE',  ( 16.73648137423847970, 17.10149476870488527, -29.90499999999983416 ) ) ;
#2060 = LINE ( 'NONE', #1564, #4250 ) ;
#2061 = ORIENTED_EDGE ( 'NONE', *, *, #5184, .F. ) ;
#2062 = CARTESIAN_POINT ( 'NONE',  ( 0.000000000000000000, 5.082272663072159524, -16.75922694958099868 ) ) ;
#2063 = AXIS2_PLACEMENT_3D ( 'NONE', #5097, #3637, #3125 ) ;
#2064 = CARTESIAN_POINT ( 'NONE',  ( 0.1666786273707662469, -2.092115847668879258, -17.47832137262924590 ) ) ;
#2065 = AXIS2_PLACEMENT_3D ( 'NONE', #2558, #1482, #4037 ) ;
#2066 = ADVANCED_FACE ( 'NONE', ( #553 ), #3564, .T. ) ;
#2067 = ORIENTED_EDGE ( 'NONE', *, *, #817, .T. ) ;
#2068 = CIRCLE ( 'NONE', #3919, 29.15920000000000201 ) ;
#2069 = DIRECTION ( 'NONE',  ( 1.000000000000000000, 0.000000000000000000, 0.000000000000000000 ) ) ;
#2070 = EDGE_LOOP ( 'NONE', ( #4167, #4183, #1338, #373 ) ) ;
#2071 = FACE_OUTER_BOUND ( 'NONE', #1046, .T. ) ;
#2072 = CARTESIAN_POINT ( 'NONE',  ( 0.000000000000000000, -3.568438990460147231, 17.64500000000001023 ) ) ;
#2073 = EDGE_CURVE ( 'NONE', #2104, #1480, #3053, .T. ) ;
#2074 = VECTOR ( 'NONE', #2472, 1000.000000000000114 ) ;
#2075 = CARTESIAN_POINT ( 'NONE',  ( 5.751199999999999868, 48.10149476870488883, -28.32999999999983487 ) ) ;
#2076 = VERTEX_POINT ( 'NONE', #4543 ) ;
#2077 = CIRCLE ( 'NONE', #941, 0.5080000000000000071 ) ;
#2078 = CARTESIAN_POINT ( 'NONE',  ( 3.422013236416794335, 7.987298663892590689, 21.97301797074819874 ) ) ;
#2079 = EDGE_LOOP ( 'NONE', ( #3604, #5475, #5209, #4977 ) ) ;
#2080 = EDGE_CURVE ( 'NONE', #2050, #4469, #1044, .T. ) ;
#2081 = CARTESIAN_POINT ( 'NONE',  ( 3.501501755831301743, 7.824203779289843119, -23.65265799398240176 ) ) ;
#2082 = AXIS2_PLACEMENT_3D ( 'NONE', #3900, #1369, #894 ) ;
#2083 = DIRECTION ( 'NONE',  ( 0.000000000000000000, 0.4467809763225849551, -0.8946433698386400124 ) ) ;
#2084 = ORIENTED_EDGE ( 'NONE', *, *, #2080, .F. ) ;
#2085 = DIRECTION ( 'NONE',  ( 0.000000000000000000, 1.000000000000000000, 0.000000000000000000 ) ) ;
#2086 = DIRECTION ( 'NONE',  ( 1.000000000000000000, 0.000000000000000000, 0.000000000000000000 ) ) ;
#2087 = VERTEX_POINT ( 'NONE', #5612 ) ;
#2088 = VECTOR ( 'NONE', #4381, 1000.000000000000000 ) ;
#2089 = DIRECTION ( 'NONE',  ( 0.000000000000000000, 0.000000000000000000, -1.000000000000000000 ) ) ;
#2090 = ADVANCED_FACE ( 'NONE', ( #682 ), #6119, .F. ) ;
#2091 = DIRECTION ( 'NONE',  ( 0.000000000000000000, 0.000000000000000000, -1.000000000000000000 ) ) ;
#2092 = CARTESIAN_POINT ( 'NONE',  ( 0.000000000000000000, -1.944586502005110074, 13.55300000001662042 ) ) ;
#2093 = DIRECTION ( 'NONE',  ( 0.7071067811865515695, 0.7071067811865435759, 0.000000000000000000 ) ) ;
#2094 = LINE ( 'NONE', #1527, #5600 ) ;
#2095 = ORIENTED_EDGE ( 'NONE', *, *, #4068, .T. ) ;
#2096 = DIRECTION ( 'NONE',  ( 1.000000000000000000, 0.000000000000000000, 0.000000000000000000 ) ) ;
#2097 = ORIENTED_EDGE ( 'NONE', *, *, #4041, .F. ) ;
#2098 = CIRCLE ( 'NONE', #3443, 1.708000000000316820 ) ;
#2099 = FACE_OUTER_BOUND ( 'NONE', #2400, .T. ) ;
#2100 = VERTEX_POINT ( 'NONE', #3083 ) ;
#2101 = VECTOR ( 'NONE', #4494, 1000.000000000000000 ) ;
#2102 = ADVANCED_FACE ( 'NONE', ( #1168 ), #4634, .F. ) ;
#2103 = DIRECTION ( 'NONE',  ( 0.000000000000000000, -1.000000000000000000, -3.035386659626960118E-16 ) ) ;
#2104 = VERTEX_POINT ( 'NONE', #1551 ) ;
#2105 = DIRECTION ( 'NONE',  ( 0.7071067811865512365, 0.000000000000000000, -0.7071067811865439090 ) ) ;
#2106 = DIRECTION ( 'NONE',  ( 0.000000000000000000, 0.000000000000000000, -1.000000000000000000 ) ) ;
#2107 = CIRCLE ( 'NONE', #2521, 2.074999999999993516 ) ;
#2108 = EDGE_CURVE ( 'NONE', #1275, #6220, #4511, .T. ) ;
#2109 = DIRECTION ( 'NONE',  ( -1.000000000000000000, -0.000000000000000000, -0.000000000000000000 ) ) ;
#2110 = AXIS2_PLACEMENT_3D ( 'NONE', #4562, #5109, #6014 ) ;
#2111 = ORIENTED_EDGE ( 'NONE', *, *, #2205, .F. ) ;
#2112 = CARTESIAN_POINT ( 'NONE',  ( 3.579100303532856575, 7.328090477345315712, 21.87799256043696516 ) ) ;
#2113 = EDGE_LOOP ( 'NONE', ( #5757, #3915, #6020, #5383 ) ) ;
#2114 = DIRECTION ( 'NONE',  ( 0.000000000000000000, 1.000000000000000000, 3.771137991253929806E-17 ) ) ;
#2115 = ADVANCED_FACE ( 'NONE', ( #2597 ), #2049, .T. ) ;
#2116 = DIRECTION ( 'NONE',  ( 0.000000000000000000, 0.000000000000000000, -1.000000000000000000 ) ) ;
#2117 = EDGE_LOOP ( 'NONE', ( #2461, #2330, #4062, #1352 ) ) ;
#2118 = DIRECTION ( 'NONE',  ( -0.000000000000000000, 1.000000000000000000, 0.000000000000000000 ) ) ;
#2119 = ORIENTED_EDGE ( 'NONE', *, *, #2433, .T. ) ;
#2120 = CARTESIAN_POINT ( 'NONE',  ( 2.818857705873638597, 8.450095912791198316, 22.40109477528146797 ) ) ;
#2121 = EDGE_CURVE ( 'NONE', #1275, #940, #934, .T. ) ;
#2122 = DIRECTION ( 'NONE',  ( 1.000000000000000000, 0.000000000000000000, 0.000000000000000000 ) ) ;
#2123 = FACE_BOUND ( 'NONE', #3520, .T. ) ;
#2124 = CARTESIAN_POINT ( 'NONE',  ( 10.16000000000000014, -8.994361398043880129, -24.65299999999444935 ) ) ;
#2125 = VERTEX_POINT ( 'NONE', #6152 ) ;
#2126 = CARTESIAN_POINT ( 'NONE',  ( 10.16000000000000014, 9.881494768704969900, 21.33700000001659802 ) ) ;
#2127 = ORIENTED_EDGE ( 'NONE', *, *, #59, .F. ) ;
#2128 = CARTESIAN_POINT ( 'NONE',  ( 0.000000000000000000, -1.952586502005099423, -12.46299999998337960 ) ) ;
#2129 = ORIENTED_EDGE ( 'NONE', *, *, #6044, .F. ) ;
#2130 = EDGE_CURVE ( 'NONE', #1876, #6183, #3023, .T. ) ;
#2131 = VECTOR ( 'NONE', #149, 1000.000000000000000 ) ;
#2132 = LINE ( 'NONE', #2005, #4557 ) ;
#2133 = EDGE_LOOP ( 'NONE', ( #2355, #3229, #2340, #2876 ) ) ;
#2134 = DIRECTION ( 'NONE',  ( 0.000000000000000000, 0.000000000000000000, 1.000000000000000000 ) ) ;
#2135 = DIRECTION ( 'NONE',  ( 0.000000000000000000, 0.000000000000000000, -1.000000000000000000 ) ) ;
#2136 = AXIS2_PLACEMENT_3D ( 'NONE', #4053, #2025, #5998 ) ;
#2137 = EDGE_CURVE ( 'NONE', #4529, #2626, #68, .T. ) ;
#2138 = DIRECTION ( 'NONE',  ( 1.000000000000000000, 0.000000000000000000, 0.000000000000000000 ) ) ;
#2139 = TOROIDAL_SURFACE ( 'NONE', #5552, 1.016000000000000014, 0.5080000000000000071 ) ;
#2140 = FACE_BOUND ( 'NONE', #6402, .T. ) ;
#2141 = ORIENTED_EDGE ( 'NONE', *, *, #2913, .F. ) ;
#2142 = CARTESIAN_POINT ( 'NONE',  ( 3.406727279715572099, 8.057267774766014412, 21.98701327366468306 ) ) ;
#2143 = EDGE_CURVE ( 'NONE', #6268, #5512, #824, .T. ) ;
#2144 = EDGE_CURVE ( 'NONE', #5106, #2428, #4573, .T. ) ;
#2145 = FACE_OUTER_BOUND ( 'NONE', #1419, .T. ) ;
#2146 = ORIENTED_EDGE ( 'NONE', *, *, #4914, .T. ) ;
#2147 = DIRECTION ( 'NONE',  ( 1.000000000000000000, 0.000000000000000000, 0.000000000000000000 ) ) ;
#2148 = ORIENTED_EDGE ( 'NONE', *, *, #1554, .T. ) ;
#2149 = LINE ( 'NONE', #3596, #6058 ) ;
#2150 = ORIENTED_EDGE ( 'NONE', *, *, #5391, .T. ) ;
#2151 = CARTESIAN_POINT ( 'NONE',  ( 5.751199999999999868, 17.10149476870488527, 26.67000000000017224 ) ) ;
#2152 = EDGE_CURVE ( 'NONE', #5973, #2747, #1241, .T. ) ;
#2153 = DIRECTION ( 'NONE',  ( 0.000000000000000000, 0.000000000000000000, -1.000000000000000000 ) ) ;
#2154 = CARTESIAN_POINT ( 'NONE',  ( 0.000000000000000000, 0.7986134979948900092, 18.84780000001660127 ) ) ;
#2155 = AXIS2_PLACEMENT_3D ( 'NONE', #298, #2437, #2283 ) ;
#2156 = DIRECTION ( 'NONE',  ( 0.000000000000000000, 0.000000000000000000, 1.000000000000000000 ) ) ;
#2157 = VERTEX_POINT ( 'NONE', #6060 ) ;
#2158 = DIRECTION ( 'NONE',  ( 1.000000000000000000, 0.000000000000000000, 0.000000000000000000 ) ) ;
#2159 = LINE ( 'NONE', #5624, #1842 ) ;
#2160 = VERTEX_POINT ( 'NONE', #5519 ) ;
#2161 = CARTESIAN_POINT ( 'NONE',  ( 8.251199999999903056, 48.10149476870488883, 32.37000000000015376 ) ) ;
#2162 = EDGE_CURVE ( 'NONE', #4917, #2192, #4077, .T. ) ;
#2163 = CIRCLE ( 'NONE', #5468, 5.500000000000001776 ) ;
#2164 = CARTESIAN_POINT ( 'NONE',  ( 3.251200000000000312, 52.35029476870499821, -36.33000000000000540 ) ) ;
#2165 = VERTEX_POINT ( 'NONE', #4604 ) ;
#2166 = CIRCLE ( 'NONE', #3301, 1.015999999999999570 ) ;
#2167 = VECTOR ( 'NONE', #6309, 1000.000000000000000 ) ;
#2168 = DIRECTION ( 'NONE',  ( -1.000000000000000000, 0.000000000000000000, 0.000000000000000000 ) ) ;
#2169 = DIRECTION ( 'NONE',  ( 0.000000000000000000, 0.000000000000000000, -1.000000000000000000 ) ) ;
#2170 = DIRECTION ( 'NONE',  ( 0.000000000000000000, 5.014445018423550594E-16, 1.000000000000000000 ) ) ;
#2171 = ADVANCED_FACE ( 'NONE', ( #5118 ), #194, .F. ) ;
#2172 = CIRCLE ( 'NONE', #5380, 27.50800000000165468 ) ;
#2173 = VECTOR ( 'NONE', #5420, 1000.000000000000000 ) ;
#2174 = ORIENTED_EDGE ( 'NONE', *, *, #2817, .T. ) ;
#2175 = CARTESIAN_POINT ( 'NONE',  ( 9.652000000000001023, 6.473494768704890490, 19.86380000001660306 ) ) ;
#2176 = EDGE_LOOP ( 'NONE', ( #2735, #125, #6162, #6031 ) ) ;
#2177 = CARTESIAN_POINT ( 'NONE',  ( 3.516819433371128678, 7.579477417433905906, 21.90632830720308277 ) ) ;
#2178 = AXIS2_PLACEMENT_3D ( 'NONE', #2181, #5485, #3663 ) ;
#2179 = DIRECTION ( 'NONE',  ( 0.000000000000000000, 3.771137991253929806E-17, -1.000000000000000000 ) ) ;
#2180 = AXIS2_PLACEMENT_3D ( 'NONE', #836, #4852, #2845 ) ;
#2181 = CARTESIAN_POINT ( 'NONE',  ( 16.73648137423847970, 48.10149476870488883, 29.67000000000017579 ) ) ;
#2182 = DIRECTION ( 'NONE',  ( 0.000000000000000000, 0.000000000000000000, 1.000000000000000000 ) ) ;
#2183 = EDGE_CURVE ( 'NONE', #4691, #3932, #1236, .T. ) ;
#2184 = ORIENTED_EDGE ( 'NONE', *, *, #5968, .T. ) ;
#2185 = DIRECTION ( 'NONE',  ( -0.7071067811865439090, 0.000000000000000000, 0.7071067811865512365 ) ) ;
#2186 = ORIENTED_EDGE ( 'NONE', *, *, #3248, .F. ) ;
#2187 = VECTOR ( 'NONE', #562, 999.9999999999998863 ) ;
#2188 = CARTESIAN_POINT ( 'NONE',  ( 3.251200000000000312, 10.38149476870496457, -33.57880000000000109 ) ) ;
#2189 = CARTESIAN_POINT ( 'NONE',  ( 0.5080000000000000071, 2.065286086174685121, -14.44419999998338078 ) ) ;
#2190 = CARTESIAN_POINT ( 'NONE',  ( 2.751199999999998536, 55.60149476870499541, -33.57880000000000109 ) ) ;
#2191 = ADVANCED_FACE ( 'NONE', ( #5214 ), #652, .T. ) ;
#2192 = VERTEX_POINT ( 'NONE', #1213 ) ;
#2193 = DIRECTION ( 'NONE',  ( 0.000000000000000000, 0.000000000000000000, -1.000000000000000000 ) ) ;
#2194 = ORIENTED_EDGE ( 'NONE', *, *, #974, .F. ) ;
#2195 = CARTESIAN_POINT ( 'NONE',  ( 10.16000000000000014, -2.452586502005110081, -12.46299999998337960 ) ) ;
#2196 = VECTOR ( 'NONE', #4274, 1000.000000000000000 ) ;
#2197 = DIRECTION ( 'NONE',  ( -1.000000000000000000, 0.000000000000000000, 0.000000000000000000 ) ) ;
#2198 = EDGE_CURVE ( 'NONE', #4180, #4687, #4221, .T. ) ;
#2199 = DIRECTION ( 'NONE',  ( -1.000000000000000000, -0.000000000000000000, -0.000000000000000000 ) ) ;
#2200 = ORIENTED_EDGE ( 'NONE', *, *, #711, .F. ) ;
#2201 = FACE_OUTER_BOUND ( 'NONE', #906, .T. ) ;
#2202 = CARTESIAN_POINT ( 'NONE',  ( 10.16000000000000014, 5.981494768704890497, -11.95499999998338048 ) ) ;
#2203 = CARTESIAN_POINT ( 'NONE',  ( 0.000000000000000000, 1.306613497994890016, 16.04220000001659940 ) ) ;
#2204 = AXIS2_PLACEMENT_3D ( 'NONE', #5222, #1210, #4679 ) ;
#2205 = EDGE_CURVE ( 'NONE', #1306, #6175, #2484, .T. ) ;
#2206 = DIRECTION ( 'NONE',  ( 0.000000000000000000, 0.000000000000000000, 1.000000000000000000 ) ) ;
#2207 = ORIENTED_EDGE ( 'NONE', *, *, #3309, .T. ) ;
#2208 = DIRECTION ( 'NONE',  ( 0.000000000000000000, 1.000000000000000000, 0.000000000000000000 ) ) ;
#2209 = VECTOR ( 'NONE', #5121, 1000.000000000000114 ) ;
#2210 = CARTESIAN_POINT ( 'NONE',  ( 0.000000000000000000, 1.814613497994890023, 18.84780000001660127 ) ) ;
#2211 = AXIS2_PLACEMENT_3D ( 'NONE', #5942, #2359, #1373 ) ;
#2212 = DIRECTION ( 'NONE',  ( 1.000000000000000000, 0.000000000000000000, 0.000000000000000000 ) ) ;
#2213 = DIRECTION ( 'NONE',  ( 0.000000000000000000, 0.000000000000000000, 1.000000000000000000 ) ) ;
#2214 = ORIENTED_EDGE ( 'NONE', *, *, #5060, .F. ) ;
#2215 = DIRECTION ( 'NONE',  ( 0.000000000000000000, 1.000000000000000000, 0.000000000000000000 ) ) ;
#2216 = EDGE_LOOP ( 'NONE', ( #2532, #3587, #6144, #4678 ) ) ;
#2217 = LINE ( 'NONE', #5650, #576 ) ;
#2218 = ADVANCED_FACE ( 'NONE', ( #5918 ), #4240, .F. ) ;
#2219 = LINE ( 'NONE', #3695, #6126 ) ;
#2220 = ORIENTED_EDGE ( 'NONE', *, *, #2904, .T. ) ;
#2221 = DIRECTION ( 'NONE',  ( 0.7071067811865515695, -0.6123724356957909176, -0.3535533905932720100 ) ) ;
#2222 = VERTEX_POINT ( 'NONE', #1940 ) ;
#2223 = DIRECTION ( 'NONE',  ( 1.000000000000000000, 0.000000000000000000, 0.000000000000000000 ) ) ;
#2224 = EDGE_CURVE ( 'NONE', #1409, #4569, #1974, .T. ) ;
#2225 = DIRECTION ( 'NONE',  ( 0.000000000000000000, 0.000000000000000000, -1.000000000000000000 ) ) ;
#2226 = ORIENTED_EDGE ( 'NONE', *, *, #2535, .T. ) ;
#2227 = FACE_OUTER_BOUND ( 'NONE', #4497, .T. ) ;
#2228 = DIRECTION ( 'NONE',  ( -1.000000000000000000, -0.000000000000000000, -0.000000000000000000 ) ) ;
#2229 = DIRECTION ( 'NONE',  ( 0.000000000000000000, 1.000000000000000000, 0.000000000000000000 ) ) ;
#2230 = ORIENTED_EDGE ( 'NONE', *, *, #3964, .F. ) ;
#2231 = EDGE_CURVE ( 'NONE', #1411, #4856, #1134, .T. ) ;
#2232 = DIRECTION ( 'NONE',  ( 0.7071067811865306973, 0.000000000000000000, -0.7071067811865644481 ) ) ;
#2233 = ORIENTED_EDGE ( 'NONE', *, *, #3974, .T. ) ;
#2234 = DIRECTION ( 'NONE',  ( 0.000000000000000000, 0.000000000000000000, -1.000000000000000000 ) ) ;
#2235 = EDGE_LOOP ( 'NONE', ( #1596, #197, #973, #2862 ) ) ;
#2236 = DIRECTION ( 'NONE',  ( 1.000000000000000000, 0.000000000000000000, 0.000000000000000000 ) ) ;
#2237 = ORIENTED_EDGE ( 'NONE', *, *, #5146, .T. ) ;
#2238 = EDGE_CURVE ( 'NONE', #2076, #5755, #6439, .T. ) ;
#2239 = DIRECTION ( 'NONE',  ( 0.000000000000000000, 0.000000000000000000, -1.000000000000000000 ) ) ;
#2240 = AXIS2_PLACEMENT_3D ( 'NONE', #1224, #1315, #5111 ) ;
#2241 = CYLINDRICAL_SURFACE ( 'NONE', #3600, 3.000000000000002665 ) ;
#2242 = DIRECTION ( 'NONE',  ( -1.000000000000000000, 0.000000000000000000, 0.000000000000000000 ) ) ;
#2243 = DIRECTION ( 'NONE',  ( 0.000000000000000000, 0.000000000000000000, 1.000000000000000000 ) ) ;
#2244 = ORIENTED_EDGE ( 'NONE', *, *, #3810, .F. ) ;
#2245 = LINE ( 'NONE', #4176, #1167 ) ;
#2246 = CARTESIAN_POINT ( 'NONE',  ( 10.16000000000000014, -1.231306529126639981E-14, -21.84204960392050054 ) ) ;
#2247 = EDGE_CURVE ( 'NONE', #570, #1711, #4371, .T. ) ;
#2248 = EDGE_LOOP ( 'NONE', ( #3215, #350, #3397, #3923 ) ) ;
#2249 = DIRECTION ( 'NONE',  ( 0.000000000000000000, 3.110115820146107396E-16, 1.000000000000000000 ) ) ;
#2250 = CIRCLE ( 'NONE', #6206, 3.000000000000002665 ) ;
#2251 = ORIENTED_EDGE ( 'NONE', *, *, #454, .T. ) ;
#2252 = PLANE ( 'NONE',  #3134 ) ;
#2253 = ORIENTED_EDGE ( 'NONE', *, *, #244, .T. ) ;
#2254 = DIRECTION ( 'NONE',  ( 0.000000000000000000, -1.000000000000000000, 0.000000000000000000 ) ) ;
#2255 = CARTESIAN_POINT ( 'NONE',  ( 8.251199999999903056, 17.10149476870488527, 27.79500000000016158 ) ) ;
#2256 = DIRECTION ( 'NONE',  ( 0.000000000000000000, 0.000000000000000000, -1.000000000000000000 ) ) ;
#2257 = EDGE_LOOP ( 'NONE', ( #1153, #3345, #2993, #5379 ) ) ;
#2258 = EDGE_CURVE ( 'NONE', #3195, #3032, #4757, .T. ) ;
#2259 = DIRECTION ( 'NONE',  ( 0.000000000000000000, 0.000000000000000000, 1.000000000000000000 ) ) ;
#2260 = VECTOR ( 'NONE', #4163, 1000.000000000000000 ) ;
#2261 = CARTESIAN_POINT ( 'NONE',  ( 10.16000000000000014, 0.000000000000000000, 17.14499999999999957 ) ) ;
#2262 = VERTEX_POINT ( 'NONE', #39 ) ;
#2263 = VECTOR ( 'NONE', #1932, 1000.000000000000000 ) ;
#2264 = CARTESIAN_POINT ( 'NONE',  ( 3.251200000000000312, 48.10149476870488883, -22.82999999999983132 ) ) ;
#2265 = DIRECTION ( 'NONE',  ( 0.000000000000000000, 0.000000000000000000, -1.000000000000000000 ) ) ;
#2266 = ORIENTED_EDGE ( 'NONE', *, *, #3409, .T. ) ;
#2267 = EDGE_CURVE ( 'NONE', #1847, #1637, #5591, .T. ) ;
#2268 = DIRECTION ( 'NONE',  ( 0.000000000000000000, -8.537024980200825762E-16, -1.000000000000000000 ) ) ;
#2269 = AXIS2_PLACEMENT_3D ( 'NONE', #2998, #4878, #1055 ) ;
#2270 = CONICAL_SURFACE ( 'NONE', #3916, 2.699999999999980194, 0.7853981633974670418 ) ;
#2271 = CARTESIAN_POINT ( 'NONE',  ( 0.000000000000000000, 0.000000000000000000, 0.000000000000000000 ) ) ;
#2272 = AXIS2_PLACEMENT_3D ( 'NONE', #5288, #5220, #3830 ) ;
#2273 = FACE_OUTER_BOUND ( 'NONE', #5582, .T. ) ;
#2274 = EDGE_CURVE ( 'NONE', #1692, #4705, #6032, .T. ) ;
#2275 = CARTESIAN_POINT ( 'NONE',  ( 0.000000000000000000, 5.981494768704890497, 13.54500000001663018 ) ) ;
#2276 = ORIENTED_EDGE ( 'NONE', *, *, #3917, .F. ) ;
#2277 = CARTESIAN_POINT ( 'NONE',  ( 3.729962323935511304, 6.742240018709677152, 21.84578966876928874 ) ) ;
#2278 = VERTEX_POINT ( 'NONE', #1757 ) ;
#2279 = DIRECTION ( 'NONE',  ( 0.000000000000000000, 1.000000000000000000, 7.744074559236144308E-17 ) ) ;
#2280 = VECTOR ( 'NONE', #1150, 1000.000000000000000 ) ;
#2281 = CARTESIAN_POINT ( 'NONE',  ( 0.5000000000000056621, -3.771622585859060184, 16.05380000001660079 ) ) ;
#2282 = ADVANCED_FACE ( 'NONE', ( #3814 ), #3319, .T. ) ;
#2283 = DIRECTION ( 'NONE',  ( 0.000000000000000000, 0.000000000000000000, -1.000000000000000000 ) ) ;
#2284 = ORIENTED_EDGE ( 'NONE', *, *, #6121, .F. ) ;
#2285 = VECTOR ( 'NONE', #6200, 1000.000000000000000 ) ;
#2286 = CARTESIAN_POINT ( 'NONE',  ( 0.5000000000000052180, 9.881494768704969900, 36.82999999999999829 ) ) ;
#2287 = CARTESIAN_POINT ( 'NONE',  ( 9.652000000000001023, 1.814613497994890023, 15.02620000001659939 ) ) ;
#2288 = CONICAL_SURFACE ( 'NONE', #1872, 1.574999999999999956, 0.7853981633974418397 ) ;
#2289 = DIRECTION ( 'NONE',  ( 1.000000000000000000, 0.000000000000000000, 0.000000000000000000 ) ) ;
#2290 = CARTESIAN_POINT ( 'NONE',  ( 0.000000000000000000, 5.614294768704970018, -13.42819999998338076 ) ) ;
#2291 = ORIENTED_EDGE ( 'NONE', *, *, #11, .F. ) ;
#2292 = DIRECTION ( 'NONE',  ( 0.000000000000000000, 0.000000000000000000, -1.000000000000000000 ) ) ;
#2293 = VERTEX_POINT ( 'NONE', #2945 ) ;
#2294 = AXIS2_PLACEMENT_3D ( 'NONE', #1846, #4174, #5281 ) ;
#2295 = CARTESIAN_POINT ( 'NONE',  ( 10.16000000000000014, -2.452586502005110081, -14.69819999998339988 ) ) ;
#2296 = EDGE_CURVE ( 'NONE', #2293, #549, #1446, .T. ) ;
#2297 = CIRCLE ( 'NONE', #5941, 0.5080000000000015614 ) ;
#2298 = VERTEX_POINT ( 'NONE', #4336 ) ;
#2299 = CARTESIAN_POINT ( 'NONE',  ( 8.251199999999903056, 48.10149476870488883, 31.54500000000019000 ) ) ;
#2300 = ORIENTED_EDGE ( 'NONE', *, *, #2183, .F. ) ;
#2301 = DIRECTION ( 'NONE',  ( 0.000000000000000000, 0.000000000000000000, -1.000000000000000000 ) ) ;
#2302 = ORIENTED_EDGE ( 'NONE', *, *, #5761, .T. ) ;
#2303 = VECTOR ( 'NONE', #4882, 1000.000000000000000 ) ;
#2304 = CIRCLE ( 'NONE', #4575, 3.251199999999999424 ) ;
#2305 =( NAMED_UNIT ( * ) SI_UNIT ( $, .STERADIAN. ) SOLID_ANGLE_UNIT ( ) );
#2306 = EDGE_CURVE ( 'NONE', #3321, #2125, #1545, .T. ) ;
#2307 = CARTESIAN_POINT ( 'NONE',  ( 0.5000000000000052180, 9.881494768704969900, -33.57880000000000109 ) ) ;
#2308 = CARTESIAN_POINT ( 'NONE',  ( 0.000000000000000000, -1.944586502005110074, 13.54500000001663018 ) ) ;
#2309 = VECTOR ( 'NONE', #3290, 999.9999999999998863 ) ;
#2310 = ORIENTED_EDGE ( 'NONE', *, *, #1364, .T. ) ;
#2311 = CARTESIAN_POINT ( 'NONE',  ( 5.751199999999999868, 48.10149476870488883, 32.67000000000017934 ) ) ;
#2312 = CARTESIAN_POINT ( 'NONE',  ( 10.16000000000000014, -10.22387382247591958, -5.902756303567260332 ) ) ;
#2313 = ORIENTED_EDGE ( 'NONE', *, *, #5743, .F. ) ;
#2314 = CARTESIAN_POINT ( 'NONE',  ( 3.722658974883126692, 6.770224560049888041, 21.84626308394996741 ) ) ;
#2315 = EDGE_LOOP ( 'NONE', ( #4749, #2705, #2003, #4160 ) ) ;
#2316 = DIRECTION ( 'NONE',  ( 0.000000000000000000, 0.000000000000000000, -1.000000000000000000 ) ) ;
#2317 = CARTESIAN_POINT ( 'NONE',  ( 0.5000000000000052180, 55.60149476870499541, -36.82999999999999829 ) ) ;
#2318 = VECTOR ( 'NONE', #523, 1000.000000000000000 ) ;
#2319 = EDGE_CURVE ( 'NONE', #3746, #1190, #5375, .T. ) ;
#2320 = CARTESIAN_POINT ( 'NONE',  ( 9.652000000000001023, 7.489494768704889616, 18.84780000001660127 ) ) ;
#2321 = DIRECTION ( 'NONE',  ( -1.000000000000000000, 0.000000000000000000, 0.000000000000000000 ) ) ;
#2322 = ORIENTED_EDGE ( 'NONE', *, *, #2559, .F. ) ;
#2323 = CONICAL_SURFACE ( 'NONE', #2009, 2.751199999999988322, 0.7853981633974548293 ) ;
#2324 = DIRECTION ( 'NONE',  ( 1.000000000000000000, 0.000000000000000000, 0.000000000000000000 ) ) ;
#2325 = LINE ( 'NONE', #464, #3062 ) ;
#2326 = ADVANCED_FACE ( 'NONE', ( #2363 ), #449, .T. ) ;
#2327 = DIRECTION ( 'NONE',  ( 0.7071067811865451302, 0.000000000000000000, -0.7071067811865500152 ) ) ;
#2328 = CARTESIAN_POINT ( 'NONE',  ( 3.251200000000000312, 17.10149476870488527, 29.67000000000017579 ) ) ;
#2329 = LINE ( 'NONE', #4880, #5613 ) ;
#2330 = ORIENTED_EDGE ( 'NONE', *, *, #4762, .T. ) ;
#2331 = LINE ( 'NONE', #4190, #1789 ) ;
#2332 = EDGE_CURVE ( 'NONE', #1089, #2423, #2902, .T. ) ;
#2333 = EDGE_LOOP ( 'NONE', ( #4884, #1292, #5339, #4073 ) ) ;
#2334 = ORIENTED_EDGE ( 'NONE', *, *, #1792, .T. ) ;
#2335 = DIRECTION ( 'NONE',  ( -0.7071067811865521247, 0.000000000000000000, 0.7071067811865430208 ) ) ;
#2336 = ORIENTED_EDGE ( 'NONE', *, *, #2519, .F. ) ;
#2337 =( NAMED_UNIT ( * ) PLANE_ANGLE_UNIT ( ) SI_UNIT ( $, .RADIAN. ) );
#2338 = CIRCLE ( 'NONE', #3474, 2.699999999999980194 ) ;
#2339 = LINE ( 'NONE', #3723, #1254 ) ;
#2340 = ORIENTED_EDGE ( 'NONE', *, *, #20, .T. ) ;
#2341 = CARTESIAN_POINT ( 'NONE',  ( 2.790137222793280802, 8.555617948357996383, 22.47583234179459311 ) ) ;
#2342 = EDGE_CURVE ( 'NONE', #4605, #6129, #1910, .T. ) ;
#2343 = ORIENTED_EDGE ( 'NONE', *, *, #4366, .T. ) ;
#2344 = CYLINDRICAL_SURFACE ( 'NONE', #1819, 0.5079999999999997851 ) ;
#2345 = DIRECTION ( 'NONE',  ( 0.000000000000000000, 1.000000000000000000, -3.035386659626960118E-16 ) ) ;
#2346 = DIRECTION ( 'NONE',  ( 1.000000000000000000, 0.000000000000000000, 0.000000000000000000 ) ) ;
#2347 = CONICAL_SURFACE ( 'NONE', #2240, 1.574999999999999956, 0.7853981633974721488 ) ;
#2348 = ORIENTED_EDGE ( 'NONE', *, *, #2319, .T. ) ;
#2349 = CARTESIAN_POINT ( 'NONE',  ( 0.000000000000000000, 7.075019548766640298, -23.06214247323080357 ) ) ;
#2350 = ADVANCED_FACE ( 'NONE', ( #1441 ), #4401, .T. ) ;
#2351 = CARTESIAN_POINT ( 'NONE',  ( 3.260955701318710709, 7.484359426620407874, 21.95915558046220539 ) ) ;
#2352 = CIRCLE ( 'NONE', #1622, 1.574999999999999956 ) ;
#2353 = DIRECTION ( 'NONE',  ( -0.7071067811865342501, 8.659560562355095561E-17, -0.7071067811865607844 ) ) ;
#2354 = CARTESIAN_POINT ( 'NONE',  ( 3.690324042011086547, 7.098163156660292294, -23.56944743071932891 ) ) ;
#2355 = ORIENTED_EDGE ( 'NONE', *, *, #1088, .T. ) ;
#2356 = DIRECTION ( 'NONE',  ( 0.000000000000000000, -1.000000000000000000, 0.000000000000000000 ) ) ;
#2357 = EDGE_CURVE ( 'NONE', #5317, #5849, #2, .T. ) ;
#2358 = ORIENTED_EDGE ( 'NONE', *, *, #5698, .T. ) ;
#2359 = DIRECTION ( 'NONE',  ( 0.7071067811865416886, -0.7071067811865533459, 0.000000000000000000 ) ) ;
#2360 = CARTESIAN_POINT ( 'NONE',  ( 10.16000000000000014, -5.463622585859059910, 16.05380000001660079 ) ) ;
#2361 = ORIENTED_EDGE ( 'NONE', *, *, #5270, .F. ) ;
#2362 = ORIENTED_EDGE ( 'NONE', *, *, #1220, .F. ) ;
#2363 = FACE_OUTER_BOUND ( 'NONE', #1885, .T. ) ;
#2364 = EDGE_LOOP ( 'NONE', ( #2302, #2186, #2501, #5997 ) ) ;
#2365 = VECTOR ( 'NONE', #4364, 1000.000000000000000 ) ;
#2366 = LINE ( 'NONE', #1944, #1560 ) ;
#2367 = EDGE_CURVE ( 'NONE', #3333, #4960, #1378, .T. ) ;
#2368 = ORIENTED_EDGE ( 'NONE', *, *, #3969, .T. ) ;
#2369 = FILL_AREA_STYLE ('',( #3310 ) ) ;
#2370 = AXIS2_PLACEMENT_3D ( 'NONE', #1756, #5293, #6303 ) ;
#2371 = ORIENTED_EDGE ( 'NONE', *, *, #2944, .T. ) ;
#2372 = DIRECTION ( 'NONE',  ( -0.7071067811865426878, 0.7071067811865524577, 0.000000000000000000 ) ) ;
#2373 = ORIENTED_EDGE ( 'NONE', *, *, #332, .F. ) ;
#2374 = VECTOR ( 'NONE', #5528, 1000.000000000000000 ) ;
#2375 = CARTESIAN_POINT ( 'NONE',  ( 3.350496215677093215, 8.333488706132852641, 22.05083508483789245 ) ) ;
#2376 = PLANE ( 'NONE',  #4096 ) ;
#2377 = DIRECTION ( 'NONE',  ( 0.000000000000000000, 0.000000000000000000, 1.000000000000000000 ) ) ;
#2378 = VECTOR ( 'NONE', #438, 1000.000000000000114 ) ;
#2379 = VECTOR ( 'NONE', #5633, 1000.000000000000114 ) ;
#2380 = EDGE_CURVE ( 'NONE', #4647, #5005, #1980, .T. ) ;
#2381 = CARTESIAN_POINT ( 'NONE',  ( 0.5000000000000056621, -4.780767527950259550E-15, 21.84500000001660069 ) ) ;
#2382 = ORIENTED_EDGE ( 'NONE', *, *, #4409, .T. ) ;
#2383 = CARTESIAN_POINT ( 'NONE',  ( 8.251199999999903056, 32.60149476870488883, 0.6700000000001704592 ) ) ;
#2384 = VECTOR ( 'NONE', #3353, 1000.000000000000000 ) ;
#2385 = CARTESIAN_POINT ( 'NONE',  ( 3.420451091853045078, 7.202838906017713150, 21.89580347168850594 ) ) ;
#2386 = EDGE_CURVE ( 'NONE', #4154, #3179, #5876, .T. ) ;
#2387 = AXIS2_PLACEMENT_3D ( 'NONE', #4064, #84, #2069 ) ;
#2388 = CARTESIAN_POINT ( 'NONE',  ( 3.251200000000000312, 52.35029476870499821, -36.82999999999999829 ) ) ;
#2389 = DIRECTION ( 'NONE',  ( 0.000000000000000000, 0.000000000000000000, -1.000000000000000000 ) ) ;
#2390 = ORIENTED_EDGE ( 'NONE', *, *, #1693, .T. ) ;
#2391 = DIRECTION ( 'NONE',  ( -1.000000000000000000, 0.000000000000000000, 0.000000000000000000 ) ) ;
#2392 = ORIENTED_EDGE ( 'NONE', *, *, #6385, .T. ) ;
#2393 = DIRECTION ( 'NONE',  ( -0.7071067811865521247, 0.000000000000000000, 0.7071067811865430208 ) ) ;
#2394 = CYLINDRICAL_SURFACE ( 'NONE', #5801, 3.000000000000002665 ) ;
#2395 = ORIENTED_EDGE ( 'NONE', *, *, #11, .T. ) ;
#2396 = AXIS2_PLACEMENT_3D ( 'NONE', #4187, #1722, #3704 ) ;
#2397 = EDGE_CURVE ( 'NONE', #2298, #3812, #1410, .T. ) ;
#2398 = ORIENTED_EDGE ( 'NONE', *, *, #2856, .F. ) ;
#2399 = DIRECTION ( 'NONE',  ( -1.000000000000000000, 0.000000000000000000, 0.000000000000000000 ) ) ;
#2400 = EDGE_LOOP ( 'NONE', ( #3971, #3641, #5392, #1130 ) ) ;
#2401 = VECTOR ( 'NONE', #2500, 1000.000000000000000 ) ;
#2402 = DIRECTION ( 'NONE',  ( 0.000000000000000000, 2.188495091758580164E-16, -1.000000000000000000 ) ) ;
#2403 = ORIENTED_EDGE ( 'NONE', *, *, #2108, .T. ) ;
#2404 = DIRECTION ( 'NONE',  ( -1.000000000000000000, 0.000000000000000000, 0.000000000000000000 ) ) ;
#2405 = AXIS2_PLACEMENT_3D ( 'NONE', #1878, #2917, #5411 ) ;
#2406 = EDGE_CURVE ( 'NONE', #4399, #5989, #1835, .T. ) ;
#2407 = DIRECTION ( 'NONE',  ( -1.000000000000000000, 0.000000000000000000, 0.000000000000000000 ) ) ;
#2408 = VERTEX_POINT ( 'NONE', #2458 ) ;
#2409 = LINE ( 'NONE', #978, #631 ) ;
#2410 = ORIENTED_EDGE ( 'NONE', *, *, #4495, .F. ) ;
#2411 = AXIS2_PLACEMENT_3D ( 'NONE', #795, #3296, #2773 ) ;
#2412 = LINE ( 'NONE', #3889, #2556 ) ;
#2413 = CARTESIAN_POINT ( 'NONE',  ( 7.951199999999901458, 48.10149476870488883, 29.67000000000017579 ) ) ;
#2414 = AXIS2_PLACEMENT_3D ( 'NONE', #5100, #241, #175 ) ;
#2415 = LINE ( 'NONE', #3955, #4125 ) ;
#2416 = ORIENTED_EDGE ( 'NONE', *, *, #294, .F. ) ;
#2417 = LINE ( 'NONE', #2958, #1475 ) ;
#2418 = AXIS2_PLACEMENT_3D ( 'NONE', #4934, #1491, #4484 ) ;
#2419 = DIRECTION ( 'NONE',  ( 0.000000000000000000, 0.000000000000000000, -1.000000000000000000 ) ) ;
#2420 = DIRECTION ( 'NONE',  ( 0.000000000000000000, -1.000000000000000000, 0.000000000000000000 ) ) ;
#2421 = DIRECTION ( 'NONE',  ( -1.000000000000000000, -0.000000000000000000, -0.000000000000000000 ) ) ;
#2422 = CARTESIAN_POINT ( 'NONE',  ( 10.16000000000000014, 5.639631176050640349, -18.44118626941249772 ) ) ;
#2423 = VERTEX_POINT ( 'NONE', #3367 ) ;
#2424 = DIRECTION ( 'NONE',  ( -1.000000000000000000, 0.000000000000000000, 0.000000000000000000 ) ) ;
#2425 = DIRECTION ( 'NONE',  ( 0.000000000000000000, 1.000000000000000000, 0.000000000000000000 ) ) ;
#2426 = EDGE_CURVE ( 'NONE', #5282, #4469, #2877, .T. ) ;
#2427 = ORIENTED_EDGE ( 'NONE', *, *, #1667, .F. ) ;
#2428 = VERTEX_POINT ( 'NONE', #2818 ) ;
#2429 = DIRECTION ( 'NONE',  ( 0.000000000000000000, 0.000000000000000000, -1.000000000000000000 ) ) ;
#2430 = ORIENTED_EDGE ( 'NONE', *, *, #250, .F. ) ;
#2431 = DIRECTION ( 'NONE',  ( 0.000000000000000000, -7.744074559236139377E-17, 1.000000000000000000 ) ) ;
#2432 = EDGE_LOOP ( 'NONE', ( #5872, #1115, #684, #3002 ) ) ;
#2433 = EDGE_CURVE ( 'NONE', #3812, #873, #5276, .T. ) ;
#2434 = CARTESIAN_POINT ( 'NONE',  ( 3.248161160895511212, 7.644757619342491317, -23.69797698596135760 ) ) ;
#2435 = ORIENTED_EDGE ( 'NONE', *, *, #2544, .F. ) ;
#2436 = DIRECTION ( 'NONE',  ( 0.7071067811865451302, 0.2418583633969312308, 0.6644580739632572897 ) ) ;
#2437 = DIRECTION ( 'NONE',  ( 1.000000000000000000, 0.000000000000000000, 0.000000000000000000 ) ) ;
#2438 = ORIENTED_EDGE ( 'NONE', *, *, #767, .T. ) ;
#2439 = ADVANCED_FACE ( 'NONE', ( #6441 ), #3940, .F. ) ;
#2440 = CARTESIAN_POINT ( 'NONE',  ( 8.251199999999903056, 48.10149476870488883, 26.97000000000019426 ) ) ;
#2441 = AXIS2_PLACEMENT_3D ( 'NONE', #2614, #5560, #5500 ) ;
#2442 = LINE ( 'NONE', #5390, #3416 ) ;
#2443 = ORIENTED_EDGE ( 'NONE', *, *, #3371, .F. ) ;
#2444 = DIRECTION ( 'NONE',  ( 1.000000000000000000, 0.000000000000000000, 0.000000000000000000 ) ) ;
#2445 = EDGE_CURVE ( 'NONE', #328, #6129, #2553, .T. ) ;
#2446 = VECTOR ( 'NONE', #955, 1000.000000000000000 ) ;
#2447 = CARTESIAN_POINT ( 'NONE',  ( 3.251200000000000312, 55.60149476870499541, 36.82999999999999829 ) ) ;
#2448 = CARTESIAN_POINT ( 'NONE',  ( 3.561577543218255926, 7.631172019945571705, -23.63022577864330032 ) ) ;
#2449 = LINE ( 'NONE', #2543, #3085 ) ;
#2450 = DIRECTION ( 'NONE',  ( 0.000000000000000000, 0.000000000000000000, -1.000000000000000000 ) ) ;
#2451 = ORIENTED_EDGE ( 'NONE', *, *, #4084, .T. ) ;
#2452 = LINE ( 'NONE', #5836, #5830 ) ;
#2453 = CYLINDRICAL_SURFACE ( 'NONE', #2611, 1.000000000000000888 ) ;
#2454 = DIRECTION ( 'NONE',  ( -0.7071067811865445751, -0.02547625434277642903, -0.7066476918979259780 ) ) ;
#2455 = EDGE_LOOP ( 'NONE', ( #5373, #4216 ) ) ;
#2456 = CARTESIAN_POINT ( 'NONE',  ( 3.251200000000000312, 13.13269476870496177, 33.57880000000000109 ) ) ;
#2457 = ADVANCED_FACE ( 'NONE', ( #4983 ), #600, .T. ) ;
#2458 = CARTESIAN_POINT ( 'NONE',  ( 8.251199999999903056, 17.10149476870488527, 26.97000000000019426 ) ) ;
#2459 = VERTEX_POINT ( 'NONE', #3104 ) ;
#2460 = DIRECTION ( 'NONE',  ( 1.000000000000000000, 0.000000000000000000, 0.000000000000000000 ) ) ;
#2461 = ORIENTED_EDGE ( 'NONE', *, *, #920, .F. ) ;
#2462 = DIRECTION ( 'NONE',  ( 1.000000000000000000, 0.000000000000000000, 0.000000000000000000 ) ) ;
#2463 = ADVANCED_FACE ( 'NONE', ( #3523 ), #4867, .F. ) ;
#2464 = DIRECTION ( 'NONE',  ( 0.000000000000000000, 0.000000000000000000, 1.000000000000000000 ) ) ;
#2465 = VERTEX_POINT ( 'NONE', #538 ) ;
#2466 = DIRECTION ( 'NONE',  ( -1.000000000000000000, 0.000000000000000000, 0.000000000000000000 ) ) ;
#2467 = CARTESIAN_POINT ( 'NONE',  ( 0.000000000000000000, 6.981494768704890497, 18.84780000001660127 ) ) ;
#2468 = VERTEX_POINT ( 'NONE', #2523 ) ;
#2469 = VECTOR ( 'NONE', #2353, 1000.000000000000114 ) ;
#2470 = CARTESIAN_POINT ( 'NONE',  ( 3.542411406617655079, 7.691874001520113246, -23.63724750014662135 ) ) ;
#2471 = ADVANCED_FACE ( 'NONE', ( #54 ), #3554, .F. ) ;
#2472 = DIRECTION ( 'NONE',  ( 0.7071067811865306973, 8.659560562355138702E-17, 0.7071067811865644481 ) ) ;
#2473 = VECTOR ( 'NONE', #2689, 1000.000000000000114 ) ;
#2474 = APPLICATION_CONTEXT ( 'automotive_design' ) ;
#2475 = EDGE_LOOP ( 'NONE', ( #5683, #1347, #1345, #5187 ) ) ;
#2476 = LINE ( 'NONE', #4451, #1067 ) ;
#2477 = CARTESIAN_POINT ( 'NONE',  ( 9.652000000000001023, -5.473161398043879800, -19.63224960392044949 ) ) ;
#2478 = VECTOR ( 'NONE', #4518, 1000.000000000000000 ) ;
#2479 = ADVANCED_FACE ( 'NONE', ( #1536 ), #2036, .F. ) ;
#2480 = CARTESIAN_POINT ( 'NONE',  ( 5.751199999999999868, 17.10149476870488527, -33.82999999999983487 ) ) ;
#2481 = CARTESIAN_POINT ( 'NONE',  ( 3.251200000000000312, 13.13269476870496177, -36.32999999999999829 ) ) ;
#2482 = CYLINDRICAL_SURFACE ( 'NONE', #3322, 0.5079999999999997851 ) ;
#2483 = ORIENTED_EDGE ( 'NONE', *, *, #3139, .F. ) ;
#2484 = CIRCLE ( 'NONE', #615, 3.251199999999999424 ) ;
#2485 = FACE_OUTER_BOUND ( 'NONE', #4598, .T. ) ;
#2486 = LINE ( 'NONE', #4461, #3640 ) ;
#2487 = ORIENTED_EDGE ( 'NONE', *, *, #2663, .T. ) ;
#2488 = AXIS2_PLACEMENT_3D ( 'NONE', #1668, #212, #5199 ) ;
#2489 = DIRECTION ( 'NONE',  ( -0.7071067811865411334, 0.000000000000000000, 0.7071067811865539010 ) ) ;
#2490 = ORIENTED_EDGE ( 'NONE', *, *, #2754, .T. ) ;
#2491 = CARTESIAN_POINT ( 'NONE',  ( 0.5080000000000000071, 5.614294768704970018, -16.33619999998400019 ) ) ;
#2492 = ORIENTED_EDGE ( 'NONE', *, *, #2913, .T. ) ;
#2493 = VECTOR ( 'NONE', #1336, 1000.000000000000000 ) ;
#2494 = CARTESIAN_POINT ( 'NONE',  ( 3.313168715833897160, 8.543860083599330579, 22.10918028058580376 ) ) ;
#2495 = EDGE_CURVE ( 'NONE', #1858, #2050, #3070, .T. ) ;
#2496 = AXIS2_PLACEMENT_3D ( 'NONE', #753, #4699, #2243 ) ;
#2497 = CARTESIAN_POINT ( 'NONE',  ( 3.413061012010774498, 7.434152159210929867, -23.63663063877471515 ) ) ;
#2498 = LINE ( 'NONE', #2562, #6331 ) ;
#2499 = VERTEX_POINT ( 'NONE', #3043 ) ;
#2500 = DIRECTION ( 'NONE',  ( 1.000000000000000000, 0.000000000000000000, 0.000000000000000000 ) ) ;
#2501 = ORIENTED_EDGE ( 'NONE', *, *, #737, .F. ) ;
#2502 = AXIS2_PLACEMENT_3D ( 'NONE', #4239, #5208, #5748 ) ;
#2503 = EDGE_CURVE ( 'NONE', #3847, #873, #5013, .T. ) ;
#2504 = CARTESIAN_POINT ( 'NONE',  ( 3.247861752119418188, 7.642793331619485819, -23.69533149124533011 ) ) ;
#2505 = DIRECTION ( 'NONE',  ( 0.000000000000000000, 0.000000000000000000, -1.000000000000000000 ) ) ;
#2506 = VECTOR ( 'NONE', #6048, 1000.000000000000000 ) ;
#2507 = EDGE_LOOP ( 'NONE', ( #554, #865, #2410, #1375 ) ) ;
#2508 = CARTESIAN_POINT ( 'NONE',  ( 10.16000000000000014, 6.630294768704969144, -26.78688693560660283 ) ) ;
#2509 = ORIENTED_EDGE ( 'NONE', *, *, #3300, .T. ) ;
#2510 = CARTESIAN_POINT ( 'NONE',  ( 16.73648137423847970, 17.10149476870488527, -25.32999999999983132 ) ) ;
#2511 = ADVANCED_FACE ( 'NONE', ( #569 ), #4528, .F. ) ;
#2512 = CARTESIAN_POINT ( 'NONE',  ( 2.751199999999998536, 9.881494768704969900, 33.57880000000000109 ) ) ;
#2513 = FACE_OUTER_BOUND ( 'NONE', #246, .T. ) ;
#2514 = LINE ( 'NONE', #592, #4561 ) ;
#2515 = ORIENTED_EDGE ( 'NONE', *, *, #2619, .T. ) ;
#2516 = AXIS2_PLACEMENT_3D ( 'NONE', #4418, #6396, #5763 ) ;
#2517 = CARTESIAN_POINT ( 'NONE',  ( 16.73648137423847970, 48.10149476870488883, -26.75499999999983558 ) ) ;
#2518 = DIRECTION ( 'NONE',  ( -1.000000000000000000, -0.000000000000000000, -0.000000000000000000 ) ) ;
#2519 = EDGE_CURVE ( 'NONE', #990, #1998, #5437, .T. ) ;
#2520 = ORIENTED_EDGE ( 'NONE', *, *, #3486, .F. ) ;
#2521 = AXIS2_PLACEMENT_3D ( 'NONE', #2557, #5538, #3616 ) ;
#2522 = CARTESIAN_POINT ( 'NONE',  ( 7.951199999999901458, 17.10149476870488527, -28.32999999999983487 ) ) ;
#2523 = CARTESIAN_POINT ( 'NONE',  ( 10.16000000000000014, 5.614294768704970018, -16.84419999998399931 ) ) ;
#2524 = ORIENTED_EDGE ( 'NONE', *, *, #2572, .F. ) ;
#2525 = FACE_OUTER_BOUND ( 'NONE', #1604, .T. ) ;
#2526 = DIRECTION ( 'NONE',  ( 0.000000000000000000, -1.000000000000000000, 0.000000000000000000 ) ) ;
#2527 = DIRECTION ( 'NONE',  ( 0.000000000000000000, 0.000000000000000000, -1.000000000000000000 ) ) ;
#2528 = DIRECTION ( 'NONE',  ( -1.000000000000000000, -0.000000000000000000, -0.000000000000000000 ) ) ;
#2529 = DIRECTION ( 'NONE',  ( 1.000000000000000000, 0.000000000000000000, 0.000000000000000000 ) ) ;
#2530 = ORIENTED_EDGE ( 'NONE', *, *, #519, .T. ) ;
#2531 = CARTESIAN_POINT ( 'NONE',  ( 3.285788258850663279, 8.729091312323554064, 22.16851883662624445 ) ) ;
#2532 = ORIENTED_EDGE ( 'NONE', *, *, #3409, .F. ) ;
#2533 = CARTESIAN_POINT ( 'NONE',  ( 2.866570323127489495, 8.248542787615779304, -23.96686953701610179 ) ) ;
#2534 = DIRECTION ( 'NONE',  ( 0.000000000000000000, -1.000000000000000000, 0.000000000000000000 ) ) ;
#2535 = EDGE_CURVE ( 'NONE', #560, #550, #1091, .T. ) ;
#2536 = VERTEX_POINT ( 'NONE', #4946 ) ;
#2537 = CARTESIAN_POINT ( 'NONE',  ( 3.642188453836897377, 7.155903073874062770, -23.57538275754563628 ) ) ;
#2538 = VERTEX_POINT ( 'NONE', #4558 ) ;
#2539 = LINE ( 'NONE', #5525, #3278 ) ;
#2540 = VECTOR ( 'NONE', #1720, 1000.000000000000114 ) ;
#2541 = LINE ( 'NONE', #5004, #4122 ) ;
#2542 = EDGE_LOOP ( 'NONE', ( #5387, #4506, #3781, #732 ) ) ;
#2543 = CARTESIAN_POINT ( 'NONE',  ( 10.16000000000000014, 0.9359217687046109679, -21.84204960392050054 ) ) ;
#2544 = EDGE_CURVE ( 'NONE', #6175, #2886, #4592, .T. ) ;
#2545 = CIRCLE ( 'NONE', #2956, 1.015999999999999570 ) ;
#2546 = LINE ( 'NONE', #5033, #108 ) ;
#2547 = ORIENTED_EDGE ( 'NONE', *, *, #5341, .F. ) ;
#2548 = FACE_OUTER_BOUND ( 'NONE', #6046, .T. ) ;
#2549 = CARTESIAN_POINT ( 'NONE',  ( 8.251199999999903056, 17.10149476870488527, 29.67000000000017579 ) ) ;
#2550 = VERTEX_POINT ( 'NONE', #4465 ) ;
#2551 = AXIS2_PLACEMENT_3D ( 'NONE', #622, #4453, #2054 ) ;
#2552 = EDGE_CURVE ( 'NONE', #5247, #4928, #2591, .T. ) ;
#2553 = LINE ( 'NONE', #3009, #1246 ) ;
#2554 = EDGE_LOOP ( 'NONE', ( #2487, #5707, #4065, #2570 ) ) ;
#2555 = CARTESIAN_POINT ( 'NONE',  ( 0.5000000000000056621, 5.639631176050640349, -18.44118626941249772 ) ) ;
#2556 = VECTOR ( 'NONE', #5890, 1000.000000000000000 ) ;
#2557 = CARTESIAN_POINT ( 'NONE',  ( 0.000000000000000000, 48.10149476870488883, -28.32999999999983487 ) ) ;
#2558 = CARTESIAN_POINT ( 'NONE',  ( 0.000000000000000000, 5.981494768704890497, 12.04500000001662130 ) ) ;
#2559 = EDGE_CURVE ( 'NONE', #5165, #2760, #826, .T. ) ;
#2560 = AXIS2_PLACEMENT_3D ( 'NONE', #613, #3883, #807 ) ;
#2561 = DIRECTION ( 'NONE',  ( 0.000000000000000000, 0.000000000000000000, 1.000000000000000000 ) ) ;
#2562 = CARTESIAN_POINT ( 'NONE',  ( 10.16000000000000014, 7.489494768704889616, 15.53420000001659851 ) ) ;
#2563 = ORIENTED_EDGE ( 'NONE', *, *, #3207, .T. ) ;
#2564 = CARTESIAN_POINT ( 'NONE',  ( 3.270587648757219412, 8.854207505762454744, 22.21276853333625922 ) ) ;
#2565 = ORIENTED_EDGE ( 'NONE', *, *, #1242, .T. ) ;
#2566 = CYLINDRICAL_SURFACE ( 'NONE', #2864, 29.15919999999999845 ) ;
#2567 = DIRECTION ( 'NONE',  ( -1.000000000000000000, 0.000000000000000000, 0.000000000000000000 ) ) ;
#2568 = ORIENTED_EDGE ( 'NONE', *, *, #6373, .F. ) ;
#2569 = DIRECTION ( 'NONE',  ( 0.7071067811865533459, 0.000000000000000000, 0.7071067811865416886 ) ) ;
#2570 = ORIENTED_EDGE ( 'NONE', *, *, #1393, .F. ) ;
#2571 = FACE_OUTER_BOUND ( 'NONE', #5207, .T. ) ;
#2572 = EDGE_CURVE ( 'NONE', #4388, #266, #2077, .T. ) ;
#2573 = CIRCLE ( 'NONE', #6221, 2.699999999999980194 ) ;
#2574 = CARTESIAN_POINT ( 'NONE',  ( 10.16000000000000014, 6.981494768704890497, -10.95499999998338048 ) ) ;
#2575 = DIRECTION ( 'NONE',  ( 1.000000000000000000, 0.000000000000000000, 0.000000000000000000 ) ) ;
#2576 = ORIENTED_EDGE ( 'NONE', *, *, #4377, .F. ) ;
#2577 = PLANE ( 'NONE',  #4270 ) ;
#2578 = CONICAL_SURFACE ( 'NONE', #6225, 2.699999999999980194, 0.7853981633974657095 ) ;
#2579 = CARTESIAN_POINT ( 'NONE',  ( 5.751199999999999868, 48.10149476870488883, -31.32999999999983842 ) ) ;
#2580 = VECTOR ( 'NONE', #5280, 999.9999999999998863 ) ;
#2581 = ORIENTED_EDGE ( 'NONE', *, *, #4495, .T. ) ;
#2582 = EDGE_CURVE ( 'NONE', #4691, #3829, #2132, .T. ) ;
#2583 = TOROIDAL_SURFACE ( 'NONE', #5160, 1.016000000000000014, 0.5080000000000000071 ) ;
#2584 = CARTESIAN_POINT ( 'NONE',  ( 0.5000000000000052180, 55.60149476870499541, 36.82999999999999829 ) ) ;
#2585 = EDGE_LOOP ( 'NONE', ( #3945, #1106, #4071, #3211 ) ) ;
#2586 = DIRECTION ( 'NONE',  ( 0.000000000000000000, -1.000000000000000000, 0.000000000000000000 ) ) ;
#2587 = FACE_OUTER_BOUND ( 'NONE', #3413, .T. ) ;
#2588 = ADVANCED_FACE ( 'NONE', ( #1504 ), #4759, .T. ) ;
#2589 = CARTESIAN_POINT ( 'NONE',  ( 0.5000000000000056621, -2.452586502005110081, -12.46299999998337960 ) ) ;
#2590 = ORIENTED_EDGE ( 'NONE', *, *, #870, .F. ) ;
#2591 = CIRCLE ( 'NONE', #3521, 1.015999999999999570 ) ;
#2592 = CARTESIAN_POINT ( 'NONE',  ( 0.000000000000000000, 23.78149476870569856, 31.39999999999335145 ) ) ;
#2593 = ORIENTED_EDGE ( 'NONE', *, *, #5352, .T. ) ;
#2594 = ORIENTED_EDGE ( 'NONE', *, *, #2503, .T. ) ;
#2595 = EDGE_CURVE ( 'NONE', #4911, #148, #3420, .T. ) ;
#2596 = LINE ( 'NONE', #2629, #2971 ) ;
#2597 = FACE_OUTER_BOUND ( 'NONE', #847, .T. ) ;
#2598 = CYLINDRICAL_SURFACE ( 'NONE', #1323, 0.9906000000000012573 ) ;
#2599 = ORIENTED_EDGE ( 'NONE', *, *, #556, .F. ) ;
#2600 = VECTOR ( 'NONE', #4246, 1000.000000000000000 ) ;
#2601 = DIRECTION ( 'NONE',  ( -1.000000000000000000, -0.000000000000000000, -0.000000000000000000 ) ) ;
#2602 = ORIENTED_EDGE ( 'NONE', *, *, #3769, .T. ) ;
#2603 = LINE ( 'NONE', #2510, #6194 ) ;
#2604 = EDGE_CURVE ( 'NONE', #1248, #1874, #1694, .T. ) ;
#2605 = TOROIDAL_SURFACE ( 'NONE', #3436, 5.080000000000000071, 0.5080000000000000071 ) ;
#2606 = DIRECTION ( 'NONE',  ( 0.000000000000000000, 0.000000000000000000, -1.000000000000000000 ) ) ;
#2607 = ORIENTED_EDGE ( 'NONE', *, *, #3234, .F. ) ;
#2608 = ADVANCED_FACE ( 'NONE', ( #1184 ), #5927, .T. ) ;
#2609 = CARTESIAN_POINT ( 'NONE',  ( 0.5080000000000000071, 6.981494768704890497, 16.04220000001659940 ) ) ;
#2610 = EDGE_LOOP ( 'NONE', ( #2015, #4235, #5964, #32 ) ) ;
#2611 = AXIS2_PLACEMENT_3D ( 'NONE', #5299, #6337, #6372 ) ;
#2612 = ORIENTED_EDGE ( 'NONE', *, *, #6422, .F. ) ;
#2613 = AXIS2_PLACEMENT_3D ( 'NONE', #442, #3459, #4295 ) ;
#2614 = CARTESIAN_POINT ( 'NONE',  ( 0.000000000000000000, -5.218502871315109815, -22.35004960392045348 ) ) ;
#2615 = ORIENTED_EDGE ( 'NONE', *, *, #5806, .T. ) ;
#2616 = AXIS2_PLACEMENT_3D ( 'NONE', #830, #1085, #1530 ) ;
#2617 = DIRECTION ( 'NONE',  ( 0.000000000000000000, 0.000000000000000000, 1.000000000000000000 ) ) ;
#2618 = ORIENTED_EDGE ( 'NONE', *, *, #1881, .T. ) ;
#2619 = EDGE_CURVE ( 'NONE', #1797, #2298, #3929, .T. ) ;
#2620 = EDGE_CURVE ( 'NONE', #3894, #3839, #5700, .T. ) ;
#2621 = CYLINDRICAL_SURFACE ( 'NONE', #1888, 3.251199999999999424 ) ;
#2622 = DIRECTION ( 'NONE',  ( 0.000000000000000000, 0.000000000000000000, -1.000000000000000000 ) ) ;
#2623 = CIRCLE ( 'NONE', #861, 3.000000000000002665 ) ;
#2624 = CARTESIAN_POINT ( 'NONE',  ( 10.16000000000000014, -3.733161398045110158, -17.14499999999999957 ) ) ;
#2625 = CIRCLE ( 'NONE', #4278, 27.50800000000165468 ) ;
#2626 = VERTEX_POINT ( 'NONE', #731 ) ;
#2627 = ADVANCED_FACE ( 'NONE', ( #2739 ), #2801, .T. ) ;
#2628 = CARTESIAN_POINT ( 'NONE',  ( 3.342365324737374799, 8.377272502416454714, 22.06240144285009208 ) ) ;
#2629 = CARTESIAN_POINT ( 'NONE',  ( 0.5080000000000000071, 1.306613497994892237, 1.482764489349953901E-16 ) ) ;
#2630 = ORIENTED_EDGE ( 'NONE', *, *, #1721, .F. ) ;
#2631 = DIRECTION ( 'NONE',  ( -1.000000000000000000, 0.000000000000000000, 0.000000000000000000 ) ) ;
#2632 = DIRECTION ( 'NONE',  ( 0.000000000000000000, 0.000000000000000000, 1.000000000000000000 ) ) ;
#2633 = EDGE_CURVE ( 'NONE', #5723, #1876, #2797, .T. ) ;
#2634 = ORIENTED_EDGE ( 'NONE', *, *, #5992, .F. ) ;
#2635 = DIRECTION ( 'NONE',  ( -1.000000000000000000, -0.000000000000000000, -0.000000000000000000 ) ) ;
#2636 = DIRECTION ( 'NONE',  ( 1.000000000000000000, 0.000000000000000000, 0.000000000000000000 ) ) ;
#2637 = DIRECTION ( 'NONE',  ( 0.000000000000000000, 0.000000000000000000, -1.000000000000000000 ) ) ;
#2638 = CARTESIAN_POINT ( 'NONE',  ( 3.251200000000000312, 0.000000000000000000, 0.000000000000000000 ) ) ;
#2639 = EDGE_CURVE ( 'NONE', #2423, #1089, #4767, .T. ) ;
#2640 = EDGE_LOOP ( 'NONE', ( #3364, #4809, #3302, #5464 ) ) ;
#2641 = CARTESIAN_POINT ( 'NONE',  ( 0.5000000000000056621, 23.78149476870569856, 31.39999999999335145 ) ) ;
#2642 = ORIENTED_EDGE ( 'NONE', *, *, #637, .T. ) ;
#2643 = CARTESIAN_POINT ( 'NONE',  ( 9.652000000000001023, 0.7986134979948910084, 16.04220000001659940 ) ) ;
#2644 = ORIENTED_EDGE ( 'NONE', *, *, #1630, .T. ) ;
#2645 = CIRCLE ( 'NONE', #6400, 1.015999999999999570 ) ;
#2646 = DIRECTION ( 'NONE',  ( 0.000000000000000000, 1.000000000000000000, -3.110115820146109861E-16 ) ) ;
#2647 = ORIENTED_EDGE ( 'NONE', *, *, #3468, .T. ) ;
#2648 = PLANE ( 'NONE',  #2613 ) ;
#2649 = LINE ( 'NONE', #1540, #1367 ) ;
#2650 = CARTESIAN_POINT ( 'NONE',  ( 0.000000000000000000, -2.720422585859064935, 21.34500000001659004 ) ) ;
#2651 = ADVANCED_FACE ( 'NONE', ( #4618 ), #3738, .T. ) ;
#2652 = ORIENTED_EDGE ( 'NONE', *, *, #4885, .T. ) ;
#2653 = CIRCLE ( 'NONE', #2962, 2.074999999999993516 ) ;
#2654 = ORIENTED_EDGE ( 'NONE', *, *, #3718, .F. ) ;
#2655 = CARTESIAN_POINT ( 'NONE',  ( 3.497583691448692633, 7.659464496506846132, 21.91752654697890179 ) ) ;
#2656 = CARTESIAN_POINT ( 'NONE',  ( 0.000000000000000000, -5.218502871315109815, -22.35004960392045348 ) ) ;
#2657 = EDGE_CURVE ( 'NONE', #2053, #2408, #1754, .T. ) ;
#2658 = CARTESIAN_POINT ( 'NONE',  ( 10.16000000000000014, -8.991808760999200345, -19.49288062344824723 ) ) ;
#2659 = ORIENTED_EDGE ( 'NONE', *, *, #6044, .T. ) ;
#2660 = CARTESIAN_POINT ( 'NONE',  ( 9.652000000000001023, 6.981494768704890497, 19.35580000001660039 ) ) ;
#2661 = ORIENTED_EDGE ( 'NONE', *, *, #1912, .F. ) ;
#2662 = DIRECTION ( 'NONE',  ( 0.6546536707079730899, 0.3779644730092294735, 0.6546536707079799733 ) ) ;
#2663 = EDGE_CURVE ( 'NONE', #8, #4180, #3646, .T. ) ;
#2664 = DIRECTION ( 'NONE',  ( 0.000000000000000000, 0.000000000000000000, -1.000000000000000000 ) ) ;
#2665 = VECTOR ( 'NONE', #1740, 1000.000000000000000 ) ;
#2666 = DIRECTION ( 'NONE',  ( 0.000000000000000000, 0.000000000000000000, -1.000000000000000000 ) ) ;
#2667 = ORIENTED_EDGE ( 'NONE', *, *, #5461, .T. ) ;
#2668 = CARTESIAN_POINT ( 'NONE',  ( 3.251200000000000312, 10.38949476870496014, 21.33700000001659802 ) ) ;
#2669 = ORIENTED_EDGE ( 'NONE', *, *, #2934, .T. ) ;
#2670 = CARTESIAN_POINT ( 'NONE',  ( 3.759199999999999875, 7.557776880929980123, -23.59086046992674923 ) ) ;
#2671 = CIRCLE ( 'NONE', #4539, 1.015999999999999570 ) ;
#2672 = CIRCLE ( 'NONE', #3502, 0.5079999999999997851 ) ;
#2673 = EDGE_CURVE ( 'NONE', #3348, #2428, #5278, .T. ) ;
#2674 = CARTESIAN_POINT ( 'NONE',  ( 0.5000000000000056621, 6.630294768704969144, -26.78688693560660283 ) ) ;
#2675 = ORIENTED_EDGE ( 'NONE', *, *, #785, .T. ) ;
#2676 = AXIS2_PLACEMENT_3D ( 'NONE', #748, #3721, #5642 ) ;
#2677 = DIRECTION ( 'NONE',  ( -1.000000000000000000, 0.000000000000000000, 0.000000000000000000 ) ) ;
#2678 = DIRECTION ( 'NONE',  ( 1.000000000000000000, 0.000000000000000000, 0.000000000000000000 ) ) ;
#2679 = AXIS2_PLACEMENT_3D ( 'NONE', #3571, #3093, #2153 ) ;
#2680 = VECTOR ( 'NONE', #2170, 1000.000000000000000 ) ;
#2681 = DIRECTION ( 'NONE',  ( 0.000000000000000000, 0.000000000000000000, -1.000000000000000000 ) ) ;
#2682 = EDGE_LOOP ( 'NONE', ( #1845, #1286, #6347, #2291 ) ) ;
#2683 = CARTESIAN_POINT ( 'NONE',  ( 10.16000000000000014, 9.373494768704960123, 21.33700000001659802 ) ) ;
#2684 = ORIENTED_EDGE ( 'NONE', *, *, #214, .F. ) ;
#2685 = AXIS2_PLACEMENT_3D ( 'NONE', #4482, #5424, #982 ) ;
#2686 = ADVANCED_FACE ( 'NONE', ( #4653 ), #3938, .T. ) ;
#2687 = DIRECTION ( 'NONE',  ( -1.000000000000000000, 0.000000000000000000, 0.000000000000000000 ) ) ;
#2688 = VECTOR ( 'NONE', #5335, 1000.000000000000000 ) ;
#2689 = DIRECTION ( 'NONE',  ( -0.7071067811865460184, 0.000000000000000000, -0.7071067811865490160 ) ) ;
#2690 = LINE ( 'NONE', #1708, #2665 ) ;
#2691 = FACE_OUTER_BOUND ( 'NONE', #4782, .T. ) ;
#2692 = ORIENTED_EDGE ( 'NONE', *, *, #4041, .T. ) ;
#2693 = PLANE ( 'NONE',  #4564 ) ;
#2694 = ORIENTED_EDGE ( 'NONE', *, *, #5391, .F. ) ;
#2695 = DIRECTION ( 'NONE',  ( 0.000000000000000000, 0.000000000000000000, 1.000000000000000000 ) ) ;
#2696 = ADVANCED_FACE ( 'NONE', ( #4711 ), #5737, .F. ) ;
#2697 = AXIS2_PLACEMENT_3D ( 'NONE', #6104, #5597, #1152 ) ;
#2698 = CARTESIAN_POINT ( 'NONE',  ( 9.652000000000001023, 6.473494768704890490, 15.53420000001659851 ) ) ;
#2699 = CARTESIAN_POINT ( 'NONE',  ( 0.5080000000000000071, 5.614294768704970018, -13.93619999998337988 ) ) ;
#2700 = AXIS2_PLACEMENT_3D ( 'NONE', #4827, #4863, #3376 ) ;
#2701 = CARTESIAN_POINT ( 'NONE',  ( 10.16000000000000014, -9.302934405672150575, 4.424998755791154537 ) ) ;
#2702 = ORIENTED_EDGE ( 'NONE', *, *, #1283, .T. ) ;
#2703 = FACE_OUTER_BOUND ( 'NONE', #4380, .T. ) ;
#2704 = EDGE_CURVE ( 'NONE', #4569, #5643, #1758, .T. ) ;
#2705 = ORIENTED_EDGE ( 'NONE', *, *, #1393, .T. ) ;
#2706 = CARTESIAN_POINT ( 'NONE',  ( 3.759199999999999875, 7.557776880929980123, -19.01886046992675006 ) ) ;
#2707 = AXIS2_PLACEMENT_3D ( 'NONE', #3749, #1195, #3240 ) ;
#2708 = DIRECTION ( 'NONE',  ( -1.000000000000000000, 0.000000000000000000, 0.000000000000000000 ) ) ;
#2709 = ORIENTED_EDGE ( 'NONE', *, *, #3859, .F. ) ;
#2710 = AXIS2_PLACEMENT_3D ( 'NONE', #6371, #2391, #895 ) ;
#2711 = CARTESIAN_POINT ( 'NONE',  ( 3.759199999999999875, 10.38949476870496014, -22.65469112495100035 ) ) ;
#2712 = ADVANCED_FACE ( 'NONE', ( #793 ), #3217, .T. ) ;
#2713 = CARTESIAN_POINT ( 'NONE',  ( 10.16000000000000014, 9.373494768704960123, 21.84500000001660069 ) ) ;
#2714 = CARTESIAN_POINT ( 'NONE',  ( 0.5080000000000000071, 6.473494768704890490, 19.86380000001660306 ) ) ;
#2715 = VERTEX_POINT ( 'NONE', #2290 ) ;
#2716 = CIRCLE ( 'NONE', #3235, 4.572000000000000064 ) ;
#2717 = ORIENTED_EDGE ( 'NONE', *, *, #5585, .F. ) ;
#2718 = DIRECTION ( 'NONE',  ( 0.000000000000000000, 0.000000000000000000, 1.000000000000000000 ) ) ;
#2719 = ORIENTED_EDGE ( 'NONE', *, *, #2754, .F. ) ;
#2720 = DIRECTION ( 'NONE',  ( 0.7071067811865512365, -0.7071067811865439090, 3.545748076414376654E-16 ) ) ;
#2721 = EDGE_CURVE ( 'NONE', #4318, #1054, #838, .T. ) ;
#2722 = EDGE_LOOP ( 'NONE', ( #200, #5080, #2148, #3281 ) ) ;
#2723 = CIRCLE ( 'NONE', #5099, 0.5079999999999997851 ) ;
#2724 = ORIENTED_EDGE ( 'NONE', *, *, #2137, .T. ) ;
#2725 = FACE_BOUND ( 'NONE', #79, .T. ) ;
#2726 = DIRECTION ( 'NONE',  ( -1.000000000000000000, 0.000000000000000000, 0.000000000000000000 ) ) ;
#2727 = CARTESIAN_POINT ( 'NONE',  ( 0.5000000000000056621, 11.17574727550631941, -40.55299999999519400 ) ) ;
#2728 = VERTEX_POINT ( 'NONE', #863 ) ;
#2729 = CARTESIAN_POINT ( 'NONE',  ( 0.5000000000000052180, 52.35029476870499821, 36.82999999999999829 ) ) ;
#2730 = DIRECTION ( 'NONE',  ( 0.000000000000000000, 0.4295402710562665760, 0.9030477039120963223 ) ) ;
#2731 = EDGE_CURVE ( 'NONE', #1227, #186, #6249, .T. ) ;
#2732 = DIRECTION ( 'NONE',  ( 1.000000000000000000, 0.000000000000000000, 0.000000000000000000 ) ) ;
#2733 = ORIENTED_EDGE ( 'NONE', *, *, #3576, .T. ) ;
#2734 = CARTESIAN_POINT ( 'NONE',  ( 4.208952290649504491, -0.9096228809019283323, 13.43604770935046311 ) ) ;
#2735 = ORIENTED_EDGE ( 'NONE', *, *, #5225, .F. ) ;
#2736 = DIRECTION ( 'NONE',  ( -1.000000000000000000, 0.000000000000000000, 0.000000000000000000 ) ) ;
#2737 = ADVANCED_FACE ( 'NONE', ( #5328 ), #4035, .T. ) ;
#2738 = CARTESIAN_POINT ( 'NONE',  ( 0.5000000000000004441, 17.10149476870488527, -28.32999999999983487 ) ) ;
#2739 = FACE_OUTER_BOUND ( 'NONE', #322, .T. ) ;
#2740 = ORIENTED_EDGE ( 'NONE', *, *, #3996, .T. ) ;
#2741 = DIRECTION ( 'NONE',  ( -1.000000000000000000, 0.000000000000000000, 0.000000000000000000 ) ) ;
#2742 = CARTESIAN_POINT ( 'NONE',  ( 0.000000000000000000, 1.814613497994890023, 15.02620000001659939 ) ) ;
#2743 = DIRECTION ( 'NONE',  ( 1.000000000000000000, 0.000000000000000000, 0.000000000000000000 ) ) ;
#2744 = ORIENTED_EDGE ( 'NONE', *, *, #4439, .T. ) ;
#2745 = TOROIDAL_SURFACE ( 'NONE', #4083, 1.016000000000000014, 0.5080000000000000071 ) ;
#2746 = ADVANCED_FACE ( 'NONE', ( #6334 ), #3621, .T. ) ;
#2747 = VERTEX_POINT ( 'NONE', #3422 ) ;
#2748 = CARTESIAN_POINT ( 'NONE',  ( 10.16000000000000014, -5.971622585859059029, 0.000000000000000000 ) ) ;
#2749 = ORIENTED_EDGE ( 'NONE', *, *, #6446, .F. ) ;
#2750 = DIRECTION ( 'NONE',  ( 0.000000000000000000, 0.000000000000000000, -1.000000000000000000 ) ) ;
#2751 = CIRCLE ( 'NONE', #4088, 3.251200000000002532 ) ;
#2752 = ORIENTED_EDGE ( 'NONE', *, *, #3593, .F. ) ;
#2753 = CARTESIAN_POINT ( 'NONE',  ( 0.5000000000000051070, 9.881494768704961018, 33.57880000000000109 ) ) ;
#2754 = EDGE_CURVE ( 'NONE', #1971, #1840, #4879, .T. ) ;
#2755 = AXIS2_PLACEMENT_3D ( 'NONE', #4284, #4831, #6322 ) ;
#2756 = CARTESIAN_POINT ( 'NONE',  ( 0.5000000000000056621, 11.17574727550631941, -40.55299999999519400 ) ) ;
#2757 = CARTESIAN_POINT ( 'NONE',  ( 8.251199999999903056, 17.10149476870488527, -28.32999999999983487 ) ) ;
#2758 = CARTESIAN_POINT ( 'NONE',  ( 10.16000000000000014, 9.373494768704960123, 21.33700000001659802 ) ) ;
#2759 = DIRECTION ( 'NONE',  ( 0.000000000000000000, 1.000000000000000000, 0.000000000000000000 ) ) ;
#2760 = VERTEX_POINT ( 'NONE', #2422 ) ;
#2761 = DIRECTION ( 'NONE',  ( -1.000000000000000000, 0.000000000000000000, 0.000000000000000000 ) ) ;
#2762 = ORIENTED_EDGE ( 'NONE', *, *, #1554, .F. ) ;
#2763 = AXIS2_PLACEMENT_3D ( 'NONE', #3080, #1075, #4540 ) ;
#2764 = DIRECTION ( 'NONE',  ( 1.000000000000000000, 0.000000000000000000, 0.000000000000000000 ) ) ;
#2765 = STYLED_ITEM ( 'NONE', ( #4792 ), #6377 ) ;
#2766 = EDGE_LOOP ( 'NONE', ( #1490, #6042, #5845, #6173 ) ) ;
#2767 = DIRECTION ( 'NONE',  ( -1.000000000000000000, 0.000000000000000000, 0.000000000000000000 ) ) ;
#2768 = LINE ( 'NONE', #4649, #2540 ) ;
#2769 = ADVANCED_FACE ( 'NONE', ( #4324 ), #2288, .F. ) ;
#2770 = CARTESIAN_POINT ( 'NONE',  ( 3.251200000000000312, 17.10149476870488527, 29.67000000000017579 ) ) ;
#2771 = DIRECTION ( 'NONE',  ( 0.000000000000000000, 1.000000000000000000, 0.000000000000000000 ) ) ;
#2772 = VERTEX_POINT ( 'NONE', #5866 ) ;
#2773 = DIRECTION ( 'NONE',  ( 0.000000000000000000, -0.3114883522439713670, -0.9502499704900471134 ) ) ;
#2774 = ORIENTED_EDGE ( 'NONE', *, *, #4527, .F. ) ;
#2775 = CIRCLE ( 'NONE', #287, 3.000000000000002665 ) ;
#2776 = DIRECTION ( 'NONE',  ( 0.000000000000000000, -1.000000000000000000, 5.637321366148860355E-16 ) ) ;
#2777 = LINE ( 'NONE', #3299, #1535 ) ;
#2778 = EDGE_CURVE ( 'NONE', #2100, #3284, #1402, .T. ) ;
#2779 = CIRCLE ( 'NONE', #5800, 3.000000000000002665 ) ;
#2780 = ORIENTED_EDGE ( 'NONE', *, *, #2397, .T. ) ;
#2781 = VECTOR ( 'NONE', #208, 1000.000000000000000 ) ;
#2782 = CARTESIAN_POINT ( 'NONE',  ( 0.000000000000000000, 6.473494768704890490, 15.02620000001659939 ) ) ;
#2783 = ORIENTED_EDGE ( 'NONE', *, *, #737, .T. ) ;
#2784 = CARTESIAN_POINT ( 'NONE',  ( 10.16000000000000014, -2.531718521696844696E-14, 16.05380000001665053 ) ) ;
#2785 = EDGE_CURVE ( 'NONE', #708, #3851, #4839, .T. ) ;
#2786 = VECTOR ( 'NONE', #363, 1000.000000000000000 ) ;
#2787 = AXIS2_PLACEMENT_3D ( 'NONE', #3531, #5985, #61 ) ;
#2788 = LINE ( 'NONE', #2307, #5676 ) ;
#2789 = AXIS2_PLACEMENT_3D ( 'NONE', #1489, #6359, #886 ) ;
#2790 = DIRECTION ( 'NONE',  ( 0.000000000000000000, 0.000000000000000000, -1.000000000000000000 ) ) ;
#2791 = CYLINDRICAL_SURFACE ( 'NONE', #1877, 1.000000000000000888 ) ;
#2792 = ORIENTED_EDGE ( 'NONE', *, *, #4260, .F. ) ;
#2793 = CARTESIAN_POINT ( 'NONE',  ( 3.251200000000000312, 9.188879377429095996, 22.35300000001660692 ) ) ;
#2794 = EDGE_CURVE ( 'NONE', #3152, #4848, #730, .T. ) ;
#2795 = DIRECTION ( 'NONE',  ( 1.000000000000000000, 0.000000000000000000, 0.000000000000000000 ) ) ;
#2796 = DIRECTION ( 'NONE',  ( 0.000000000000000000, -9.458000923107073913E-16, -1.000000000000000000 ) ) ;
#2797 = CIRCLE ( 'NONE', #2488, 0.007999999999990653476 ) ;
#2798 = DIRECTION ( 'NONE',  ( 0.000000000000000000, 0.000000000000000000, -1.000000000000000000 ) ) ;
#2799 = CARTESIAN_POINT ( 'NONE',  ( 0.5000000000000056621, 0.000000000000000000, -17.14499999999999957 ) ) ;
#2800 = VERTEX_POINT ( 'NONE', #1933 ) ;
#2801 = CONICAL_SURFACE ( 'NONE', #1649, 2.699999999999980194, 0.7853981633974670418 ) ;
#2802 = CARTESIAN_POINT ( 'NONE',  ( 10.16000000000000014, 6.981494768704890497, -10.95499999998338048 ) ) ;
#2803 = ADVANCED_FACE ( 'NONE', ( #5833 ), #4872, .F. ) ;
#2804 = CARTESIAN_POINT ( 'NONE',  ( 0.000000000000000000, -1.944586502005110074, -12.45499999998339113 ) ) ;
#2805 = AXIS2_PLACEMENT_3D ( 'NONE', #2674, #2199, #1251 ) ;
#2806 = DIRECTION ( 'NONE',  ( -1.000000000000000000, -0.000000000000000000, -0.000000000000000000 ) ) ;
#2807 = DIRECTION ( 'NONE',  ( 0.7071067811865443531, -0.7071067811865506814, 0.000000000000000000 ) ) ;
#2808 = DIRECTION ( 'NONE',  ( -1.000000000000000000, -0.000000000000000000, -0.000000000000000000 ) ) ;
#2809 = CIRCLE ( 'NONE', #4467, 1.708000000000316820 ) ;
#2810 = DIRECTION ( 'NONE',  ( 0.000000000000000000, 0.000000000000000000, -1.000000000000000000 ) ) ;
#2811 = CARTESIAN_POINT ( 'NONE',  ( 10.16000000000000014, -4.334319609266854628E-15, -13.93619999998337988 ) ) ;
#2812 = EDGE_LOOP ( 'NONE', ( #355, #5401, #5837, #1502 ) ) ;
#2813 = VECTOR ( 'NONE', #4819, 1000.000000000000000 ) ;
#2814 = ADVANCED_FACE ( 'NONE', ( #2869 ), #6351, .T. ) ;
#2815 = FACE_OUTER_BOUND ( 'NONE', #2333, .T. ) ;
#2816 = ORIENTED_EDGE ( 'NONE', *, *, #4464, .F. ) ;
#2817 = EDGE_CURVE ( 'NONE', #148, #601, #3832, .T. ) ;
#2818 = CARTESIAN_POINT ( 'NONE',  ( 0.5000000000000052180, 9.881494768704969900, -26.78688693560660283 ) ) ;
#2819 = ORIENTED_EDGE ( 'NONE', *, *, #3683, .F. ) ;
#2820 = LINE ( 'NONE', #351, #1883 ) ;
#2821 = VECTOR ( 'NONE', #2168, 1000.000000000000000 ) ;
#2822 = CARTESIAN_POINT ( 'NONE',  ( 0.000000000000000000, 17.10149476870488527, -28.32999999999983487 ) ) ;
#2823 = EDGE_CURVE ( 'NONE', #1385, #3305, #2938, .T. ) ;
#2824 = CIRCLE ( 'NONE', #3544, 0.5079999999999997851 ) ;
#2825 = CARTESIAN_POINT ( 'NONE',  ( 3.251200000000000312, 48.10149476870488883, 24.17000000000017224 ) ) ;
#2826 = VERTEX_POINT ( 'NONE', #2964 ) ;
#2827 = DIRECTION ( 'NONE',  ( 1.000000000000000000, 0.000000000000000000, 0.000000000000000000 ) ) ;
#2828 = DIRECTION ( 'NONE',  ( 0.000000000000000000, 0.000000000000000000, -1.000000000000000000 ) ) ;
#2829 = CARTESIAN_POINT ( 'NONE',  ( 3.759199999999999875, -4.780767527950259550E-15, 21.84500000001660069 ) ) ;
#2830 = AXIS2_PLACEMENT_3D ( 'NONE', #6328, #3833, #3895 ) ;
#2831 = EDGE_CURVE ( 'NONE', #2912, #4607, #2546, .T. ) ;
#2832 = DIRECTION ( 'NONE',  ( 0.000000000000000000, 0.000000000000000000, 1.000000000000000000 ) ) ;
#2833 = ORIENTED_EDGE ( 'NONE', *, *, #3522, .T. ) ;
#2834 = AXIS2_PLACEMENT_3D ( 'NONE', #4847, #19, #1969 ) ;
#2835 = PLANE ( 'NONE',  #2516 ) ;
#2836 = DIRECTION ( 'NONE',  ( 0.7071067811865466846, -0.3895849369606725343, 0.5901047168879011151 ) ) ;
#2837 = ADVANCED_FACE ( 'NONE', ( #3515 ), #2482, .T. ) ;
#2838 = FACE_OUTER_BOUND ( 'NONE', #933, .T. ) ;
#2839 = CARTESIAN_POINT ( 'NONE',  ( 3.670381409335992551, 7.122030684901003106, -23.57308867719977741 ) ) ;
#2840 = LINE ( 'NONE', #4781, #6265 ) ;
#2841 = DIRECTION ( 'NONE',  ( 1.000000000000000000, 0.000000000000000000, 0.000000000000000000 ) ) ;
#2842 = LINE ( 'NONE', #867, #4858 ) ;
#2843 = VERTEX_POINT ( 'NONE', #4425 ) ;
#2844 = ORIENTED_EDGE ( 'NONE', *, *, #729, .F. ) ;
#2845 = DIRECTION ( 'NONE',  ( 1.000000000000000000, 0.000000000000000000, 0.000000000000000000 ) ) ;
#2846 = ORIENTED_EDGE ( 'NONE', *, *, #3139, .T. ) ;
#2847 = LINE ( 'NONE', #4854, #2813 ) ;
#2848 = ADVANCED_FACE ( 'NONE', ( #4522 ), #3115, .F. ) ;
#2849 = DIRECTION ( 'NONE',  ( -1.000000000000000000, -0.000000000000000000, -0.000000000000000000 ) ) ;
#2850 = AXIS2_PLACEMENT_3D ( 'NONE', #4123, #3643, #3159 ) ;
#2851 = ORIENTED_EDGE ( 'NONE', *, *, #2238, .T. ) ;
#2852 = CARTESIAN_POINT ( 'NONE',  ( 0.5000000000000056621, -9.302934405672150575, 4.424998755791154537 ) ) ;
#2853 = ORIENTED_EDGE ( 'NONE', *, *, #806, .T. ) ;
#2854 = CARTESIAN_POINT ( 'NONE',  ( 3.009948612551582858, 7.968477059905202609, 22.13139489073654786 ) ) ;
#2855 = DIRECTION ( 'NONE',  ( -1.000000000000000000, -0.000000000000000000, -0.000000000000000000 ) ) ;
#2856 = EDGE_CURVE ( 'NONE', #3076, #433, #6038, .T. ) ;
#2857 = CARTESIAN_POINT ( 'NONE',  ( 3.584756938592730702, 7.557776880929980123, -23.62175081971323820 ) ) ;
#2858 = TOROIDAL_SURFACE ( 'NONE', #475, 1.498600000000000154, 0.5080000000000000071 ) ;
#2859 = DIRECTION ( 'NONE',  ( 0.7071067811865306973, 8.659560562355138702E-17, 0.7071067811865644481 ) ) ;
#2860 = FACE_OUTER_BOUND ( 'NONE', #1582, .T. ) ;
#2861 = CIRCLE ( 'NONE', #3480, 0.5080000000000015614 ) ;
#2862 = ORIENTED_EDGE ( 'NONE', *, *, #368, .F. ) ;
#2863 = CARTESIAN_POINT ( 'NONE',  ( 0.5080000000000000071, 7.489494768704889616, 18.84780000001660127 ) ) ;
#2864 = AXIS2_PLACEMENT_3D ( 'NONE', #2955, #3021, #98 ) ;
#2865 = CARTESIAN_POINT ( 'NONE',  ( 10.16000000000000014, 0.000000000000000000, -11.95499999998338048 ) ) ;
#2866 = EDGE_CURVE ( 'NONE', #5888, #1686, #4022, .T. ) ;
#2867 = COLOUR_RGB ( '',0.7921568627450980005, 0.8196078431372548767, 0.9333333333333333481 ) ;
#2868 = DIRECTION ( 'NONE',  ( 1.000000000000000000, 0.000000000000000000, 0.000000000000000000 ) ) ;
#2869 = FACE_OUTER_BOUND ( 'NONE', #102, .T. ) ;
#2870 = ORIENTED_EDGE ( 'NONE', *, *, #5586, .F. ) ;
#2871 = DIRECTION ( 'NONE',  ( -1.000000000000000000, 0.000000000000000000, 0.000000000000000000 ) ) ;
#2872 = ORIENTED_EDGE ( 'NONE', *, *, #5797, .F. ) ;
#2873 = DIRECTION ( 'NONE',  ( -1.000000000000000000, 0.000000000000000000, 0.000000000000000000 ) ) ;
#2874 = EDGE_CURVE ( 'NONE', #2550, #1512, #518, .T. ) ;
#2875 = EDGE_LOOP ( 'NONE', ( #3799, #2530, #547, #4504 ) ) ;
#2876 = ORIENTED_EDGE ( 'NONE', *, *, #6373, .T. ) ;
#2877 = LINE ( 'NONE', #2914, #1334 ) ;
#2878 = EDGE_LOOP ( 'NONE', ( #1162, #2925, #2200, #4898 ) ) ;
#2879 = AXIS2_PLACEMENT_3D ( 'NONE', #6278, #184, #1799 ) ;
#2880 = PLANE ( 'NONE',  #326 ) ;
#2881 = EDGE_LOOP ( 'NONE', ( #4891, #357, #1555, #2284 ) ) ;
#2882 = AXIS2_PLACEMENT_3D ( 'NONE', #4535, #4038, #2013 ) ;
#2883 = DIRECTION ( 'NONE',  ( -1.000000000000000000, 0.000000000000000000, 0.000000000000000000 ) ) ;
#2884 = DIRECTION ( 'NONE',  ( 0.000000000000000000, 0.000000000000000000, -1.000000000000000000 ) ) ;
#2885 = DIRECTION ( 'NONE',  ( 0.7071067811865416886, 0.7071067811865533459, 0.000000000000000000 ) ) ;
#2886 = VERTEX_POINT ( 'NONE', #1468 ) ;
#2887 = DIRECTION ( 'NONE',  ( 0.000000000000000000, 0.000000000000000000, -1.000000000000000000 ) ) ;
#2888 = ORIENTED_EDGE ( 'NONE', *, *, #3176, .T. ) ;
#2889 = CIRCLE ( 'NONE', #4437, 2.074999999999993516 ) ;
#2890 = VECTOR ( 'NONE', #1857, 1000.000000000000000 ) ;
#2891 = DIRECTION ( 'NONE',  ( 1.000000000000000000, 0.000000000000000000, 0.000000000000000000 ) ) ;
#2892 = DIRECTION ( 'NONE',  ( -1.000000000000000000, 0.000000000000000000, 0.000000000000000000 ) ) ;
#2893 = VECTOR ( 'NONE', #1817, 1000.000000000000000 ) ;
#2894 = LINE ( 'NONE', #1456, #2074 ) ;
#2895 = EDGE_CURVE ( 'NONE', #908, #6343, #2514, .T. ) ;
#2896 = EDGE_CURVE ( 'NONE', #3541, #5165, #4136, .T. ) ;
#2897 = VERTEX_POINT ( 'NONE', #1997 ) ;
#2898 = DIRECTION ( 'NONE',  ( 0.7071067811865439090, 0.000000000000000000, -0.7071067811865512365 ) ) ;
#2899 = AXIS2_PLACEMENT_3D ( 'NONE', #616, #3592, #5577 ) ;
#2900 = CARTESIAN_POINT ( 'NONE',  ( 3.481670854556125239, 7.097640471238134907, 21.87867319046493364 ) ) ;
#2901 = CARTESIAN_POINT ( 'NONE',  ( 0.000000000000000000, 55.10149476870498830, 33.57880000000000109 ) ) ;
#2902 = CIRCLE ( 'NONE', #4242, 1.574999999999999956 ) ;
#2903 = CARTESIAN_POINT ( 'NONE',  ( 8.251199999999903056, 17.10149476870488527, -31.02999999999981640 ) ) ;
#2904 = EDGE_CURVE ( 'NONE', #5034, #2459, #2060, .T. ) ;
#2905 = CARTESIAN_POINT ( 'NONE',  ( 3.568440163283898681, 7.244396634671272039, -23.59420717871948270 ) ) ;
#2906 = FACE_OUTER_BOUND ( 'NONE', #857, .T. ) ;
#2907 = CARTESIAN_POINT ( 'NONE',  ( 2.751199999999998536, 9.881494768704969900, 33.57880000000000109 ) ) ;
#2908 = DIRECTION ( 'NONE',  ( 0.000000000000000000, 0.000000000000000000, -1.000000000000000000 ) ) ;
#2909 = ORIENTED_EDGE ( 'NONE', *, *, #214, .T. ) ;
#2910 = AXIS2_PLACEMENT_3D ( 'NONE', #5902, #1432, #960 ) ;
#2911 = PLANE ( 'NONE',  #5155 ) ;
#2912 = VERTEX_POINT ( 'NONE', #529 ) ;
#2913 = EDGE_CURVE ( 'NONE', #5282, #4818, #5496, .T. ) ;
#2914 = CARTESIAN_POINT ( 'NONE',  ( -0.3175288340016946265, -1.635057668003401687, 17.96252883400170930 ) ) ;
#2915 = ORIENTED_EDGE ( 'NONE', *, *, #2162, .T. ) ;
#2916 = VECTOR ( 'NONE', #6389, 1000.000000000000000 ) ;
#2917 = DIRECTION ( 'NONE',  ( 1.000000000000000000, 0.000000000000000000, 0.000000000000000000 ) ) ;
#2918 = ORIENTED_EDGE ( 'NONE', *, *, #6135, .T. ) ;
#2919 = CIRCLE ( 'NONE', #5826, 0.5080000000000015614 ) ;
#2920 = CARTESIAN_POINT ( 'NONE',  ( 0.5080000000000000071, 6.473494768704890490, 15.02620000001659939 ) ) ;
#2921 = CARTESIAN_POINT ( 'NONE',  ( 3.152108553192764173, 7.775273403526168359, -23.74393911606880536 ) ) ;
#2922 = DIRECTION ( 'NONE',  ( -1.000000000000000000, 0.000000000000000000, 0.000000000000000000 ) ) ;
#2923 = ORIENTED_EDGE ( 'NONE', *, *, #271, .F. ) ;
#2924 = LINE ( 'NONE', #4899, #115 ) ;
#2925 = ORIENTED_EDGE ( 'NONE', *, *, #5634, .T. ) ;
#2926 = AXIS2_PLACEMENT_3D ( 'NONE', #1506, #3491, #1696 ) ;
#2927 = CARTESIAN_POINT ( 'NONE',  ( 3.413061012010774498, 7.434152159210929867, -23.63663063877471515 ) ) ;
#2928 = AXIS2_PLACEMENT_3D ( 'NONE', #5158, #2221, #3699 ) ;
#2929 = CARTESIAN_POINT ( 'NONE',  ( 9.652000000000001023, 5.614294768704970018, -15.13619999998369892 ) ) ;
#2930 = ORIENTED_EDGE ( 'NONE', *, *, #4276, .T. ) ;
#2931 = DIRECTION ( 'NONE',  ( 0.000000000000000000, 0.000000000000000000, -1.000000000000000000 ) ) ;
#2932 = AXIS2_PLACEMENT_3D ( 'NONE', #1896, #889, #5896 ) ;
#2933 = FACE_OUTER_BOUND ( 'NONE', #900, .T. ) ;
#2934 = EDGE_CURVE ( 'NONE', #908, #3982, #1142, .T. ) ;
#2935 = DIRECTION ( 'NONE',  ( 0.000000000000000000, 0.000000000000000000, -1.000000000000000000 ) ) ;
#2936 = CIRCLE ( 'NONE', #5628, 0.5079999999999997851 ) ;
#2937 = DIRECTION ( 'NONE',  ( 0.000000000000000000, 2.188495091758566605E-16, -1.000000000000000000 ) ) ;
#2938 = LINE ( 'NONE', #4910, #942 ) ;
#2939 = ORIENTED_EDGE ( 'NONE', *, *, #1985, .T. ) ;
#2940 = CARTESIAN_POINT ( 'NONE',  ( 0.5080000000000000071, 5.614294768704970018, -15.13619999998369892 ) ) ;
#2941 = CARTESIAN_POINT ( 'NONE',  ( 0.5000000000000056621, 0.9359217687046109679, -30.68124960392044898 ) ) ;
#2942 = DIRECTION ( 'NONE',  ( 1.000000000000000000, 0.000000000000000000, 0.000000000000000000 ) ) ;
#2943 = EDGE_LOOP ( 'NONE', ( #5346, #2565, #474, #1170 ) ) ;
#2944 = EDGE_CURVE ( 'NONE', #5543, #3076, #2094, .T. ) ;
#2945 = CARTESIAN_POINT ( 'NONE',  ( 10.16000000000000014, 0.7986134979948900092, 18.84780000001660127 ) ) ;
#2946 = ORIENTED_EDGE ( 'NONE', *, *, #3328, .F. ) ;
#2947 = CARTESIAN_POINT ( 'NONE',  ( 10.16000000000000014, 2.065286086174685121, -13.93619999998337988 ) ) ;
#2948 = EDGE_LOOP ( 'NONE', ( #3368, #3040, #1868, #3877, #1460, #3620, #4707, #3647 ) ) ;
#2949 = EDGE_CURVE ( 'NONE', #6100, #3845, #4456, .T. ) ;
#2950 = DIRECTION ( 'NONE',  ( -1.000000000000000000, -0.000000000000000000, -0.000000000000000000 ) ) ;
#2951 = ORIENTED_EDGE ( 'NONE', *, *, #4478, .F. ) ;
#2952 = CARTESIAN_POINT ( 'NONE',  ( 10.16000000000000014, 1.306613497994890016, 18.84780000001660127 ) ) ;
#2953 = ORIENTED_EDGE ( 'NONE', *, *, #1962, .F. ) ;
#2954 = ADVANCED_FACE ( 'NONE', ( #1056 ), #3662, .F. ) ;
#2955 = CARTESIAN_POINT ( 'NONE',  ( 10.16000000000000014, 11.17574727550631941, -40.55299999999519400 ) ) ;
#2956 = AXIS2_PLACEMENT_3D ( 'NONE', #113, #3067, #3006 ) ;
#2957 = ORIENTED_EDGE ( 'NONE', *, *, #2663, .F. ) ;
#2958 = CARTESIAN_POINT ( 'NONE',  ( 2.751199999999998536, 52.35029476870499821, -36.82999999999999829 ) ) ;
#2959 = CIRCLE ( 'NONE', #164, 5.080000000000000959 ) ;
#2960 = DIRECTION ( 'NONE',  ( -1.000000000000000000, 0.000000000000000000, 0.000000000000000000 ) ) ;
#2961 = CARTESIAN_POINT ( 'NONE',  ( 0.5080000000000000071, 5.614294768704970018, -13.42819999998338076 ) ) ;
#2962 = AXIS2_PLACEMENT_3D ( 'NONE', #1814, #4798, #5786 ) ;
#2963 = CARTESIAN_POINT ( 'NONE',  ( 5.751199999999999868, 48.10149476870488883, -25.32999999999983132 ) ) ;
#2964 = CARTESIAN_POINT ( 'NONE',  ( 0.000000000000000000, -5.471622585859048371, 18.59380000001660349 ) ) ;
#2965 = ORIENTED_EDGE ( 'NONE', *, *, #5313, .T. ) ;
#2966 = EDGE_CURVE ( 'NONE', #769, #718, #3034, .T. ) ;
#2967 = CARTESIAN_POINT ( 'NONE',  ( 9.652000000000001023, 2.065286086174685121, -13.42819999998338076 ) ) ;
#2968 = CARTESIAN_POINT ( 'NONE',  ( 10.16000000000000014, -5.473161398043879800, -19.63224960392044949 ) ) ;
#2969 = VECTOR ( 'NONE', #949, 1000.000000000000114 ) ;
#2970 = ORIENTED_EDGE ( 'NONE', *, *, #38, .T. ) ;
#2971 = VECTOR ( 'NONE', #3624, 1000.000000000000000 ) ;
#2972 = CARTESIAN_POINT ( 'NONE',  ( 0.000000000000000000, -4.671342773362320212E-15, 21.34500000001659004 ) ) ;
#2973 = ORIENTED_EDGE ( 'NONE', *, *, #1291, .T. ) ;
#2974 = ADVANCED_FACE ( 'NONE', ( #1084 ), #4981, .T. ) ;
#2975 = DIRECTION ( 'NONE',  ( 0.000000000000000000, 1.000000000000000000, 0.000000000000000000 ) ) ;
#2976 = EDGE_LOOP ( 'NONE', ( #1937, #3910, #5489, #3998 ) ) ;
#2977 = CARTESIAN_POINT ( 'NONE',  ( 3.440357207602332767, 7.904701704056134481, 21.95720300479005971 ) ) ;
#2978 = AXIS2_PLACEMENT_3D ( 'NONE', #2714, #2229, #5772 ) ;
#2979 = CARTESIAN_POINT ( 'NONE',  ( 10.16000000000000014, 6.473494768704890490, 15.02620000001659939 ) ) ;
#2980 = DIRECTION ( 'NONE',  ( 0.000000000000000000, 0.000000000000000000, -1.000000000000000000 ) ) ;
#2981 = EDGE_LOOP ( 'NONE', ( #1934, #2740 ) ) ;
#2982 = EDGE_CURVE ( 'NONE', #2826, #560, #4665, .T. ) ;
#2983 = DIRECTION ( 'NONE',  ( 1.000000000000000000, 0.000000000000000000, 0.000000000000000000 ) ) ;
#2984 = ORIENTED_EDGE ( 'NONE', *, *, #3092, .T. ) ;
#2985 = AXIS2_PLACEMENT_3D ( 'NONE', #3514, #14, #3963 ) ;
#2986 = DIRECTION ( 'NONE',  ( 0.000000000000000000, 0.000000000000000000, 1.000000000000000000 ) ) ;
#2987 = DIRECTION ( 'NONE',  ( 1.000000000000000000, 0.000000000000000000, 0.000000000000000000 ) ) ;
#2988 = AXIS2_PLACEMENT_3D ( 'NONE', #2758, #1742, #5681 ) ;
#2989 = CIRCLE ( 'NONE', #1025, 54.97067774584250088 ) ;
#2990 = EDGE_CURVE ( 'NONE', #4917, #2760, #5934, .T. ) ;
#2991 = ORIENTED_EDGE ( 'NONE', *, *, #4907, .T. ) ;
#2992 = DIRECTION ( 'NONE',  ( 1.000000000000000000, 0.000000000000000000, 0.000000000000000000 ) ) ;
#2993 = ORIENTED_EDGE ( 'NONE', *, *, #5415, .T. ) ;
#2994 = CARTESIAN_POINT ( 'NONE',  ( 10.16000000000000014, -5.473161398043879800, -19.63224960392044949 ) ) ;
#2995 = CONICAL_SURFACE ( 'NONE', #3817, 0.007999999999988918753, 0.7853981633974533860 ) ;
#2996 = CIRCLE ( 'NONE', #703, 3.751200000000010082 ) ;
#2997 = CARTESIAN_POINT ( 'NONE',  ( 3.442772026876206759, 8.023561889938878977, -23.67792859690047891 ) ) ;
#2998 = CARTESIAN_POINT ( 'NONE',  ( 9.652000000000001023, 5.614294768704970018, -15.13619999998369892 ) ) ;
#2999 = ADVANCED_FACE ( 'NONE', ( #846 ), #6356, .T. ) ;
#3000 = DIRECTION ( 'NONE',  ( 1.000000000000000000, 0.000000000000000000, 0.000000000000000000 ) ) ;
#3001 = CARTESIAN_POINT ( 'NONE',  ( 9.652000000000001023, 7.489494768704889616, 0.000000000000000000 ) ) ;
#3002 = ORIENTED_EDGE ( 'NONE', *, *, #1052, .F. ) ;
#3003 = AXIS2_PLACEMENT_3D ( 'NONE', #2021, #3981, #5994 ) ;
#3004 = DIRECTION ( 'NONE',  ( 0.000000000000000000, 0.000000000000000000, -1.000000000000000000 ) ) ;
#3005 = ORIENTED_EDGE ( 'NONE', *, *, #5260, .F. ) ;
#3006 = DIRECTION ( 'NONE',  ( 0.000000000000000000, 0.000000000000000000, -1.000000000000000000 ) ) ;
#3007 = VERTEX_POINT ( 'NONE', #230 ) ;
#3008 = AXIS2_PLACEMENT_3D ( 'NONE', #3879, #3398, #4888 ) ;
#3009 = CARTESIAN_POINT ( 'NONE',  ( 0.5000000000000052180, 13.13269476870496177, -36.82999999999999829 ) ) ;
#3010 = ORIENTED_EDGE ( 'NONE', *, *, #2198, .F. ) ;
#3011 = CARTESIAN_POINT ( 'NONE',  ( 10.16000000000000014, -2.720422585859060050, 18.59380000001660349 ) ) ;
#3012 = DIRECTION ( 'NONE',  ( 1.000000000000000000, 0.000000000000000000, 0.000000000000000000 ) ) ;
#3013 = EDGE_CURVE ( 'NONE', #5034, #937, #4772, .T. ) ;
#3014 = AXIS2_PLACEMENT_3D ( 'NONE', #3690, #457, #5385 ) ;
#3015 = FACE_OUTER_BOUND ( 'NONE', #611, .T. ) ;
#3016 = CARTESIAN_POINT ( 'NONE',  ( 10.16000000000000014, 5.981494768704890497, 13.04500000001661952 ) ) ;
#3017 = ORIENTED_EDGE ( 'NONE', *, *, #1303, .F. ) ;
#3018 = CARTESIAN_POINT ( 'NONE',  ( 10.16000000000000014, -2.452586502005110081, 17.14499999999999957 ) ) ;
#3019 = VERTEX_POINT ( 'NONE', #6185 ) ;
#3020 = CIRCLE ( 'NONE', #1350, 1.574999999999999956 ) ;
#3021 = DIRECTION ( 'NONE',  ( -1.000000000000000000, 0.000000000000000000, 0.000000000000000000 ) ) ;
#3022 = ADVANCED_FACE ( 'NONE', ( #5682 ), #2791, .T. ) ;
#3023 = LINE ( 'NONE', #1135, #5163 ) ;
#3024 = CIRCLE ( 'NONE', #1674, 28.65919999999998780 ) ;
#3025 = ORIENTED_EDGE ( 'NONE', *, *, #3576, .F. ) ;
#3026 = FACE_OUTER_BOUND ( 'NONE', #4405, .T. ) ;
#3027 = ORIENTED_EDGE ( 'NONE', *, *, #5976, .T. ) ;
#3028 = FACE_OUTER_BOUND ( 'NONE', #4346, .T. ) ;
#3029 = AXIS2_PLACEMENT_3D ( 'NONE', #3484, #4090, #5557 ) ;
#3030 = ADVANCED_FACE ( 'NONE', ( #3249 ), #3119, .F. ) ;
#3031 = DIRECTION ( 'NONE',  ( 0.000000000000000000, 0.000000000000000000, -1.000000000000000000 ) ) ;
#3032 = VERTEX_POINT ( 'NONE', #3213 ) ;
#3033 = DIRECTION ( 'NONE',  ( -1.000000000000000000, 0.000000000000000000, 0.000000000000000000 ) ) ;
#3034 = LINE ( 'NONE', #5431, #2187 ) ;
#3035 = ORIENTED_EDGE ( 'NONE', *, *, #5107, .T. ) ;
#3036 = VECTOR ( 'NONE', #4014, 1000.000000000000000 ) ;
#3037 = CARTESIAN_POINT ( 'NONE',  ( 3.690532171574560927, 7.227424100205195323, -23.58358737113675119 ) ) ;
#3038 = ORIENTED_EDGE ( 'NONE', *, *, #3718, .T. ) ;
#3039 = DIRECTION ( 'NONE',  ( 1.000000000000000000, 0.000000000000000000, 0.000000000000000000 ) ) ;
#3040 = ORIENTED_EDGE ( 'NONE', *, *, #1319, .T. ) ;
#3041 = EDGE_CURVE ( 'NONE', #3654, #1054, #5713, .T. ) ;
#3042 = CONICAL_SURFACE ( 'NONE', #5423, 2.751199999999988322, 0.7853981633974548293 ) ;
#3043 = CARTESIAN_POINT ( 'NONE',  ( 2.751199999999998536, 13.13269476870496177, 36.82999999999999829 ) ) ;
#3044 = ORIENTED_EDGE ( 'NONE', *, *, #6015, .T. ) ;
#3045 = DIRECTION ( 'NONE',  ( 0.000000000000000000, -1.000000000000000000, 3.035386659626960118E-16 ) ) ;
#3046 = CARTESIAN_POINT ( 'NONE',  ( 5.751199999999999868, 48.10149476870488883, 29.67000000000017579 ) ) ;
#3047 = CARTESIAN_POINT ( 'NONE',  ( 0.5080000000000000071, 1.814613497994890023, 15.53420000001659851 ) ) ;
#3048 = DIRECTION ( 'NONE',  ( 0.000000000000000000, 0.000000000000000000, -1.000000000000000000 ) ) ;
#3049 = VERTEX_POINT ( 'NONE', #2275 ) ;
#3050 = DIRECTION ( 'NONE',  ( -1.000000000000000000, -0.000000000000000000, -0.000000000000000000 ) ) ;
#3051 = EDGE_CURVE ( 'NONE', #2423, #675, #6219, .T. ) ;
#3052 = CARTESIAN_POINT ( 'NONE',  ( 2.751199999999998980, 8.692589132800922158, -24.27347423654222780 ) ) ;
#3053 = LINE ( 'NONE', #1077, #1860 ) ;
#3054 = DIRECTION ( 'NONE',  ( -1.000000000000000000, 0.000000000000000000, 0.000000000000000000 ) ) ;
#3055 = ORIENTED_EDGE ( 'NONE', *, *, #5202, .T. ) ;
#3056 = FACE_OUTER_BOUND ( 'NONE', #6388, .T. ) ;
#3057 = EDGE_CURVE ( 'NONE', #3606, #1193, #259, .T. ) ;
#3058 = ORIENTED_EDGE ( 'NONE', *, *, #5602, .F. ) ;
#3059 = CARTESIAN_POINT ( 'NONE',  ( 2.988688419155223208, 8.016548910755449953, 22.15532416589953968 ) ) ;
#3060 = CIRCLE ( 'NONE', #1294, 0.5080000000000015614 ) ;
#3061 = CYLINDRICAL_SURFACE ( 'NONE', #1853, 1.574999999999999956 ) ;
#3062 = VECTOR ( 'NONE', #2836, 1000.000000000000114 ) ;
#3063 = DIRECTION ( 'NONE',  ( -1.000000000000000000, 0.000000000000000000, 0.000000000000000000 ) ) ;
#3064 = ORIENTED_EDGE ( 'NONE', *, *, #4773, .T. ) ;
#3065 = CARTESIAN_POINT ( 'NONE',  ( 3.722668091447066008, 7.128191564630746768, -23.57196745601231669 ) ) ;
#3066 = EDGE_CURVE ( 'NONE', #1388, #1767, #6287, .T. ) ;
#3067 = DIRECTION ( 'NONE',  ( 1.000000000000000000, 0.000000000000000000, 0.000000000000000000 ) ) ;
#3068 = ORIENTED_EDGE ( 'NONE', *, *, #2224, .F. ) ;
#3069 = VECTOR ( 'NONE', #4799, 1000.000000000000114 ) ;
#3070 = LINE ( 'NONE', #6009, #3617 ) ;
#3071 = EDGE_LOOP ( 'NONE', ( #787, #1902, #3177, #5221 ) ) ;
#3072 = CARTESIAN_POINT ( 'NONE',  ( 0.5000000000000056621, 0.000000000000000000, -11.95499999998338048 ) ) ;
#3073 = ADVANCED_FACE ( 'NONE', ( #6256 ), #3757, .F. ) ;
#3074 = FACE_OUTER_BOUND ( 'NONE', #653, .T. ) ;
#3075 = CYLINDRICAL_SURFACE ( 'NONE', #185, 3.251200000000002532 ) ;
#3076 = VERTEX_POINT ( 'NONE', #3789 ) ;
#3077 = CARTESIAN_POINT ( 'NONE',  ( 3.355421229913573278, 8.308432154993912633, 22.04470451012683796 ) ) ;
#3078 = ORIENTED_EDGE ( 'NONE', *, *, #3986, .F. ) ;
#3079 = B_SPLINE_CURVE_WITH_KNOTS ( 'NONE', 3,
 ( #5314, #4441, #976, #4378, #6387, #876, #1004, #3854, #1916, #4957, #4825, #1448, #384, #3885, #4922, #3438, #6447, #1844, #5850, #5885, #3404, #4407, #1383, #943, #2921, #3948, #4895, #455, #2434, #3373, #513, #5955, #1484, #2497 ),
 .UNSPECIFIED., .F., .F.,
 ( 4, 2, 1, 1, 2, 2, 2, 1, 2, 2, 1, 2, 2, 1, 2, 2, 1, 2, 2, 4 ),
 ( 0.000000000000000000, 0.1249999999999865941, 0.1874999999999779621, 0.2187499999999766020, 0.2343749999999787670, 0.2499999999999809597, 0.3749999999999826250, 0.4374999999999820144, 0.4687499999999816813, 0.4999999999999813483, 0.5624999999999806821, 0.5937499999999792388, 0.6249999999999779066, 0.6874999999999775735, 0.7187499999999784617, 0.7499999999999792388, 0.8124999999999810152, 0.8437499999999833467, 0.8749999999999856781, 1.000000000000000000 ),
 .UNSPECIFIED. ) ;
#3080 = CARTESIAN_POINT ( 'NONE',  ( 8.251199999999903056, 17.10149476870488527, -28.32999999999983487 ) ) ;
#3081 = CARTESIAN_POINT ( 'NONE',  ( 0.5000000000000004441, 17.10149476870488527, 29.67000000000017579 ) ) ;
#3082 = EDGE_CURVE ( 'NONE', #5106, #346, #3836, .T. ) ;
#3083 = CARTESIAN_POINT ( 'NONE',  ( 0.000000000000000000, -5.471622585859049259, 16.56180000001660346 ) ) ;
#3084 = VERTEX_POINT ( 'NONE', #1743 ) ;
#3085 = VECTOR ( 'NONE', #987, 1000.000000000000000 ) ;
#3086 = LINE ( 'NONE', #5056, #5622 ) ;
#3087 = ORIENTED_EDGE ( 'NONE', *, *, #497, .F. ) ;
#3088 = DIRECTION ( 'NONE',  ( 0.000000000000000000, 0.000000000000000000, 1.000000000000000000 ) ) ;
#3089 = CIRCLE ( 'NONE', #5899, 1.875000000000015543 ) ;
#3090 = ADVANCED_FACE ( 'NONE', ( #324 ), #4357, .F. ) ;
#3091 = AXIS2_PLACEMENT_3D ( 'NONE', #30, #2528, #4534 ) ;
#3092 = EDGE_CURVE ( 'NONE', #927, #3407, #4668, .T. ) ;
#3093 = DIRECTION ( 'NONE',  ( 1.000000000000000000, 0.000000000000000000, 0.000000000000000000 ) ) ;
#3094 = CARTESIAN_POINT ( 'NONE',  ( 8.251199999999903056, 17.10149476870488527, -28.32999999999983487 ) ) ;
#3095 = EDGE_LOOP ( 'NONE', ( #5504, #104, #6021, #5671 ) ) ;
#3096 = PLANE ( 'NONE',  #1360 ) ;
#3097 = EDGE_LOOP ( 'NONE', ( #2334, #3580, #1257, #4628 ) ) ;
#3098 = AXIS2_PLACEMENT_3D ( 'NONE', #1233, #3212, #4729 ) ;
#3099 = DIRECTION ( 'NONE',  ( 1.000000000000000000, 0.000000000000000000, 0.000000000000000000 ) ) ;
#3100 = AXIS2_PLACEMENT_3D ( 'NONE', #6143, #1160, #3653 ) ;
#3101 = VERTEX_POINT ( 'NONE', #2825 ) ;
#3102 = EDGE_CURVE ( 'NONE', #2843, #1978, #2339, .T. ) ;
#3103 = CIRCLE ( 'NONE', #2272, 5.499999999999998224 ) ;
#3104 = CARTESIAN_POINT ( 'NONE',  ( 10.16000000000000014, -1.944586502005110074, -11.95499999998338048 ) ) ;
#3105 = ORIENTED_EDGE ( 'NONE', *, *, #1201, .F. ) ;
#3106 = DIRECTION ( 'NONE',  ( -0.7071067811865342501, 8.659560562355095561E-17, -0.7071067811865607844 ) ) ;
#3107 = CARTESIAN_POINT ( 'NONE',  ( 9.652000000000001023, 13.65069425659989832, 9.380249238660770317 ) ) ;
#3108 = ADVANCED_FACE ( 'NONE', ( #5719 ), #2693, .F. ) ;
#3109 = DIRECTION ( 'NONE',  ( -1.000000000000000000, 0.000000000000000000, 0.000000000000000000 ) ) ;
#3110 = CARTESIAN_POINT ( 'NONE',  ( 7.951199999999892576, 48.10149476870488883, -28.32999999999983487 ) ) ;
#3111 = ORIENTED_EDGE ( 'NONE', *, *, #5113, .F. ) ;
#3112 = AXIS2_PLACEMENT_3D ( 'NONE', #3674, #179, #2225 ) ;
#3113 = CARTESIAN_POINT ( 'NONE',  ( 3.303148715798746249, 8.608329056563091441, 22.12917136904582094 ) ) ;
#3114 = LINE ( 'NONE', #6150, #4623 ) ;
#3115 = CONICAL_SURFACE ( 'NONE', #5393, 3.751199999999992762, 0.7853981633974410625 ) ;
#3116 = EDGE_CURVE ( 'NONE', #6379, #4774, #1353, .T. ) ;
#3117 = CARTESIAN_POINT ( 'NONE',  ( 0.000000000000000000, 10.38149476870498056, 0.000000000000000000 ) ) ;
#3118 = ORIENTED_EDGE ( 'NONE', *, *, #313, .F. ) ;
#3119 = CONICAL_SURFACE ( 'NONE', #215, 1.574999999999999956, 0.7853981633974418397 ) ;
#3120 = CARTESIAN_POINT ( 'NONE',  ( 10.16000000000000014, 1.620971776150855082, -15.35789622625775053 ) ) ;
#3121 = EDGE_LOOP ( 'NONE', ( #630, #4694, #448, #5521, #557, #1788, #3505, #4789, #4723, #5773, #4970, #6137, #4226, #6082, #4968, #3038, #5120, #1245, #5674, #2322, #6432, #597, #2984, #567, #2563, #161, #2253, #3399, #1866, #844, #3882, #1887, #4926, #2067, #4712, #1922, #4589, #3901, #3824 ) ) ;
#3122 = CARTESIAN_POINT ( 'NONE',  ( 7.951199999999901458, 48.10149476870488883, -26.75499999999983558 ) ) ;
#3123 = CONICAL_SURFACE ( 'NONE', #1051, 0.007999999999990653476, 0.7853981633974528309 ) ;
#3124 = FACE_OUTER_BOUND ( 'NONE', #5025, .T. ) ;
#3125 = DIRECTION ( 'NONE',  ( 0.000000000000000000, 0.000000000000000000, -1.000000000000000000 ) ) ;
#3126 = ORIENTED_EDGE ( 'NONE', *, *, #1208, .F. ) ;
#3127 = DIRECTION ( 'NONE',  ( -1.000000000000000000, -0.000000000000000000, -0.000000000000000000 ) ) ;
#3128 = CIRCLE ( 'NONE', #747, 1.498599999999999266 ) ;
#3129 = EDGE_LOOP ( 'NONE', ( #2343, #4584, #5444, #4826 ) ) ;
#3130 = CIRCLE ( 'NONE', #1060, 3.000000000000002665 ) ;
#3131 = CARTESIAN_POINT ( 'NONE',  ( 10.16000000000000014, 6.473494768704890490, 16.04220000001659940 ) ) ;
#3132 = EDGE_CURVE ( 'NONE', #3076, #4154, #1149, .T. ) ;
#3133 = ORIENTED_EDGE ( 'NONE', *, *, #2866, .T. ) ;
#3134 = AXIS2_PLACEMENT_3D ( 'NONE', #3258, #6269, #3605 ) ;
#3135 = CARTESIAN_POINT ( 'NONE',  ( 9.652000000000001023, 1.814613497994890023, 18.84780000001660127 ) ) ;
#3136 = ORIENTED_EDGE ( 'NONE', *, *, #3917, .T. ) ;
#3137 = CARTESIAN_POINT ( 'NONE',  ( 3.251200000000000312, 10.38149476870495214, 33.57880000000000109 ) ) ;
#3138 = LINE ( 'NONE', #6049, #240 ) ;
#3139 = EDGE_CURVE ( 'NONE', #3932, #1664, #4410, .T. ) ;
#3140 = CIRCLE ( 'NONE', #132, 3.000000000000002665 ) ;
#3141 = DIRECTION ( 'NONE',  ( -1.000000000000000000, -0.000000000000000000, -0.000000000000000000 ) ) ;
#3142 = EDGE_LOOP ( 'NONE', ( #2058, #4402, #5200, #3532 ) ) ;
#3143 = FACE_OUTER_BOUND ( 'NONE', #2722, .T. ) ;
#3144 = EDGE_CURVE ( 'NONE', #1797, #873, #1886, .T. ) ;
#3145 = CARTESIAN_POINT ( 'NONE',  ( 9.652000000000001023, 0.7986134979948928958, 9.062785110972480097E-17 ) ) ;
#3146 = DIRECTION ( 'NONE',  ( 0.000000000000000000, 0.000000000000000000, -1.000000000000000000 ) ) ;
#3147 = DIRECTION ( 'NONE',  ( 0.000000000000000000, -1.000000000000000000, 0.000000000000000000 ) ) ;
#3148 = DIRECTION ( 'NONE',  ( -1.000000000000000000, 0.000000000000000000, 0.000000000000000000 ) ) ;
#3149 = EDGE_LOOP ( 'NONE', ( #3035, #5979, #2336, #188 ) ) ;
#3150 = CYLINDRICAL_SURFACE ( 'NONE', #3651, 0.5079999999999997851 ) ;
#3151 = EDGE_CURVE ( 'NONE', #2165, #3049, #12, .T. ) ;
#3152 = VERTEX_POINT ( 'NONE', #6418 ) ;
#3153 = CARTESIAN_POINT ( 'NONE',  ( 9.652000000000001023, 5.614294768704970018, -13.93619999998337988 ) ) ;
#3154 = DIRECTION ( 'NONE',  ( 0.000000000000000000, 5.014445018423550594E-16, 1.000000000000000000 ) ) ;
#3155 = PLANE ( 'NONE',  #5794 ) ;
#3156 = EDGE_LOOP ( 'NONE', ( #4551, #2844, #6122, #414 ) ) ;
#3157 = DIRECTION ( 'NONE',  ( 0.000000000000000000, 0.000000000000000000, 1.000000000000000000 ) ) ;
#3158 = EDGE_LOOP ( 'NONE', ( #3610, #3464, #1102, #5986 ) ) ;
#3159 = DIRECTION ( 'NONE',  ( 0.000000000000000000, 0.000000000000000000, 1.000000000000000000 ) ) ;
#3160 = AXIS2_PLACEMENT_3D ( 'NONE', #6167, #2223, #4184 ) ;
#3161 = EDGE_CURVE ( 'NONE', #1820, #1026, #1920, .T. ) ;
#3162 = DIRECTION ( 'NONE',  ( -1.000000000000000000, -0.000000000000000000, -0.000000000000000000 ) ) ;
#3163 = ORIENTED_EDGE ( 'NONE', *, *, #4717, .T. ) ;
#3164 = DIRECTION ( 'NONE',  ( -1.000000000000000000, 0.000000000000000000, 0.000000000000000000 ) ) ;
#3165 = LINE ( 'NONE', #3742, #869 ) ;
#3166 = FACE_OUTER_BOUND ( 'NONE', #2133, .T. ) ;
#3167 = EDGE_CURVE ( 'NONE', #3284, #4828, #5396, .T. ) ;
#3168 = VECTOR ( 'NONE', #391, 1000.000000000000000 ) ;
#3169 = CARTESIAN_POINT ( 'NONE',  ( 9.652000000000001023, 2.065286086174685121, -14.44419999998338078 ) ) ;
#3170 = CARTESIAN_POINT ( 'NONE',  ( 0.5000000000000004441, 48.10149476870488883, -28.32999999999983487 ) ) ;
#3171 = ORIENTED_EDGE ( 'NONE', *, *, #1333, .F. ) ;
#3172 = CARTESIAN_POINT ( 'NONE',  ( 0.000000000000000000, -5.463622585859059910, 16.56180000001660346 ) ) ;
#3173 = AXIS2_PLACEMENT_3D ( 'NONE', #4286, #1422, #3410 ) ;
#3174 = CARTESIAN_POINT ( 'NONE',  ( 16.73648137423847970, 17.10149476870488527, 29.67000000000017579 ) ) ;
#3175 = DIRECTION ( 'NONE',  ( 0.000000000000000000, 0.000000000000000000, 1.000000000000000000 ) ) ;
#3176 = EDGE_CURVE ( 'NONE', #2053, #3321, #3440, .T. ) ;
#3177 = ORIENTED_EDGE ( 'NONE', *, *, #2162, .F. ) ;
#3178 = CARTESIAN_POINT ( 'NONE',  ( 0.000000000000000000, -2.720422585859060050, 18.59380000001660349 ) ) ;
#3179 = VERTEX_POINT ( 'NONE', #1386 ) ;
#3180 = CARTESIAN_POINT ( 'NONE',  ( 3.759199999999999875, 10.38949476870496014, 21.33700000001659802 ) ) ;
#3181 = DIRECTION ( 'NONE',  ( 0.000000000000000000, 0.000000000000000000, -1.000000000000000000 ) ) ;
#3182 = ADVANCED_FACE ( 'NONE', ( #3887 ), #5419, .F. ) ;
#3183 = DIRECTION ( 'NONE',  ( 1.000000000000000000, 0.000000000000000000, 0.000000000000000000 ) ) ;
#3184 = AXIS2_PLACEMENT_3D ( 'NONE', #3754, #1320, #5751 ) ;
#3185 = PLANE ( 'NONE',  #5911 ) ;
#3186 = ORIENTED_EDGE ( 'NONE', *, *, #4148, .T. ) ;
#3187 = PLANE ( 'NONE',  #2928 ) ;
#3188 = CARTESIAN_POINT ( 'NONE',  ( 0.5000000000000056621, -0.8298007924204280350, -23.01660231560385128 ) ) ;
#3189 = ORIENTED_EDGE ( 'NONE', *, *, #3415, .F. ) ;
#3190 = DIRECTION ( 'NONE',  ( 0.000000000000000000, 0.000000000000000000, -1.000000000000000000 ) ) ;
#3191 = VECTOR ( 'NONE', #3804, 1000.000000000000000 ) ;
#3192 = CIRCLE ( 'NONE', #5051, 0.9999999999999991118 ) ;
#3193 = ADVANCED_FACE ( 'NONE', ( #4925 ), #5347, .F. ) ;
#3194 = DIRECTION ( 'NONE',  ( 0.000000000000000000, 0.000000000000000000, -1.000000000000000000 ) ) ;
#3195 = VERTEX_POINT ( 'NONE', #3406 ) ;
#3196 = VECTOR ( 'NONE', #2242, 1000.000000000000000 ) ;
#3197 = AXIS2_PLACEMENT_3D ( 'NONE', #4316, #723, #3254 ) ;
#3198 = DIRECTION ( 'NONE',  ( 0.000000000000000000, 0.000000000000000000, -1.000000000000000000 ) ) ;
#3199 = CARTESIAN_POINT ( 'NONE',  ( 0.000000000000000000, 5.309494768704969836, -19.34817082966969792 ) ) ;
#3200 = CIRCLE ( 'NONE', #5578, 1.875000000000015543 ) ;
#3201 = VECTOR ( 'NONE', #5147, 1000.000000000000000 ) ;
#3202 = CARTESIAN_POINT ( 'NONE',  ( 10.16000000000000014, 0.000000000000000000, -17.14499999999999957 ) ) ;
#3203 = ORIENTED_EDGE ( 'NONE', *, *, #6067, .F. ) ;
#3204 = CARTESIAN_POINT ( 'NONE',  ( 9.652000000000001023, -5.473161398043879800, -18.13364960392044978 ) ) ;
#3205 = VERTEX_POINT ( 'NONE', #945 ) ;
#3206 = AXIS2_PLACEMENT_3D ( 'NONE', #5547, #4106, #2534 ) ;
#3207 = EDGE_CURVE ( 'NONE', #3847, #3333, #6139, .T. ) ;
#3208 = CARTESIAN_POINT ( 'NONE',  ( 10.16000000000000014, 1.814613497994890023, 15.53420000001659851 ) ) ;
#3209 = VECTOR ( 'NONE', #1030, 1000.000000000000000 ) ;
#3210 = CARTESIAN_POINT ( 'NONE',  ( 2.751199999999998536, 52.35029476870499821, 33.57880000000000109 ) ) ;
#3211 = ORIENTED_EDGE ( 'NONE', *, *, #3927, .F. ) ;
#3212 = DIRECTION ( 'NONE',  ( -1.000000000000000000, 0.000000000000000000, 0.000000000000000000 ) ) ;
#3213 = CARTESIAN_POINT ( 'NONE',  ( 2.751199999999998536, 55.60149476870499541, 33.57880000000000109 ) ) ;
#3214 = CARTESIAN_POINT ( 'NONE',  ( 3.251200000000000312, 52.35029476870499821, -33.57880000000000109 ) ) ;
#3215 = ORIENTED_EDGE ( 'NONE', *, *, #5767, .F. ) ;
#3216 = LINE ( 'NONE', #3665, #1786 ) ;
#3217 = TOROIDAL_SURFACE ( 'NONE', #2697, 1.016000000000000014, 0.5080000000000000071 ) ;
#3218 = CARTESIAN_POINT ( 'NONE',  ( 10.16000000000000014, 2.065286086174685121, -14.44419999998338078 ) ) ;
#3219 = EDGE_CURVE ( 'NONE', #4388, #549, #515, .T. ) ;
#3220 = DIRECTION ( 'NONE',  ( 1.000000000000000000, 0.000000000000000000, 0.000000000000000000 ) ) ;
#3221 = VECTOR ( 'NONE', #717, 1000.000000000000000 ) ;
#3222 = ORIENTED_EDGE ( 'NONE', *, *, #1175, .F. ) ;
#3223 = FACE_OUTER_BOUND ( 'NONE', #3831, .T. ) ;
#3224 = ORIENTED_EDGE ( 'NONE', *, *, #5045, .F. ) ;
#3225 = CARTESIAN_POINT ( 'NONE',  ( 9.652000000000001023, 0.03661349799489099777, -13.93619999998337988 ) ) ;
#3226 = EDGE_CURVE ( 'NONE', #1411, #570, #3978, .T. ) ;
#3227 = AXIS2_PLACEMENT_3D ( 'NONE', #4404, #3909, #1380 ) ;
#3228 = DIRECTION ( 'NONE',  ( 0.000000000000000000, 0.000000000000000000, 1.000000000000000000 ) ) ;
#3229 = ORIENTED_EDGE ( 'NONE', *, *, #119, .T. ) ;
#3230 = CIRCLE ( 'NONE', #1994, 2.500000000000002220 ) ;
#3231 = DIRECTION ( 'NONE',  ( 0.000000000000000000, 1.000000000000000000, 2.188495091758580164E-16 ) ) ;
#3232 = DIRECTION ( 'NONE',  ( 0.000000000000000000, 0.000000000000000000, 1.000000000000000000 ) ) ;
#3233 = LINE ( 'NONE', #2203, #4840 ) ;
#3234 = EDGE_CURVE ( 'NONE', #52, #2550, #2409, .T. ) ;
#3235 = AXIS2_PLACEMENT_3D ( 'NONE', #4613, #2158, #5129 ) ;
#3236 = CARTESIAN_POINT ( 'NONE',  ( 0.5000000000000004441, 17.10149476870488527, 28.09500000000017650 ) ) ;
#3237 = ORIENTED_EDGE ( 'NONE', *, *, #6128, .T. ) ;
#3238 = DIRECTION ( 'NONE',  ( -1.000000000000000000, -0.000000000000000000, -0.000000000000000000 ) ) ;
#3239 = ORIENTED_EDGE ( 'NONE', *, *, #4464, .T. ) ;
#3240 = DIRECTION ( 'NONE',  ( 0.000000000000000000, 0.000000000000000000, -1.000000000000000000 ) ) ;
#3241 = ORIENTED_EDGE ( 'NONE', *, *, #1029, .T. ) ;
#3242 = AXIS2_PLACEMENT_3D ( 'NONE', #2508, #4051, #4999 ) ;
#3243 = PLANE ( 'NONE',  #2560 ) ;
#3244 = CONICAL_SURFACE ( 'NONE', #4063, 1.465200000000010272, 0.7853981633974522758 ) ;
#3245 = FACE_BOUND ( 'NONE', #1801, .T. ) ;
#3246 = ORIENTED_EDGE ( 'NONE', *, *, #3066, .F. ) ;
#3247 = DIRECTION ( 'NONE',  ( -1.000000000000000000, 0.000000000000000000, 0.000000000000000000 ) ) ;
#3248 = EDGE_CURVE ( 'NONE', #4370, #4607, #734, .T. ) ;
#3249 = FACE_OUTER_BOUND ( 'NONE', #5210, .T. ) ;
#3250 = ORIENTED_EDGE ( 'NONE', *, *, #53, .F. ) ;
#3251 = LINE ( 'NONE', #2729, #2209 ) ;
#3252 = CYLINDRICAL_SURFACE ( 'NONE', #6412, 0.5079999999999997851 ) ;
#3253 = DIRECTION ( 'NONE',  ( -1.000000000000000000, 0.000000000000000000, 0.000000000000000000 ) ) ;
#3254 = DIRECTION ( 'NONE',  ( 0.000000000000000000, 0.000000000000000000, -1.000000000000000000 ) ) ;
#3255 = EDGE_CURVE ( 'NONE', #1512, #1570, #2924, .T. ) ;
#3256 = CARTESIAN_POINT ( 'NONE',  ( 0.000000000000000000, 6.630294768704969144, 25.09620000001660145 ) ) ;
#3257 = VERTEX_POINT ( 'NONE', #4959 ) ;
#3258 = CARTESIAN_POINT ( 'NONE',  ( 3.251200000000000312, -1.102755973442474499E-14, 36.32999999999999119 ) ) ;
#3259 = CARTESIAN_POINT ( 'NONE',  ( 3.251200000000000312, 52.35029476870499821, 36.82999999999999829 ) ) ;
#3260 = B_SPLINE_CURVE_WITH_KNOTS ( 'NONE', 3,
 ( #3485, #2064, #1633, #3519 ),
 .UNSPECIFIED., .F., .F.,
 ( 4, 4 ),
 ( 0.000000000000000000, 0.0007179443584325178066 ),
 .UNSPECIFIED. ) ;
#3261 = CARTESIAN_POINT ( 'NONE',  ( 7.951199999999901458, 17.10149476870488527, 29.67000000000017579 ) ) ;
#3262 = ADVANCED_FACE ( 'NONE', ( #3856 ), #522, .F. ) ;
#3263 = CARTESIAN_POINT ( 'NONE',  ( 0.5000000000000004441, 48.10149476870488883, -29.90499999999983416 ) ) ;
#3264 = ORIENTED_EDGE ( 'NONE', *, *, #2380, .T. ) ;
#3265 = LINE ( 'NONE', #6171, #1355 ) ;
#3266 = EDGE_LOOP ( 'NONE', ( #3687, #482, #2590, #5066 ) ) ;
#3267 = DIRECTION ( 'NONE',  ( 0.000000000000000000, 1.000000000000000000, 0.000000000000000000 ) ) ;
#3268 = CARTESIAN_POINT ( 'NONE',  ( 0.5000000000000056621, -0.8298007924204280350, -23.01660231560385128 ) ) ;
#3269 = EDGE_LOOP ( 'NONE', ( #4812, #3064, #524, #1395 ) ) ;
#3270 = AXIS2_PLACEMENT_3D ( 'NONE', #1116, #3099, #1569 ) ;
#3271 = UNCERTAINTY_MEASURE_WITH_UNIT (LENGTH_MEASURE( 1.000000000000000082E-05 ), #4241, 'distance_accuracy_value', 'NONE');
#3272 = DIRECTION ( 'NONE',  ( -1.000000000000000000, 0.000000000000000000, 0.000000000000000000 ) ) ;
#3273 = VERTEX_POINT ( 'NONE', #5987 ) ;
#3274 = EDGE_CURVE ( 'NONE', #2428, #2626, #5316, .T. ) ;
#3275 = FACE_OUTER_BOUND ( 'NONE', #2976, .T. ) ;
#3276 = ORIENTED_EDGE ( 'NONE', *, *, #3255, .T. ) ;
#3277 = CARTESIAN_POINT ( 'NONE',  ( 0.5000000000000056621, 7.015741880278999254, -23.55861619662275075 ) ) ;
#3278 = VECTOR ( 'NONE', #4972, 1000.000000000000000 ) ;
#3279 = AXIS2_PLACEMENT_3D ( 'NONE', #6247, #4693, #4627 ) ;
#3280 = CARTESIAN_POINT ( 'NONE',  ( 0.000000000000000000, -5.463622585859059910, 16.56180000001660346 ) ) ;
#3281 = ORIENTED_EDGE ( 'NONE', *, *, #1640, .F. ) ;
#3282 = LINE ( 'NONE', #5248, #6330 ) ;
#3283 = DIRECTION ( 'NONE',  ( 0.000000000000000000, 0.000000000000000000, 1.000000000000000000 ) ) ;
#3284 = VERTEX_POINT ( 'NONE', #4345 ) ;
#3285 = CARTESIAN_POINT ( 'NONE',  ( 3.307203545723782945, 7.401157988941474919, 21.93732528776415691 ) ) ;
#3286 = ORIENTED_EDGE ( 'NONE', *, *, #4377, .T. ) ;
#3287 = FACE_OUTER_BOUND ( 'NONE', #585, .T. ) ;
#3288 = DIRECTION ( 'NONE',  ( 0.000000000000000000, 0.000000000000000000, 1.000000000000000000 ) ) ;
#3289 = ORIENTED_EDGE ( 'NONE', *, *, #1621, .T. ) ;
#3290 = DIRECTION ( 'NONE',  ( -0.7071067811865439090, 0.000000000000000000, -0.7071067811865512365 ) ) ;
#3291 = LINE ( 'NONE', #5765, #4406 ) ;
#3292 = EDGE_CURVE ( 'NONE', #1734, #3675, #6353, .T. ) ;
#3293 = ADVANCED_FACE ( 'NONE', ( #3143 ), #1547, .T. ) ;
#3294 = PLANE ( 'NONE',  #5684 ) ;
#3295 = DIRECTION ( 'NONE',  ( 1.000000000000000000, 0.000000000000000000, 0.000000000000000000 ) ) ;
#3296 = DIRECTION ( 'NONE',  ( 0.000000000000000000, -0.9502499704900467803, 0.3114883522439729768 ) ) ;
#3297 = VECTOR ( 'NONE', #3989, 1000.000000000000114 ) ;
#3298 = DIRECTION ( 'NONE',  ( 0.000000000000000000, 0.000000000000000000, -1.000000000000000000 ) ) ;
#3299 = CARTESIAN_POINT ( 'NONE',  ( 0.000000000000000000, -1.952586502005099423, 13.55300000001662042 ) ) ;
#3300 = EDGE_CURVE ( 'NONE', #3839, #2468, #2809, .T. ) ;
#3301 = AXIS2_PLACEMENT_3D ( 'NONE', #466, #5430, #4975 ) ;
#3302 = ORIENTED_EDGE ( 'NONE', *, *, #5698, .F. ) ;
#3303 = AXIS2_PLACEMENT_3D ( 'NONE', #1915, #5884, #1807 ) ;
#3304 = DIRECTION ( 'NONE',  ( -0.000000000000000000, 1.000000000000000000, 0.000000000000000000 ) ) ;
#3305 = VERTEX_POINT ( 'NONE', #1611 ) ;
#3306 = DIRECTION ( 'NONE',  ( 0.000000000000000000, 0.000000000000000000, -1.000000000000000000 ) ) ;
#3307 = EDGE_LOOP ( 'NONE', ( #6316, #4940, #3629, #625 ) ) ;
#3308 = AXIS2_PLACEMENT_3D ( 'NONE', #4213, #3220, #4254 ) ;
#3309 = EDGE_CURVE ( 'NONE', #3019, #1118, #4004, .T. ) ;
#3310 = FILL_AREA_STYLE_COLOUR ( '', #2867 ) ;
#3311 = CARTESIAN_POINT ( 'NONE',  ( 0.5080000000000000071, 1.814613497994890023, 16.04220000001659940 ) ) ;
#3312 = CIRCLE ( 'NONE', #5699, 0.5080000000000015614 ) ;
#3313 = CARTESIAN_POINT ( 'NONE',  ( 0.000000000000000000, 0.000000000000000000, 19.86380000001660306 ) ) ;
#3314 = ORIENTED_EDGE ( 'NONE', *, *, #1151, .T. ) ;
#3315 = CARTESIAN_POINT ( 'NONE',  ( 3.054870909406931734, 7.875622866390115107, 22.09128241621533917 ) ) ;
#3316 = CARTESIAN_POINT ( 'NONE',  ( 0.000000000000000000, 6.630294768704969144, 21.84500000001660069 ) ) ;
#3317 = EDGE_CURVE ( 'NONE', #1734, #5055, #4463, .T. ) ;
#3318 = CARTESIAN_POINT ( 'NONE',  ( 10.16000000000000014, 5.981494768704890497, 12.04500000001662130 ) ) ;
#3319 = TOROIDAL_SURFACE ( 'NONE', #4350, 1.498600000000000154, 0.5080000000000000071 ) ;
#3320 = CARTESIAN_POINT ( 'NONE',  ( 16.73648137423847970, 17.10149476870488527, -28.32999999999983487 ) ) ;
#3321 = VERTEX_POINT ( 'NONE', #4537 ) ;
#3322 = AXIS2_PLACEMENT_3D ( 'NONE', #3001, #4939, #5970 ) ;
#3323 = DIRECTION ( 'NONE',  ( 0.000000000000000000, 0.000000000000000000, 1.000000000000000000 ) ) ;
#3324 = CARTESIAN_POINT ( 'NONE',  ( 3.358241276487465399, 7.310981705555673393, 21.91667367786034504 ) ) ;
#3325 = AXIS2_PLACEMENT_3D ( 'NONE', #485, #3470, #5923 ) ;
#3326 = CARTESIAN_POINT ( 'NONE',  ( 8.251199999999903056, 48.10149476870488883, 26.97000000000019426 ) ) ;
#3327 = DIRECTION ( 'NONE',  ( 0.000000000000000000, 0.000000000000000000, -1.000000000000000000 ) ) ;
#3328 = EDGE_CURVE ( 'NONE', #352, #5695, #6114, .T. ) ;
#3329 = DIRECTION ( 'NONE',  ( 0.000000000000000000, 0.000000000000000000, -1.000000000000000000 ) ) ;
#3330 = AXIS2_PLACEMENT_3D ( 'NONE', #5779, #2720, #255 ) ;
#3331 = CARTESIAN_POINT ( 'NONE',  ( 0.000000000000000000, -5.218502871315109815, -21.34204960392048633 ) ) ;
#3332 = CARTESIAN_POINT ( 'NONE',  ( 3.413061012010774498, 7.434152159210929867, -23.63663063877471515 ) ) ;
#3333 = VERTEX_POINT ( 'NONE', #4103 ) ;
#3334 = CIRCLE ( 'NONE', #532, 2.699999999999980194 ) ;
#3335 = ORIENTED_EDGE ( 'NONE', *, *, #5277, .T. ) ;
#3336 = DIRECTION ( 'NONE',  ( 0.000000000000000000, 0.000000000000000000, -1.000000000000000000 ) ) ;
#3337 = VERTEX_POINT ( 'NONE', #3018 ) ;
#3338 = EDGE_CURVE ( 'NONE', #5810, #4143, #883, .T. ) ;
#3339 = CYLINDRICAL_SURFACE ( 'NONE', #6258, 54.97067774584249378 ) ;
#3340 = CONICAL_SURFACE ( 'NONE', #436, 2.751200000000005641, 0.7853981633974410625 ) ;
#3341 = DIRECTION ( 'NONE',  ( 0.000000000000000000, 0.000000000000000000, -1.000000000000000000 ) ) ;
#3342 = CARTESIAN_POINT ( 'NONE',  ( 10.16000000000000014, 0.000000000000000000, 0.000000000000000000 ) ) ;
#3343 = FACE_OUTER_BOUND ( 'NONE', #4513, .T. ) ;
#3344 = VECTOR ( 'NONE', #2898, 999.9999999999998863 ) ;
#3345 = ORIENTED_EDGE ( 'NONE', *, *, #1157, .F. ) ;
#3346 = ADVANCED_FACE ( 'NONE', ( #5638 ), #3123, .T. ) ;
#3347 = CARTESIAN_POINT ( 'NONE',  ( 10.16000000000000014, 1.843128931162764994, -14.90104811312058075 ) ) ;
#3348 = VERTEX_POINT ( 'NONE', #3277 ) ;
#3349 = CARTESIAN_POINT ( 'NONE',  ( 2.801401417874202604, 8.512184615513307406, 22.44447558040210566 ) ) ;
#3350 = CARTESIAN_POINT ( 'NONE',  ( 0.5000000000000004441, 17.10149476870488527, -29.90499999999983416 ) ) ;
#3351 = FACE_OUTER_BOUND ( 'NONE', #2878, .T. ) ;
#3352 = VECTOR ( 'NONE', #4502, 1000.000000000000000 ) ;
#3353 = DIRECTION ( 'NONE',  ( -0.7071067811865445751, -0.02547625434278133483, -0.7066476918979259780 ) ) ;
#3354 = EDGE_CURVE ( 'NONE', #4569, #5948, #3020, .T. ) ;
#3355 = ORIENTED_EDGE ( 'NONE', *, *, #4032, .F. ) ;
#3356 = DIRECTION ( 'NONE',  ( -1.000000000000000000, -0.000000000000000000, -0.000000000000000000 ) ) ;
#3357 = CARTESIAN_POINT ( 'NONE',  ( 3.161662729362369362, 7.667928283606906703, 22.01492724933795841 ) ) ;
#3358 = CARTESIAN_POINT ( 'NONE',  ( 0.5000000000000055511, -9.994361398043880129, -21.84104724382974894 ) ) ;
#3359 = DIRECTION ( 'NONE',  ( -1.000000000000000000, 0.000000000000000000, 0.000000000000000000 ) ) ;
#3360 = ORIENTED_EDGE ( 'NONE', *, *, #5983, .T. ) ;
#3361 = DIRECTION ( 'NONE',  ( 0.000000000000000000, 1.000000000000000000, 1.577021341797095046E-15 ) ) ;
#3362 = DIRECTION ( 'NONE',  ( -1.000000000000000000, 0.000000000000000000, 0.000000000000000000 ) ) ;
#3363 = DIRECTION ( 'NONE',  ( -1.000000000000000000, 0.000000000000000000, 0.000000000000000000 ) ) ;
#3364 = ORIENTED_EDGE ( 'NONE', *, *, #4641, .T. ) ;
#3365 = EDGE_CURVE ( 'NONE', #6379, #2538, #118, .T. ) ;
#3366 = ORIENTED_EDGE ( 'NONE', *, *, #4409, .F. ) ;
#3367 = CARTESIAN_POINT ( 'NONE',  ( 0.5000000000000004441, 17.10149476870488527, -26.75499999999983558 ) ) ;
#3368 = ORIENTED_EDGE ( 'NONE', *, *, #3866, .F. ) ;
#3369 = DIRECTION ( 'NONE',  ( -1.000000000000000000, 0.000000000000000000, 0.000000000000000000 ) ) ;
#3370 = ORIENTED_EDGE ( 'NONE', *, *, #2785, .F. ) ;
#3371 = EDGE_CURVE ( 'NONE', #283, #1911, #4985, .T. ) ;
#3372 = LINE ( 'NONE', #5919, #5685 ) ;
#3373 = CARTESIAN_POINT ( 'NONE',  ( 3.268520283032692486, 7.617974803819260288, -23.68930922058836330 ) ) ;
#3374 = VECTOR ( 'NONE', #3727, 1000.000000000000114 ) ;
#3375 = ORIENTED_EDGE ( 'NONE', *, *, #4384, .F. ) ;
#3376 = DIRECTION ( 'NONE',  ( 0.000000000000000000, 0.000000000000000000, -1.000000000000000000 ) ) ;
#3377 = DIRECTION ( 'NONE',  ( 0.000000000000000000, 0.000000000000000000, -1.000000000000000000 ) ) ;
#3378 = ORIENTED_EDGE ( 'NONE', *, *, #5992, .T. ) ;
#3379 = CARTESIAN_POINT ( 'NONE',  ( 2.751245913916088970, 8.767153797098789170, 22.64339179200154106 ) ) ;
#3380 = DIRECTION ( 'NONE',  ( 0.7071067811865512365, -1.115122484860628404E-15, 0.7071067811865439090 ) ) ;
#3381 = LINE ( 'NONE', #6324, #2969 ) ;
#3382 = EDGE_CURVE ( 'NONE', #186, #4256, #218, .T. ) ;
#3383 = LINE ( 'NONE', #6423, #1541 ) ;
#3384 = VECTOR ( 'NONE', #6146, 1000.000000000000000 ) ;
#3385 = ORIENTED_EDGE ( 'NONE', *, *, #4927, .F. ) ;
#3386 = FACE_OUTER_BOUND ( 'NONE', #3266, .T. ) ;
#3387 = CARTESIAN_POINT ( 'NONE',  ( 3.143251339501070607, 7.702917898423272902, 22.02686588918888688 ) ) ;
#3388 = ADVANCED_FACE ( 'NONE', ( #4721 ), #804, .F. ) ;
#3389 = DIRECTION ( 'NONE',  ( 0.7071067811865441310, -0.7071067811865507924, 0.000000000000000000 ) ) ;
#3390 = LINE ( 'NONE', #5363, #4220 ) ;
#3391 = CARTESIAN_POINT ( 'NONE',  ( 3.437983121690197041, 7.403207974211060360, -23.62873454732642742 ) ) ;
#3392 = DIRECTION ( 'NONE',  ( 0.000000000000000000, 3.414809992080318472E-15, -1.000000000000000000 ) ) ;
#3393 = LINE ( 'NONE', #5331, #5832 ) ;
#3394 = LINE ( 'NONE', #832, #3802 ) ;
#3395 = ORIENTED_EDGE ( 'NONE', *, *, #4356, .T. ) ;
#3396 = EDGE_CURVE ( 'NONE', #762, #5843, #316, .T. ) ;
#3397 = ORIENTED_EDGE ( 'NONE', *, *, #3051, .T. ) ;
#3398 = DIRECTION ( 'NONE',  ( -1.000000000000000000, 0.000000000000000000, 0.000000000000000000 ) ) ;
#3399 = ORIENTED_EDGE ( 'NONE', *, *, #3066, .T. ) ;
#3400 = CIRCLE ( 'NONE', #598, 0.5080000000000015614 ) ;
#3401 = CARTESIAN_POINT ( 'NONE',  ( 10.16000000000000014, -2.009169953978525047, -17.14499999999999957 ) ) ;
#3402 = ORIENTED_EDGE ( 'NONE', *, *, #6391, .F. ) ;
#3403 = CIRCLE ( 'NONE', #602, 1.574999999999999956 ) ;
#3404 = CARTESIAN_POINT ( 'NONE',  ( 3.053958209471819174, 7.918416096142707694, -23.80171810492037565 ) ) ;
#3405 = ORIENTED_EDGE ( 'NONE', *, *, #1731, .T. ) ;
#3406 = CARTESIAN_POINT ( 'NONE',  ( 2.751199999999998536, 52.35029476870499821, 36.82999999999999829 ) ) ;
#3407 = VERTEX_POINT ( 'NONE', #1703 ) ;
#3408 = VECTOR ( 'NONE', #1709, 1000.000000000000114 ) ;
#3409 = EDGE_CURVE ( 'NONE', #3476, #6165, #2919, .T. ) ;
#3410 = DIRECTION ( 'NONE',  ( 0.000000000000000000, 0.000000000000000000, -1.000000000000000000 ) ) ;
#3411 = AXIS2_PLACEMENT_3D ( 'NONE', #623, #4582, #2664 ) ;
#3412 = DIRECTION ( 'NONE',  ( 0.000000000000000000, 0.000000000000000000, -1.000000000000000000 ) ) ;
#3413 = EDGE_LOOP ( 'NONE', ( #4003, #4057, #4, #4766 ) ) ;
#3414 = DIRECTION ( 'NONE',  ( 0.000000000000000000, -1.000000000000000000, 0.000000000000000000 ) ) ;
#3415 = EDGE_CURVE ( 'NONE', #3476, #6268, #5608, .T. ) ;
#3416 = VECTOR ( 'NONE', #6394, 1000.000000000000000 ) ;
#3417 = CARTESIAN_POINT ( 'NONE',  ( 3.589964113047641181, 6.913989250152821064, 21.85739397108332938 ) ) ;
#3418 = APPLICATION_CONTEXT ( 'automotive_design' ) ;
#3419 = CARTESIAN_POINT ( 'NONE',  ( 0.000000000000000000, 13.65069425659989832, 9.380249238660770317 ) ) ;
#3420 = CIRCLE ( 'NONE', #5071, 0.5079999999999997851 ) ;
#3421 = FACE_OUTER_BOUND ( 'NONE', #4327, .T. ) ;
#3422 = CARTESIAN_POINT ( 'NONE',  ( 8.251199999999903056, 48.10149476870488883, 27.79500000000016158 ) ) ;
#3423 = ORIENTED_EDGE ( 'NONE', *, *, #5127, .T. ) ;
#3424 = CYLINDRICAL_SURFACE ( 'NONE', #2710, 27.00000000000164846 ) ;
#3425 = EDGE_CURVE ( 'NONE', #1686, #2100, #4670, .T. ) ;
#3426 = LINE ( 'NONE', #2907, #2303 ) ;
#3427 = LINE ( 'NONE', #5405, #5465 ) ;
#3428 = ORIENTED_EDGE ( 'NONE', *, *, #2495, .F. ) ;
#3429 = AXIS2_PLACEMENT_3D ( 'NONE', #3805, #4294, #4807 ) ;
#3430 = CARTESIAN_POINT ( 'NONE',  ( 10.16000000000000014, -4.889697712535269858, -16.21865345080244580 ) ) ;
#3431 = ORIENTED_EDGE ( 'NONE', *, *, #2332, .T. ) ;
#3432 = AXIS2_PLACEMENT_3D ( 'NONE', #5754, #4763, #5249 ) ;
#3433 = DIRECTION ( 'NONE',  ( 0.000000000000000000, 0.8993073093251802153, -0.4373172342754226283 ) ) ;
#3434 = EDGE_CURVE ( 'NONE', #6165, #5512, #3841, .T. ) ;
#3435 = ORIENTED_EDGE ( 'NONE', *, *, #3102, .F. ) ;
#3436 = AXIS2_PLACEMENT_3D ( 'NONE', #3999, #5564, #1539 ) ;
#3437 = DIRECTION ( 'NONE',  ( 0.000000000000000000, 1.000000000000000000, 0.000000000000000000 ) ) ;
#3438 = CARTESIAN_POINT ( 'NONE',  ( 2.956626890398205365, 8.076270274871630406, -23.87490216688862787 ) ) ;
#3439 = ORIENTED_EDGE ( 'NONE', *, *, #2406, .F. ) ;
#3440 = LINE ( 'NONE', #3, #5502 ) ;
#3441 = AXIS2_PLACEMENT_3D ( 'NONE', #2941, #3362, #3934 ) ;
#3442 = ORIENTED_EDGE ( 'NONE', *, *, #3728, .F. ) ;
#3443 = AXIS2_PLACEMENT_3D ( 'NONE', #344, #4808, #3872 ) ;
#3444 = CARTESIAN_POINT ( 'NONE',  ( 3.309342980306497317, 8.544890820319240632, -23.76092898643793916 ) ) ;
#3445 = CONICAL_SURFACE ( 'NONE', #338, 1.574999999999999956, 0.7853981633974418397 ) ;
#3446 = ADVANCED_FACE ( 'NONE', ( #5275 ), #1804, .T. ) ;
#3447 = FACE_OUTER_BOUND ( 'NONE', #2079, .T. ) ;
#3448 = DIRECTION ( 'NONE',  ( 1.000000000000000000, 0.000000000000000000, 0.000000000000000000 ) ) ;
#3449 = ORIENTED_EDGE ( 'NONE', *, *, #144, .F. ) ;
#3450 = PLANE ( 'NONE',  #5956 ) ;
#3451 = CONICAL_SURFACE ( 'NONE', #5841, 2.751199999999988322, 0.7853981633974530530 ) ;
#3452 = CARTESIAN_POINT ( 'NONE',  ( 3.461208358550244668, 7.132641645206747150, 21.88390191902906778 ) ) ;
#3453 = ADVANCED_FACE ( 'NONE', ( #1226 ), #743, .F. ) ;
#3454 = FACE_OUTER_BOUND ( 'NONE', #1750, .T. ) ;
#3455 = CIRCLE ( 'NONE', #4690, 2.074999999999993516 ) ;
#3456 = LINE ( 'NONE', #5494, #2263 ) ;
#3457 = CARTESIAN_POINT ( 'NONE',  ( 10.16000000000000014, 6.630294768704969144, 25.09620000001660145 ) ) ;
#3458 = ORIENTED_EDGE ( 'NONE', *, *, #4945, .F. ) ;
#3459 = DIRECTION ( 'NONE',  ( -0.000000000000000000, 1.000000000000000000, 0.000000000000000000 ) ) ;
#3460 = LINE ( 'NONE', #5870, #4680 ) ;
#3461 = VERTEX_POINT ( 'NONE', #1317 ) ;
#3462 = EDGE_CURVE ( 'NONE', #5948, #5309, #2820, .T. ) ;
#3463 = DIRECTION ( 'NONE',  ( 0.000000000000000000, -0.03602886441002715878, -0.9993507497016870245 ) ) ;
#3464 = ORIENTED_EDGE ( 'NONE', *, *, #3396, .T. ) ;
#3465 = LINE ( 'NONE', #5878, #18 ) ;
#3466 = ORIENTED_EDGE ( 'NONE', *, *, #829, .T. ) ;
#3467 = SHAPE_DEFINITION_REPRESENTATION ( #4893, #2056 ) ;
#3468 = EDGE_CURVE ( 'NONE', #3932, #1190, #4890, .T. ) ;
#3469 = ORIENTED_EDGE ( 'NONE', *, *, #3473, .F. ) ;
#3470 = DIRECTION ( 'NONE',  ( 1.000000000000000000, 0.000000000000000000, 0.000000000000000000 ) ) ;
#3471 = EDGE_LOOP ( 'NONE', ( #1442, #2226, #5336, #2146, #1659, #6132, #2692, #5580, #1100, #1632, #3670, #2724, #4360, #305, #3995, #325, #5914, #1854, #3755, #3659, #62, #664, #694, #5452, #1880, #609, #3044, #2515, #1268, #1260, #4718, #794, #1795, #5230, #6417, #3574, #114, #3790, #5440, #3395, #4998, #6170, #2492, #3289, #3133, #5455, #4587 ) ) ;
#3472 = CARTESIAN_POINT ( 'NONE',  ( 3.343280574670940197, 8.395161263372983740, -23.73319420841565019 ) ) ;
#3473 = EDGE_CURVE ( 'NONE', #4774, #4593, #6360, .T. ) ;
#3474 = AXIS2_PLACEMENT_3D ( 'NONE', #2549, #1531, #4093 ) ;
#3475 = FACE_OUTER_BOUND ( 'NONE', #1717, .T. ) ;
#3476 = VERTEX_POINT ( 'NONE', #451 ) ;
#3477 = DIRECTION ( 'NONE',  ( -1.000000000000000000, 0.000000000000000000, 0.000000000000000000 ) ) ;
#3478 = CARTESIAN_POINT ( 'NONE',  ( 2.862275113912445157, 8.322205280593214738, 22.31988334237596305 ) ) ;
#3479 = DIRECTION ( 'NONE',  ( -1.000000000000000000, -0.000000000000000000, -0.000000000000000000 ) ) ;
#3480 = AXIS2_PLACEMENT_3D ( 'NONE', #2175, #5706, #2718 ) ;
#3481 = LINE ( 'NONE', #4393, #6427 ) ;
#3482 = CARTESIAN_POINT ( 'NONE',  ( 0.000000000000000000, -2.610569588786702633E-14, 16.55380000001666119 ) ) ;
#3483 = VERTEX_POINT ( 'NONE', #2491 ) ;
#3484 = CARTESIAN_POINT ( 'NONE',  ( 0.5080000000000000071, 5.082272663072159524, -16.75922694958099868 ) ) ;
#3485 = CARTESIAN_POINT ( 'NONE',  ( 0.000000000000000000, -2.133444254640652460, -17.64500000000001023 ) ) ;
#3486 = EDGE_CURVE ( 'NONE', #1767, #8, #971, .T. ) ;
#3487 = ORIENTED_EDGE ( 'NONE', *, *, #6174, .F. ) ;
#3488 = AXIS2_PLACEMENT_3D ( 'NONE', #3318, #4446, #2986 ) ;
#3489 = DIRECTION ( 'NONE',  ( 0.000000000000000000, 0.000000000000000000, -1.000000000000000000 ) ) ;
#3490 = VERTEX_POINT ( 'NONE', #420 ) ;
#3491 = DIRECTION ( 'NONE',  ( 0.7071067811865512365, 0.7071067811865439090, 0.000000000000000000 ) ) ;
#3492 = AXIS2_PLACEMENT_3D ( 'NONE', #6251, #2404, #318 ) ;
#3493 = CARTESIAN_POINT ( 'NONE',  ( 0.5000000000000056621, 9.881494768704969900, 25.09620000001660145 ) ) ;
#3494 = EDGE_CURVE ( 'NONE', #3845, #5282, #382, .T. ) ;
#3495 = AXIS2_PLACEMENT_3D ( 'NONE', #3170, #253, #221 ) ;
#3496 = LINE ( 'NONE', #4070, #4006 ) ;
#3497 = ORIENTED_EDGE ( 'NONE', *, *, #535, .F. ) ;
#3498 = CARTESIAN_POINT ( 'NONE',  ( 3.585051997150852099, 7.304472736331979910, 21.87577975118250606 ) ) ;
#3499 = ORIENTED_EDGE ( 'NONE', *, *, #6075, .F. ) ;
#3500 = EDGE_CURVE ( 'NONE', #5569, #1248, #2366, .T. ) ;
#3501 = AXIS2_PLACEMENT_3D ( 'NONE', #5474, #2109, #3048 ) ;
#3502 = AXIS2_PLACEMENT_3D ( 'NONE', #1076, #6118, #5546 ) ;
#3503 = CARTESIAN_POINT ( 'NONE',  ( 3.291871561060864426, 8.632837808909739508, -23.77942111966569882 ) ) ;
#3504 = CARTESIAN_POINT ( 'NONE',  ( 0.000000000000000000, 7.557776880929980123, -19.01886046992675006 ) ) ;
#3505 = ORIENTED_EDGE ( 'NONE', *, *, #4927, .T. ) ;
#3506 = DIRECTION ( 'NONE',  ( 1.000000000000000000, 0.000000000000000000, 0.000000000000000000 ) ) ;
#3507 = EDGE_CURVE ( 'NONE', #2157, #469, #2847, .T. ) ;
#3508 = ORIENTED_EDGE ( 'NONE', *, *, #1693, .F. ) ;
#3509 = CARTESIAN_POINT ( 'NONE',  ( 2.785631165655575892, 8.576337613573759455, 22.49159091146066203 ) ) ;
#3510 = AXIS2_PLACEMENT_3D ( 'NONE', #2480, #4392, #5457 ) ;
#3511 = AXIS2_PLACEMENT_3D ( 'NONE', #2756, #1232, #4728 ) ;
#3512 = CARTESIAN_POINT ( 'NONE',  ( 0.000000000000000000, -9.754458257628209950, 4.639768891319292266 ) ) ;
#3513 = ORIENTED_EDGE ( 'NONE', *, *, #4025, .T. ) ;
#3514 = CARTESIAN_POINT ( 'NONE',  ( 0.000000000000000000, 52.35029476870499821, -33.57880000000000109 ) ) ;
#3515 = FACE_OUTER_BOUND ( 'NONE', #5762, .T. ) ;
#3516 = VERTEX_POINT ( 'NONE', #5847 ) ;
#3517 = AXIS2_PLACEMENT_3D ( 'NONE', #915, #4834, #1925 ) ;
#3518 = CARTESIAN_POINT ( 'NONE',  ( 3.739756544358907142, 7.075612533740271104, -23.56576459658997535 ) ) ;
#3519 = CARTESIAN_POINT ( 'NONE',  ( 0.5000000000000056621, -2.009169953978525047, -17.14499999999999957 ) ) ;
#3520 = EDGE_LOOP ( 'NONE', ( #3664, #1289 ) ) ;
#3521 = AXIS2_PLACEMENT_3D ( 'NONE', #6076, #23, #116 ) ;
#3522 = EDGE_CURVE ( 'NONE', #1054, #4318, #5183, .T. ) ;
#3523 = FACE_OUTER_BOUND ( 'NONE', #1136, .T. ) ;
#3524 = EDGE_LOOP ( 'NONE', ( #3366, #5421, #1478, #5607 ) ) ;
#3525 = FACE_OUTER_BOUND ( 'NONE', #1537, .T. ) ;
#3526 = VECTOR ( 'NONE', #1214, 999.9999999999998863 ) ;
#3527 = DIRECTION ( 'NONE',  ( 0.000000000000000000, 0.000000000000000000, -1.000000000000000000 ) ) ;
#3528 = AXIS2_PLACEMENT_3D ( 'NONE', #4280, #2759, #3283 ) ;
#3529 = EDGE_CURVE ( 'NONE', #4121, #6000, #6047, .T. ) ;
#3530 = CARTESIAN_POINT ( 'NONE',  ( 16.73648137423847970, 17.10149476870488527, 32.67000000000017934 ) ) ;
#3531 = CARTESIAN_POINT ( 'NONE',  ( 8.251199999999903056, 32.60149476870488883, 0.6700000000001704592 ) ) ;
#3532 = ORIENTED_EDGE ( 'NONE', *, *, #190, .F. ) ;
#3533 = CARTESIAN_POINT ( 'NONE',  ( 3.386411684535177269, 8.152601693435975960, 22.00722935576160566 ) ) ;
#3534 = ORIENTED_EDGE ( 'NONE', *, *, #4510, .T. ) ;
#3535 = VECTOR ( 'NONE', #3881, 1000.000000000000000 ) ;
#3536 = DIRECTION ( 'NONE',  ( 0.000000000000000000, 0.000000000000000000, -1.000000000000000000 ) ) ;
#3537 = EDGE_CURVE ( 'NONE', #1971, #4043, #3465, .T. ) ;
#3538 = DIRECTION ( 'NONE',  ( 0.000000000000000000, 0.000000000000000000, 1.000000000000000000 ) ) ;
#3539 = CIRCLE ( 'NONE', #3642, 2.751199999999988322 ) ;
#3540 = DIRECTION ( 'NONE',  ( 0.000000000000000000, 0.000000000000000000, -1.000000000000000000 ) ) ;
#3541 = VERTEX_POINT ( 'NONE', #3401 ) ;
#3542 = VERTEX_POINT ( 'NONE', #5377 ) ;
#3543 = CARTESIAN_POINT ( 'NONE',  ( 2.753838416092864616, 8.767649026666866519, 22.64566299423319506 ) ) ;
#3544 = AXIS2_PLACEMENT_3D ( 'NONE', #2967, #4941, #3993 ) ;
#3545 = EDGE_CURVE ( 'NONE', #3407, #3847, #4259, .T. ) ;
#3546 = DIRECTION ( 'NONE',  ( 0.000000000000000000, -1.000000000000000000, 3.110115820146109861E-16 ) ) ;
#3547 = CARTESIAN_POINT ( 'NONE',  ( 10.16000000000000014, 6.981494768704890497, 19.86380000001660306 ) ) ;
#3548 = DIRECTION ( 'NONE',  ( 0.000000000000000000, 0.000000000000000000, -1.000000000000000000 ) ) ;
#3549 = AXIS2_PLACEMENT_3D ( 'NONE', #1821, #2444, #434 ) ;
#3550 = DIRECTION ( 'NONE',  ( -1.000000000000000000, 0.000000000000000000, 0.000000000000000000 ) ) ;
#3551 = CARTESIAN_POINT ( 'NONE',  ( 9.652000000000001023, 7.489494768704889616, 16.04220000001659940 ) ) ;
#3552 = ORIENTED_EDGE ( 'NONE', *, *, #5291, .T. ) ;
#3553 = AXIS2_PLACEMENT_3D ( 'NONE', #1284, #2228, #1726 ) ;
#3554 = PLANE ( 'NONE',  #5169 ) ;
#3555 = ORIENTED_EDGE ( 'NONE', *, *, #1333, .T. ) ;
#3556 = CARTESIAN_POINT ( 'NONE',  ( 16.73648137423847970, 17.10149476870488527, -28.32999999999983487 ) ) ;
#3557 = DIRECTION ( 'NONE',  ( 0.000000000000000000, 0.000000000000000000, 1.000000000000000000 ) ) ;
#3558 = CARTESIAN_POINT ( 'NONE',  ( 2.751199999999998536, 9.881494768704961018, -33.57880000000000109 ) ) ;
#3559 = ORIENTED_EDGE ( 'NONE', *, *, #489, .T. ) ;
#3560 = DIRECTION ( 'NONE',  ( 0.000000000000000000, 0.000000000000000000, -1.000000000000000000 ) ) ;
#3561 = ORIENTED_EDGE ( 'NONE', *, *, #4148, .F. ) ;
#3562 = EDGE_CURVE ( 'NONE', #769, #352, #432, .T. ) ;
#3563 = DIRECTION ( 'NONE',  ( 0.000000000000000000, -1.000000000000000000, -2.188495091758580164E-16 ) ) ;
#3564 = CYLINDRICAL_SURFACE ( 'NONE', #5584, 0.5080000000000000071 ) ;
#3565 = ORIENTED_EDGE ( 'NONE', *, *, #376, .T. ) ;
#3566 = CARTESIAN_POINT ( 'NONE',  ( 16.73648137423847970, 17.10149476870488527, 29.67000000000017579 ) ) ;
#3567 = ORIENTED_EDGE ( 'NONE', *, *, #28, .F. ) ;
#3568 = CARTESIAN_POINT ( 'NONE',  ( 2.764546566518657489, 8.684265333627559258, 22.57583562354886553 ) ) ;
#3569 = ADVANCED_FACE ( 'NONE', ( #4950 ), #3339, .F. ) ;
#3570 = AXIS2_PLACEMENT_3D ( 'NONE', #2287, #4258, #5659 ) ;
#3571 = CARTESIAN_POINT ( 'NONE',  ( 0.5000000000000052180, 13.13269476870496177, 33.57880000000000109 ) ) ;
#3572 = ORIENTED_EDGE ( 'NONE', *, *, #2020, .T. ) ;
#3573 = DIRECTION ( 'NONE',  ( -0.000000000000000000, 0.000000000000000000, 1.000000000000000000 ) ) ;
#3574 = ORIENTED_EDGE ( 'NONE', *, *, #5060, .T. ) ;
#3575 = CARTESIAN_POINT ( 'NONE',  ( 5.751199999999999868, 17.10149476870488527, -31.32999999999983842 ) ) ;
#3576 = EDGE_CURVE ( 'NONE', #5378, #2538, #1443, .T. ) ;
#3577 = ORIENTED_EDGE ( 'NONE', *, *, #2604, .F. ) ;
#3578 = CIRCLE ( 'NONE', #5027, 1.574999999999999956 ) ;
#3579 = DIRECTION ( 'NONE',  ( 1.000000000000000000, 0.000000000000000000, 0.000000000000000000 ) ) ;
#3580 = ORIENTED_EDGE ( 'NONE', *, *, #126, .T. ) ;
#3581 = LINE ( 'NONE', #6078, #5727 ) ;
#3582 = FACE_OUTER_BOUND ( 'NONE', #1941, .T. ) ;
#3583 = ADVANCED_FACE ( 'NONE', ( #4434 ), #2880, .F. ) ;
#3584 = AXIS2_PLACEMENT_3D ( 'NONE', #256, #1197, #712 ) ;
#3585 =( GEOMETRIC_REPRESENTATION_CONTEXT ( 3 ) GLOBAL_UNCERTAINTY_ASSIGNED_CONTEXT ( ( #3271 ) ) GLOBAL_UNIT_ASSIGNED_CONTEXT ( ( #4241, #3819, #2305 ) ) REPRESENTATION_CONTEXT ( 'NONE', 'WORKASPACE' ) );
#3586 = CARTESIAN_POINT ( 'NONE',  ( 3.251200000000000312, 13.13269476870496177, 33.57880000000000109 ) ) ;
#3587 = ORIENTED_EDGE ( 'NONE', *, *, #5119, .F. ) ;
#3588 = DIRECTION ( 'NONE',  ( 0.7071067811865306973, 0.000000000000000000, -0.7071067811865644481 ) ) ;
#3589 = ORIENTED_EDGE ( 'NONE', *, *, #699, .T. ) ;
#3590 = ORIENTED_EDGE ( 'NONE', *, *, #278, .T. ) ;
#3591 = FACE_OUTER_BOUND ( 'NONE', #456, .T. ) ;
#3592 = DIRECTION ( 'NONE',  ( 1.000000000000000000, 0.000000000000000000, 0.000000000000000000 ) ) ;
#3593 = EDGE_CURVE ( 'NONE', #3516, #3739, #2297, .T. ) ;
#3594 = ORIENTED_EDGE ( 'NONE', *, *, #250, .T. ) ;
#3595 = AXIS2_PLACEMENT_3D ( 'NONE', #4343, #2407, #2980 ) ;
#3596 = CARTESIAN_POINT ( 'NONE',  ( 9.652000000000001023, 1.306613497994890016, 15.53420000001659851 ) ) ;
#3597 = ORIENTED_EDGE ( 'NONE', *, *, #5162, .F. ) ;
#3598 = DIRECTION ( 'NONE',  ( -1.000000000000000000, 0.000000000000000000, 0.000000000000000000 ) ) ;
#3599 = TOROIDAL_SURFACE ( 'NONE', #2269, 1.708000000000315266, 0.5080000000000000071 ) ;
#3600 = AXIS2_PLACEMENT_3D ( 'NONE', #4205, #5641, #3175 ) ;
#3601 = DIRECTION ( 'NONE',  ( 0.000000000000000000, 0.000000000000000000, -1.000000000000000000 ) ) ;
#3602 = CARTESIAN_POINT ( 'NONE',  ( 0.000000000000000000, 5.614294768704970018, -15.13619999998369892 ) ) ;
#3603 = EDGE_CURVE ( 'NONE', #1388, #940, #3943, .T. ) ;
#3604 = ORIENTED_EDGE ( 'NONE', *, *, #38, .F. ) ;
#3605 = DIRECTION ( 'NONE',  ( -0.000000000000000000, 1.000000000000000000, 3.035386659626960118E-16 ) ) ;
#3606 = VERTEX_POINT ( 'NONE', #998 ) ;
#3607 = TOROIDAL_SURFACE ( 'NONE', #4648, 1.016000000000000014, 0.5080000000000000071 ) ;
#3608 = CARTESIAN_POINT ( 'NONE',  ( 16.73648137423847970, 17.10149476870488527, -28.32999999999983487 ) ) ;
#3609 = VECTOR ( 'NONE', #2156, 1000.000000000000000 ) ;
#3610 = ORIENTED_EDGE ( 'NONE', *, *, #4485, .T. ) ;
#3611 = VECTOR ( 'NONE', #1203, 1000.000000000000000 ) ;
#3612 = EDGE_CURVE ( 'NONE', #1281, #2772, #4571, .T. ) ;
#3613 = DIRECTION ( 'NONE',  ( -0.000000000000000000, 1.000000000000000000, 0.000000000000000000 ) ) ;
#3614 = ORIENTED_EDGE ( 'NONE', *, *, #2144, .T. ) ;
#3615 = CARTESIAN_POINT ( 'NONE',  ( 8.251199999999903056, 32.60149476870488883, 0.6700000000001704592 ) ) ;
#3616 = DIRECTION ( 'NONE',  ( 0.000000000000000000, 0.000000000000000000, -1.000000000000000000 ) ) ;
#3617 = VECTOR ( 'NONE', #5503, 1000.000000000000000 ) ;
#3618 = EDGE_CURVE ( 'NONE', #1590, #1711, #6313, .T. ) ;
#3619 = LINE ( 'NONE', #5604, #1221 ) ;
#3620 = ORIENTED_EDGE ( 'NONE', *, *, #1826, .T. ) ;
#3621 = TOROIDAL_SURFACE ( 'NONE', #1250, 27.50800000000165113, 0.5080000000000000071 ) ;
#3622 = CARTESIAN_POINT ( 'NONE',  ( 3.258511785519379256, 8.990743724668380565, 22.26604354002875397 ) ) ;
#3623 = EDGE_LOOP ( 'NONE', ( #2819, #5289, #5921, #4951 ) ) ;
#3624 = DIRECTION ( 'NONE',  ( 0.000000000000000000, -1.134814917820289949E-16, 1.000000000000000000 ) ) ;
#3625 = AXIS2_PLACEMENT_3D ( 'NONE', #4458, #4976, #78 ) ;
#3626 = DIRECTION ( 'NONE',  ( 1.000000000000000000, 0.000000000000000000, 0.000000000000000000 ) ) ;
#3627 = CARTESIAN_POINT ( 'NONE',  ( 9.652000000000001023, -5.473161398043879800, -21.13084960392049894 ) ) ;
#3628 = CARTESIAN_POINT ( 'NONE',  ( 9.652000000000001023, 0.000000000000000000, 19.86380000001660306 ) ) ;
#3629 = ORIENTED_EDGE ( 'NONE', *, *, #4677, .T. ) ;
#3630 = AXIS2_PLACEMENT_3D ( 'NONE', #5477, #3050, #4599 ) ;
#3631 = DIRECTION ( 'NONE',  ( 1.000000000000000000, 0.000000000000000000, 0.000000000000000000 ) ) ;
#3632 = ORIENTED_EDGE ( 'NONE', *, *, #5781, .F. ) ;
#3633 = CARTESIAN_POINT ( 'NONE',  ( 0.1665894409715326097, -2.119175942976633475, -14.50401517760478320 ) ) ;
#3634 = ADVANCED_FACE ( 'NONE', ( #87 ), #5537, .F. ) ;
#3635 = VECTOR ( 'NONE', #938, 1000.000000000000000 ) ;
#3636 = DIRECTION ( 'NONE',  ( 1.000000000000000000, 0.000000000000000000, 0.000000000000000000 ) ) ;
#3637 = DIRECTION ( 'NONE',  ( 1.000000000000000000, -0.000000000000000000, -0.000000000000000000 ) ) ;
#3638 = ORIENTED_EDGE ( 'NONE', *, *, #4914, .F. ) ;
#3639 = LINE ( 'NONE', #2734, #645 ) ;
#3640 = VECTOR ( 'NONE', #1405, 1000.000000000000000 ) ;
#3641 = ORIENTED_EDGE ( 'NONE', *, *, #6314, .F. ) ;
#3642 = AXIS2_PLACEMENT_3D ( 'NONE', #3708, #4713, #2292 ) ;
#3643 = DIRECTION ( 'NONE',  ( -1.000000000000000000, -0.000000000000000000, -0.000000000000000000 ) ) ;
#3644 = EDGE_CURVE ( 'NONE', #2262, #3812, #5015, .T. ) ;
#3645 = AXIS2_PLACEMENT_3D ( 'NONE', #695, #5623, #1751 ) ;
#3646 = LINE ( 'NONE', #700, #3526 ) ;
#3647 = ORIENTED_EDGE ( 'NONE', *, *, #6121, .T. ) ;
#3648 = DIRECTION ( 'NONE',  ( 0.000000000000000000, 0.000000000000000000, -1.000000000000000000 ) ) ;
#3649 = LINE ( 'NONE', #573, #1365 ) ;
#3650 = CARTESIAN_POINT ( 'NONE',  ( 7.951199999999901458, 48.10149476870488883, 28.09500000000017650 ) ) ;
#3651 = AXIS2_PLACEMENT_3D ( 'NONE', #232, #2215, #1620 ) ;
#3652 = ADVANCED_FACE ( 'NONE', ( #2071 ), #2605, .F. ) ;
#3653 = DIRECTION ( 'NONE',  ( 0.000000000000000000, 0.000000000000000000, 1.000000000000000000 ) ) ;
#3654 = VERTEX_POINT ( 'NONE', #5042 ) ;
#3655 = CARTESIAN_POINT ( 'NONE',  ( 3.759199999999999875, 9.600459504676841505, -23.10916995682899966 ) ) ;
#3656 = AXIS2_PLACEMENT_3D ( 'NONE', #5507, #6140, #6079 ) ;
#3657 = ORIENTED_EDGE ( 'NONE', *, *, #2823, .T. ) ;
#3658 = CARTESIAN_POINT ( 'NONE',  ( 0.5000000000000056621, -2.683098136928584752E-15, 13.04500000001661952 ) ) ;
#3659 = ORIENTED_EDGE ( 'NONE', *, *, #2130, .T. ) ;
#3660 = ADVANCED_FACE ( 'NONE', ( #2525 ), #5980, .F. ) ;
#3661 = DIRECTION ( 'NONE',  ( 0.000000000000000000, 0.000000000000000000, 1.000000000000000000 ) ) ;
#3662 = CYLINDRICAL_SURFACE ( 'NONE', #5816, 3.251199999999999424 ) ;
#3663 = DIRECTION ( 'NONE',  ( 0.000000000000000000, 0.000000000000000000, 1.000000000000000000 ) ) ;
#3664 = ORIENTED_EDGE ( 'NONE', *, *, #4308, .T. ) ;
#3665 = CARTESIAN_POINT ( 'NONE',  ( 0.000000000000000000, 1.814613497994890023, 19.35580000001660039 ) ) ;
#3666 = DIRECTION ( 'NONE',  ( -1.000000000000000000, 0.000000000000000000, 0.000000000000000000 ) ) ;
#3667 = ADVANCED_FACE ( 'NONE', ( #571 ), #1154, .F. ) ;
#3668 = FACE_OUTER_BOUND ( 'NONE', #6072, .T. ) ;
#3669 = FACE_OUTER_BOUND ( 'NONE', #3623, .T. ) ;
#3670 = ORIENTED_EDGE ( 'NONE', *, *, #3803, .T. ) ;
#3671 = CARTESIAN_POINT ( 'NONE',  ( 0.5000000000000056621, -3.418503319182131683, -23.41328918922000213 ) ) ;
#3672 = ORIENTED_EDGE ( 'NONE', *, *, #1926, .F. ) ;
#3673 = FACE_OUTER_BOUND ( 'NONE', #2682, .T. ) ;
#3674 = CARTESIAN_POINT ( 'NONE',  ( 0.5080000000000000071, 13.65069425659989832, 9.380249238660770317 ) ) ;
#3675 = VERTEX_POINT ( 'NONE', #2555 ) ;
#3676 = ADVANCED_FACE ( 'NONE', ( #4560, #56 ), #2007, .T. ) ;
#3677 = CARTESIAN_POINT ( 'NONE',  ( 2.751199999999998980, 6.630294768704969144, 25.09620000001660145 ) ) ;
#3678 = LINE ( 'NONE', #1829, #972 ) ;
#3679 = DIRECTION ( 'NONE',  ( 0.7071067811865441310, -0.7071067811865507924, 0.000000000000000000 ) ) ;
#3680 = VECTOR ( 'NONE', #3890, 1000.000000000000000 ) ;
#3681 = DIRECTION ( 'NONE',  ( 1.000000000000000000, 0.000000000000000000, 0.000000000000000000 ) ) ;
#3682 = ORIENTED_EDGE ( 'NONE', *, *, #1585, .F. ) ;
#3683 = EDGE_CURVE ( 'NONE', #1322, #4107, #2038, .T. ) ;
#3684 = CARTESIAN_POINT ( 'NONE',  ( 9.652000000000001023, -5.473161398043879800, -19.63224960392044949 ) ) ;
#3685 = DIRECTION ( 'NONE',  ( 1.000000000000000000, 0.000000000000000000, 0.000000000000000000 ) ) ;
#3686 = DIRECTION ( 'NONE',  ( 0.000000000000000000, 0.000000000000000000, -1.000000000000000000 ) ) ;
#3687 = ORIENTED_EDGE ( 'NONE', *, *, #6075, .T. ) ;
#3688 = DIRECTION ( 'NONE',  ( 0.000000000000000000, 0.000000000000000000, -1.000000000000000000 ) ) ;
#3689 = EDGE_CURVE ( 'NONE', #1425, #618, #670, .T. ) ;
#3690 = CARTESIAN_POINT ( 'NONE',  ( 0.5000000000000004441, 48.10149476870488883, 29.67000000000017579 ) ) ;
#3691 = ORIENTED_EDGE ( 'NONE', *, *, #2633, .F. ) ;
#3692 = DIRECTION ( 'NONE',  ( 0.000000000000000000, 1.134814917820289949E-16, -1.000000000000000000 ) ) ;
#3693 = EDGE_LOOP ( 'NONE', ( #6124, #480, #4904, #317 ) ) ;
#3694 = FACE_OUTER_BOUND ( 'NONE', #2640, .T. ) ;
#3695 = CARTESIAN_POINT ( 'NONE',  ( 10.16000000000000014, -5.473161398043879800, -18.64164960392049863 ) ) ;
#3696 = CONICAL_SURFACE ( 'NONE', #5361, 0.007999999999990653476, 0.7853981633974528309 ) ;
#3697 = ADVANCED_FACE ( 'NONE', ( #3525 ), #5506, .T. ) ;
#3698 = ORIENTED_EDGE ( 'NONE', *, *, #3226, .T. ) ;
#3699 = DIRECTION ( 'NONE',  ( 0.000000000000000000, -0.5000000000000003331, 0.8660254037844383745 ) ) ;
#3700 = EDGE_LOOP ( 'NONE', ( #251, #6424, #5851, #2214 ) ) ;
#3701 = DIRECTION ( 'NONE',  ( 0.000000000000000000, 0.000000000000000000, -1.000000000000000000 ) ) ;
#3702 = CIRCLE ( 'NONE', #3501, 0.007999999999990653476 ) ;
#3703 = CIRCLE ( 'NONE', #494, 9.339200000000012380 ) ;
#3704 = DIRECTION ( 'NONE',  ( 0.000000000000000000, 0.000000000000000000, -1.000000000000000000 ) ) ;
#3705 = EDGE_LOOP ( 'NONE', ( #2930, #3691, #1121, #231 ) ) ;
#3706 = AXIS2_PLACEMENT_3D ( 'NONE', #693, #1660, #4087 ) ;
#3707 = AXIS2_PLACEMENT_3D ( 'NONE', #3628, #683, #1517 ) ;
#3708 = CARTESIAN_POINT ( 'NONE',  ( 0.000000000000000000, 13.13269476870496177, -33.57880000000000109 ) ) ;
#3709 = DIRECTION ( 'NONE',  ( 0.000000000000000000, 1.000000000000000000, 1.577021341797095046E-15 ) ) ;
#3710 = PLANE ( 'NONE',  #3818 ) ;
#3711 = VECTOR ( 'NONE', #3546, 1000.000000000000000 ) ;
#3712 = ADVANCED_FACE ( 'NONE', ( #4468 ), #604, .F. ) ;
#3713 = LINE ( 'NONE', #1259, #4930 ) ;
#3714 = ORIENTED_EDGE ( 'NONE', *, *, #2495, .T. ) ;
#3715 = CARTESIAN_POINT ( 'NONE',  ( 3.671298628843897127, 6.967699030238176050, 21.85266239289894941 ) ) ;
#3716 = VECTOR ( 'NONE', #1587, 1000.000000000000000 ) ;
#3717 = FACE_BOUND ( 'NONE', #4211, .T. ) ;
#3718 = EDGE_CURVE ( 'NONE', #4368, #2459, #1605, .T. ) ;
#3719 = VECTOR ( 'NONE', #5040, 1000.000000000000000 ) ;
#3720 = LINE ( 'NONE', #5714, #2473 ) ;
#3721 = DIRECTION ( 'NONE',  ( -1.000000000000000000, 0.000000000000000000, 0.000000000000000000 ) ) ;
#3722 = CARTESIAN_POINT ( 'NONE',  ( 3.251200000000000312, 52.35029476870499821, -33.57880000000000109 ) ) ;
#3723 = CARTESIAN_POINT ( 'NONE',  ( 7.951199999999901458, 17.10149476870488527, 31.24500000000017508 ) ) ;
#3724 = ORIENTED_EDGE ( 'NONE', *, *, #5814, .T. ) ;
#3725 = CARTESIAN_POINT ( 'NONE',  ( 3.701185083713451451, 6.727318760180263979, 21.84635804838885775 ) ) ;
#3726 = EDGE_LOOP ( 'NONE', ( #1057, #3748, #514, #2607 ) ) ;
#3727 = DIRECTION ( 'NONE',  ( -0.7071067811865451302, -0.7071067811865500152, 0.000000000000000000 ) ) ;
#3728 = EDGE_CURVE ( 'NONE', #5165, #1570, #3581, .T. ) ;
#3729 = DIRECTION ( 'NONE',  ( 0.000000000000000000, -1.000000000000000000, 0.000000000000000000 ) ) ;
#3730 = AXIS2_PLACEMENT_3D ( 'NONE', #989, #1297, #4730 ) ;
#3731 = ORIENTED_EDGE ( 'NONE', *, *, #1919, .T. ) ;
#3732 = CARTESIAN_POINT ( 'NONE',  ( 10.16000000000000014, 5.309494768704969836, -19.34817082966969792 ) ) ;
#3733 = ORIENTED_EDGE ( 'NONE', *, *, #4805, .T. ) ;
#3734 = CARTESIAN_POINT ( 'NONE',  ( 0.5000000000000056621, -4.609811911349869895, -16.64259677047479968 ) ) ;
#3735 = AXIS2_PLACEMENT_3D ( 'NONE', #5173, #284, #2750 ) ;
#3736 = ADVANCED_FACE ( 'NONE', ( #635 ), #2621, .T. ) ;
#3737 = DIRECTION ( 'NONE',  ( -0.7071067811865450192, 0.7071067811865501263, 0.000000000000000000 ) ) ;
#3738 = CYLINDRICAL_SURFACE ( 'NONE', #4662, 3.000000000000002665 ) ;
#3739 = VERTEX_POINT ( 'NONE', #153 ) ;
#3740 = AXIS2_PLACEMENT_3D ( 'NONE', #2711, #1282, #4128 ) ;
#3741 = DIRECTION ( 'NONE',  ( 0.000000000000000000, 0.000000000000000000, -1.000000000000000000 ) ) ;
#3742 = CARTESIAN_POINT ( 'NONE',  ( 10.16000000000000014, -2.531718521696844696E-14, 16.05380000001665053 ) ) ;
#3743 = CARTESIAN_POINT ( 'NONE',  ( 0.5000000000000056621, -3.418503319182119693, 1.714189693933714868E-15 ) ) ;
#3744 = ORIENTED_EDGE ( 'NONE', *, *, #5846, .F. ) ;
#3745 = CIRCLE ( 'NONE', #5618, 0.5080000000000015614 ) ;
#3746 = VERTEX_POINT ( 'NONE', #3137 ) ;
#3747 = DIRECTION ( 'NONE',  ( 1.000000000000000000, 0.000000000000000000, 0.000000000000000000 ) ) ;
#3748 = ORIENTED_EDGE ( 'NONE', *, *, #489, .F. ) ;
#3749 = CARTESIAN_POINT ( 'NONE',  ( 0.000000000000000000, 17.10149476870488527, 29.67000000000017579 ) ) ;
#3750 = AXIS2_PLACEMENT_3D ( 'NONE', #261, #4638, #654 ) ;
#3751 = ADVANCED_FACE ( 'NONE', ( #5108 ), #25, .F. ) ;
#3752 = CARTESIAN_POINT ( 'NONE',  ( 0.5000000000000056621, -2.452586502005110081, 0.000000000000000000 ) ) ;
#3753 = AXIS2_PLACEMENT_3D ( 'NONE', #1575, #671, #2169 ) ;
#3754 = CARTESIAN_POINT ( 'NONE',  ( 3.251200000000000312, 13.13269476870496177, -33.57880000000000109 ) ) ;
#3755 = ORIENTED_EDGE ( 'NONE', *, *, #2633, .T. ) ;
#3756 = CYLINDRICAL_SURFACE ( 'NONE', #3098, 0.5080000000000015614 ) ;
#3757 = CYLINDRICAL_SURFACE ( 'NONE', #2496, 8.839199999999998170 ) ;
#3758 = ORIENTED_EDGE ( 'NONE', *, *, #2619, .F. ) ;
#3759 = ADVANCED_FACE ( 'NONE', ( #2201 ), #3340, .T. ) ;
#3760 = DIRECTION ( 'NONE',  ( 0.000000000000000000, 1.000000000000000000, 0.000000000000000000 ) ) ;
#3761 = EDGE_CURVE ( 'NONE', #1840, #5008, #4477, .T. ) ;
#3762 = ORIENTED_EDGE ( 'NONE', *, *, #1043, .F. ) ;
#3763 = CARTESIAN_POINT ( 'NONE',  ( 0.5000000000000056621, -3.418503319182135236, -24.14499999999445023 ) ) ;
#3764 = CARTESIAN_POINT ( 'NONE',  ( 7.951199999999892576, 48.10149476870488883, -31.32999999999983842 ) ) ;
#3765 = CARTESIAN_POINT ( 'NONE',  ( 10.16000000000000014, 2.065286086174685121, -14.44419999998338078 ) ) ;
#3766 = DIRECTION ( 'NONE',  ( 1.000000000000000000, 0.000000000000000000, 0.000000000000000000 ) ) ;
#3767 = ORIENTED_EDGE ( 'NONE', *, *, #3338, .F. ) ;
#3768 = LINE ( 'NONE', #3800, #6158 ) ;
#3769 = EDGE_CURVE ( 'NONE', #1820, #6064, #123, .T. ) ;
#3770 = CYLINDRICAL_SURFACE ( 'NONE', #1196, 0.5079999999999997851 ) ;
#3771 = CARTESIAN_POINT ( 'NONE',  ( 10.16000000000000014, -3.418503319182129907, -23.41328918922000213 ) ) ;
#3772 = DIRECTION ( 'NONE',  ( 1.000000000000000000, 0.000000000000000000, 0.000000000000000000 ) ) ;
#3773 = ORIENTED_EDGE ( 'NONE', *, *, #1818, .F. ) ;
#3774 = DIRECTION ( 'NONE',  ( 0.000000000000000000, 0.000000000000000000, -1.000000000000000000 ) ) ;
#3775 = EDGE_CURVE ( 'NONE', #1480, #4180, #956, .T. ) ;
#3776 = ORIENTED_EDGE ( 'NONE', *, *, #3415, .T. ) ;
#3777 = DIRECTION ( 'NONE',  ( -1.000000000000000000, 0.000000000000000000, 0.000000000000000000 ) ) ;
#3778 = DIRECTION ( 'NONE',  ( 1.000000000000000000, 0.000000000000000000, 0.000000000000000000 ) ) ;
#3779 = ORIENTED_EDGE ( 'NONE', *, *, #4845, .F. ) ;
#3780 = AXIS2_PLACEMENT_3D ( 'NONE', #2643, #1753, #698 ) ;
#3781 = ORIENTED_EDGE ( 'NONE', *, *, #655, .T. ) ;
#3782 = DIRECTION ( 'NONE',  ( -1.000000000000000000, -0.000000000000000000, -0.000000000000000000 ) ) ;
#3783 = ORIENTED_EDGE ( 'NONE', *, *, #3683, .T. ) ;
#3784 = CARTESIAN_POINT ( 'NONE',  ( 3.691130414823833750, 6.891157509386471425, 21.84920280822446870 ) ) ;
#3785 = EDGE_CURVE ( 'NONE', #6343, #6379, #4147, .T. ) ;
#3786 = VECTOR ( 'NONE', #1559, 1000.000000000000000 ) ;
#3787 = LINE ( 'NONE', #354, #4832 ) ;
#3788 = AXIS2_PLACEMENT_3D ( 'NONE', #3169, #5746, #802 ) ;
#3789 = CARTESIAN_POINT ( 'NONE',  ( 0.5000000000000004441, 48.10149476870488883, 31.24500000000017508 ) ) ;
#3790 = ORIENTED_EDGE ( 'NONE', *, *, #556, .T. ) ;
#3791 = CARTESIAN_POINT ( 'NONE',  ( 3.151149872919204675, 7.687647351196540413, 22.02133456452757088 ) ) ;
#3792 = ORIENTED_EDGE ( 'NONE', *, *, #5352, .F. ) ;
#3793 = FACE_OUTER_BOUND ( 'NONE', #1, .T. ) ;
#3794 = CIRCLE ( 'NONE', #791, 2.751199999999991874 ) ;
#3795 = DIRECTION ( 'NONE',  ( 1.000000000000000000, 0.000000000000000000, 0.000000000000000000 ) ) ;
#3796 = EDGE_CURVE ( 'NONE', #5810, #775, #3265, .T. ) ;
#3797 = CARTESIAN_POINT ( 'NONE',  ( 0.5000000000000004441, 48.10149476870488883, 29.67000000000017579 ) ) ;
#3798 = FACE_OUTER_BOUND ( 'NONE', #2554, .T. ) ;
#3799 = ORIENTED_EDGE ( 'NONE', *, *, #4591, .T. ) ;
#3800 = CARTESIAN_POINT ( 'NONE',  ( 0.000000000000000000, -2.785938234166042271E-15, 13.54500000001663018 ) ) ;
#3801 = CARTESIAN_POINT ( 'NONE',  ( 3.739858427978850486, 6.662633282484028641, 21.84500000001660780 ) ) ;
#3802 = VECTOR ( 'NONE', #4883, 1000.000000000000000 ) ;
#3803 = EDGE_CURVE ( 'NONE', #6129, #4529, #3539, .T. ) ;
#3804 = DIRECTION ( 'NONE',  ( 0.000000000000000000, 1.000000000000000000, 0.000000000000000000 ) ) ;
#3805 = CARTESIAN_POINT ( 'NONE',  ( 0.000000000000000000, -6.743161398043880261, -21.84104724382974894 ) ) ;
#3806 = DIRECTION ( 'NONE',  ( 0.000000000000000000, 0.000000000000000000, 1.000000000000000000 ) ) ;
#3807 = CIRCLE ( 'NONE', #916, 1.875000000000015543 ) ;
#3808 = CARTESIAN_POINT ( 'NONE',  ( 10.16000000000000014, -3.908200656061839862, -22.90561900837154852 ) ) ;
#3809 = ORIENTED_EDGE ( 'NONE', *, *, #2704, .T. ) ;
#3810 = EDGE_CURVE ( 'NONE', #3007, #2050, #275, .T. ) ;
#3811 = CIRCLE ( 'NONE', #4227, 2.699999999999980194 ) ;
#3812 = VERTEX_POINT ( 'NONE', #247 ) ;
#3813 = CONICAL_SURFACE ( 'NONE', #3197, 1.000000000000000888, 0.7853981633974526089 ) ;
#3814 = FACE_OUTER_BOUND ( 'NONE', #1811, .T. ) ;
#3815 = ORIENTED_EDGE ( 'NONE', *, *, #304, .T. ) ;
#3816 = CARTESIAN_POINT ( 'NONE',  ( 0.000000000000000000, 55.10149476870498830, 0.000000000000000000 ) ) ;
#3817 = AXIS2_PLACEMENT_3D ( 'NONE', #2092, #3636, #3601 ) ;
#3818 = AXIS2_PLACEMENT_3D ( 'NONE', #3268, #772, #6241 ) ;
#3819 =( NAMED_UNIT ( * ) PLANE_ANGLE_UNIT ( ) SI_UNIT ( $, .RADIAN. ) );
#3820 = EDGE_CURVE ( 'NONE', #563, #3932, #2304, .T. ) ;
#3821 = ORIENTED_EDGE ( 'NONE', *, *, #5084, .F. ) ;
#3822 = AXIS2_PLACEMENT_3D ( 'NONE', #1650, #1617, #2147 ) ;
#3823 = DIRECTION ( 'NONE',  ( 0.7071067811865512365, -1.454378602689741986E-16, 0.7071067811865439090 ) ) ;
#3824 = ORIENTED_EDGE ( 'NONE', *, *, #4192, .T. ) ;
#3825 = CARTESIAN_POINT ( 'NONE',  ( 3.517900915900892045, 7.574983498266405491, 21.90570198997976803 ) ) ;
#3826 = PLANE ( 'NONE',  #2755 ) ;
#3827 = CARTESIAN_POINT ( 'NONE',  ( 3.251200000000000312, 9.188879377429095996, 22.35300000001660692 ) ) ;
#3828 = AXIS2_PLACEMENT_3D ( 'NONE', #3970, #4498, #2617 ) ;
#3829 = VERTEX_POINT ( 'NONE', #5739 ) ;
#3830 = DIRECTION ( 'NONE',  ( 0.000000000000000000, 0.000000000000000000, -1.000000000000000000 ) ) ;
#3831 = EDGE_LOOP ( 'NONE', ( #2780, #145, #3855, #3632 ) ) ;
#3832 = CIRCLE ( 'NONE', #2910, 0.5079999999999997851 ) ;
#3833 = DIRECTION ( 'NONE',  ( 1.000000000000000000, 0.000000000000000000, 0.000000000000000000 ) ) ;
#3834 = CARTESIAN_POINT ( 'NONE',  ( 3.226063061637176599, 7.547687388734392044, 21.97667194865414686 ) ) ;
#3835 = EDGE_CURVE ( 'NONE', #2536, #5747, #3130, .T. ) ;
#3836 = CIRCLE ( 'NONE', #3432, 3.251199999999999424 ) ;
#3837 = PLANE ( 'NONE',  #1635 ) ;
#3838 = CARTESIAN_POINT ( 'NONE',  ( 0.000000000000000000, -5.471622585859049259, 16.56180000001660346 ) ) ;
#3839 = VERTEX_POINT ( 'NONE', #4189 ) ;
#3840 = DIRECTION ( 'NONE',  ( 0.000000000000000000, 0.000000000000000000, 1.000000000000000000 ) ) ;
#3841 = CIRCLE ( 'NONE', #4471, 0.9906000000000012573 ) ;
#3842 = DIRECTION ( 'NONE',  ( 0.000000000000000000, 1.000000000000000000, 0.000000000000000000 ) ) ;
#3843 = CARTESIAN_POINT ( 'NONE',  ( 0.5000000000000056621, -1.944586502005110074, 13.04500000001661952 ) ) ;
#3844 = ADVANCED_FACE ( 'NONE', ( #2227 ), #1159, .T. ) ;
#3845 = VERTEX_POINT ( 'NONE', #6203 ) ;
#3846 = AXIS2_PLACEMENT_3D ( 'NONE', #5229, #1253, #3648 ) ;
#3847 = VERTEX_POINT ( 'NONE', #1216 ) ;
#3848 = CARTESIAN_POINT ( 'NONE',  ( 0.000000000000000000, -4.602883708119607675, -16.63859677047480190 ) ) ;
#3849 = ORIENTED_EDGE ( 'NONE', *, *, #3207, .F. ) ;
#3850 = CARTESIAN_POINT ( 'NONE',  ( 9.652000000000001023, 1.620971776150855082, -15.35789622625775053 ) ) ;
#3851 = VERTEX_POINT ( 'NONE', #6138 ) ;
#3852 = EDGE_CURVE ( 'NONE', #1026, #1533, #1770, .T. ) ;
#3853 = AXIS2_PLACEMENT_3D ( 'NONE', #3933, #5939, #1471 ) ;
#3854 = CARTESIAN_POINT ( 'NONE',  ( 2.806929494315379969, 8.395700048192932030, -24.05673763957880240 ) ) ;
#3855 = ORIENTED_EDGE ( 'NONE', *, *, #5639, .F. ) ;
#3856 = FACE_OUTER_BOUND ( 'NONE', #42, .T. ) ;
#3857 = ORIENTED_EDGE ( 'NONE', *, *, #136, .F. ) ;
#3858 = CARTESIAN_POINT ( 'NONE',  ( 2.874161546380667343, 8.288799660944295766, 22.29932923492754426 ) ) ;
#3859 = EDGE_CURVE ( 'NONE', #5271, #570, #5946, .T. ) ;
#3860 = DIRECTION ( 'NONE',  ( -1.000000000000000000, -0.000000000000000000, -0.000000000000000000 ) ) ;
#3861 = CARTESIAN_POINT ( 'NONE',  ( 9.652000000000001023, -5.473161398043879800, -18.64164960392049863 ) ) ;
#3862 = CONICAL_SURFACE ( 'NONE', #2834, 3.751199999999996315, 0.7853981633974412846 ) ;
#3863 = DIRECTION ( 'NONE',  ( 0.000000000000000000, 0.000000000000000000, -1.000000000000000000 ) ) ;
#3864 = ORIENTED_EDGE ( 'NONE', *, *, #4049, .T. ) ;
#3865 = DIRECTION ( 'NONE',  ( 0.000000000000000000, 0.000000000000000000, 1.000000000000000000 ) ) ;
#3866 = EDGE_CURVE ( 'NONE', #3516, #2293, #745, .T. ) ;
#3867 = CARTESIAN_POINT ( 'NONE',  ( 3.656199825276585269, 6.802662178270838744, 21.84946078434331795 ) ) ;
#3868 = CARTESIAN_POINT ( 'NONE',  ( 0.5000000000000004441, 17.10149476870488527, 29.67000000000017579 ) ) ;
#3869 = DIRECTION ( 'NONE',  ( 1.000000000000000000, 0.000000000000000000, 0.000000000000000000 ) ) ;
#3870 = DIRECTION ( 'NONE',  ( 0.000000000000000000, 1.000000000000000000, -1.224646799147353207E-16 ) ) ;
#3871 = EDGE_LOOP ( 'NONE', ( #5026, #24, #4135, #5886 ) ) ;
#3872 = DIRECTION ( 'NONE',  ( 0.000000000000000000, 0.000000000000000000, -1.000000000000000000 ) ) ;
#3873 = ORIENTED_EDGE ( 'NONE', *, *, #6086, .F. ) ;
#3874 = DIRECTION ( 'NONE',  ( 0.000000000000000000, 0.000000000000000000, -1.000000000000000000 ) ) ;
#3875 = ORIENTED_EDGE ( 'NONE', *, *, #3810, .T. ) ;
#3876 = DIRECTION ( 'NONE',  ( 0.000000000000000000, -1.000000000000000000, 0.000000000000000000 ) ) ;
#3877 = ORIENTED_EDGE ( 'NONE', *, *, #470, .T. ) ;
#3878 = EDGE_CURVE ( 'NONE', #2278, #908, #5407, .T. ) ;
#3879 = CARTESIAN_POINT ( 'NONE',  ( 7.951199999999892576, 17.10149476870488527, 29.67000000000017579 ) ) ;
#3880 = ORIENTED_EDGE ( 'NONE', *, *, #332, .T. ) ;
#3881 = DIRECTION ( 'NONE',  ( 0.000000000000000000, 0.000000000000000000, 1.000000000000000000 ) ) ;
#3882 = ORIENTED_EDGE ( 'NONE', *, *, #1926, .T. ) ;
#3883 = DIRECTION ( 'NONE',  ( 1.000000000000000000, 0.000000000000000000, 0.000000000000000000 ) ) ;
#3884 = EDGE_CURVE ( 'NONE', #4947, #3205, #3952, .T. ) ;
#3885 = CARTESIAN_POINT ( 'NONE',  ( 2.932081746617536400, 8.119926446355387739, -23.89698290601828390 ) ) ;
#3886 = EDGE_LOOP ( 'NONE', ( #1951, #1562 ) ) ;
#3887 = FACE_OUTER_BOUND ( 'NONE', #4672, .T. ) ;
#3888 = ORIENTED_EDGE ( 'NONE', *, *, #5873, .T. ) ;
#3889 = CARTESIAN_POINT ( 'NONE',  ( 2.751199999999998536, 55.60149476870499541, -33.57880000000000109 ) ) ;
#3890 = DIRECTION ( 'NONE',  ( 0.7071067811865583419, 0.000000000000000000, -0.7071067811865368036 ) ) ;
#3891 = EDGE_CURVE ( 'NONE', #5175, #4256, #3230, .T. ) ;
#3892 = DIRECTION ( 'NONE',  ( 0.000000000000000000, 0.000000000000000000, 1.000000000000000000 ) ) ;
#3893 = AXIS2_PLACEMENT_3D ( 'NONE', #6358, #1893, #5857 ) ;
#3894 = VERTEX_POINT ( 'NONE', #5769 ) ;
#3895 = DIRECTION ( 'NONE',  ( 0.000000000000000000, 0.000000000000000000, -1.000000000000000000 ) ) ;
#3896 = FACE_OUTER_BOUND ( 'NONE', #1452, .T. ) ;
#3897 = ADVANCED_FACE ( 'NONE', ( #5266 ), #2648, .F. ) ;
#3898 = CARTESIAN_POINT ( 'NONE',  ( 8.251199999999903056, 17.10149476870488527, -28.32999999999983487 ) ) ;
#3899 = CARTESIAN_POINT ( 'NONE',  ( 0.5000000000000056621, -3.418503319182129907, -23.41328918922000213 ) ) ;
#3900 = CARTESIAN_POINT ( 'NONE',  ( 7.951199999999901458, 48.10149476870488883, 29.67000000000017579 ) ) ;
#3901 = ORIENTED_EDGE ( 'NONE', *, *, #3884, .F. ) ;
#3902 = DIRECTION ( 'NONE',  ( 1.000000000000000000, 0.000000000000000000, 0.000000000000000000 ) ) ;
#3903 = CARTESIAN_POINT ( 'NONE',  ( 0.5000000000000056621, -1.944586502005110074, -11.95499999998338048 ) ) ;
#3904 = ORIENTED_EDGE ( 'NONE', *, *, #6299, .F. ) ;
#3905 = ORIENTED_EDGE ( 'NONE', *, *, #1826, .F. ) ;
#3906 = CARTESIAN_POINT ( 'NONE',  ( 10.16000000000000014, 7.557776880929980123, -19.01886046992675006 ) ) ;
#3907 = EDGE_LOOP ( 'NONE', ( #2581, #701, #799, #4754 ) ) ;
#3908 = AXIS2_PLACEMENT_3D ( 'NONE', #6052, #1069, #641 ) ;
#3909 = DIRECTION ( 'NONE',  ( 1.000000000000000000, 0.000000000000000000, 0.000000000000000000 ) ) ;
#3910 = ORIENTED_EDGE ( 'NONE', *, *, #2121, .T. ) ;
#3911 = EDGE_CURVE ( 'NONE', #4469, #686, #2840, .T. ) ;
#3912 = CIRCLE ( 'NONE', #2063, 1.000000000000000888 ) ;
#3913 = ORIENTED_EDGE ( 'NONE', *, *, #5932, .F. ) ;
#3914 = CARTESIAN_POINT ( 'NONE',  ( 3.251200000000000312, 55.60149476870499541, -33.57880000000000109 ) ) ;
#3915 = ORIENTED_EDGE ( 'NONE', *, *, #957, .F. ) ;
#3916 = AXIS2_PLACEMENT_3D ( 'NONE', #4307, #2922, #6318 ) ;
#3917 = EDGE_CURVE ( 'NONE', #2468, #2278, #2098, .T. ) ;
#3918 = CARTESIAN_POINT ( 'NONE',  ( 2.892155592550661236, 8.195549771295194574, -23.93711471974985727 ) ) ;
#3919 = AXIS2_PLACEMENT_3D ( 'NONE', #6266, #2764, #6227 ) ;
#3920 = DIRECTION ( 'NONE',  ( 0.7071067811865533459, -0.7071067811865416886, 0.000000000000000000 ) ) ;
#3921 = DIRECTION ( 'NONE',  ( -1.000000000000000000, 0.000000000000000000, 0.000000000000000000 ) ) ;
#3922 = DIRECTION ( 'NONE',  ( 0.000000000000000000, 0.000000000000000000, -1.000000000000000000 ) ) ;
#3923 = ORIENTED_EDGE ( 'NONE', *, *, #2020, .F. ) ;
#3924 = CARTESIAN_POINT ( 'NONE',  ( 7.951199999999901458, 48.10149476870488883, -28.32999999999983487 ) ) ;
#3925 = VECTOR ( 'NONE', #5715, 1000.000000000000114 ) ;
#3926 = CARTESIAN_POINT ( 'NONE',  ( 3.674699052954089495, 6.771668878723327012, 21.84807447706699080 ) ) ;
#3927 = EDGE_CURVE ( 'NONE', #4337, #3542, #3024, .T. ) ;
#3928 = DIRECTION ( 'NONE',  ( 1.000000000000000000, 0.000000000000000000, 0.000000000000000000 ) ) ;
#3929 = CIRCLE ( 'NONE', #1138, 0.007999999999987184029 ) ;
#3930 = DIRECTION ( 'NONE',  ( -1.000000000000000000, 0.000000000000000000, 0.000000000000000000 ) ) ;
#3931 = DIRECTION ( 'NONE',  ( 0.000000000000000000, 0.000000000000000000, -1.000000000000000000 ) ) ;
#3932 = VERTEX_POINT ( 'NONE', #5366 ) ;
#3933 = CARTESIAN_POINT ( 'NONE',  ( 8.251199999999903056, 17.10149476870488527, 29.67000000000017579 ) ) ;
#3934 = DIRECTION ( 'NONE',  ( 0.000000000000000000, 0.000000000000000000, -1.000000000000000000 ) ) ;
#3935 = DIRECTION ( 'NONE',  ( 0.000000000000000000, 0.000000000000000000, 1.000000000000000000 ) ) ;
#3936 = ADVANCED_FACE ( 'NONE', ( #2906 ), #3424, .F. ) ;
#3937 = ORIENTED_EDGE ( 'NONE', *, *, #5408, .T. ) ;
#3938 = CONICAL_SURFACE ( 'NONE', #1550, 0.007999999999990653476, 0.7853981633974520538 ) ;
#3939 = CARTESIAN_POINT ( 'NONE',  ( 3.251200000000000312, 10.38149476870496457, -33.57880000000000109 ) ) ;
#3940 = PLANE ( 'NONE',  #6130 ) ;
#3941 = ORIENTED_EDGE ( 'NONE', *, *, #4323, .F. ) ;
#3942 = VECTOR ( 'NONE', #5783, 1000.000000000000114 ) ;
#3943 = LINE ( 'NONE', #5949, #3947 ) ;
#3944 = ORIENTED_EDGE ( 'NONE', *, *, #2143, .F. ) ;
#3945 = ORIENTED_EDGE ( 'NONE', *, *, #6086, .T. ) ;
#3946 = EDGE_CURVE ( 'NONE', #570, #1306, #2329, .T. ) ;
#3947 = VECTOR ( 'NONE', #5439, 1000.000000000000000 ) ;
#3948 = CARTESIAN_POINT ( 'NONE',  ( 3.162637792899859246, 7.760584670715626743, -23.73845709849316421 ) ) ;
#3949 = ORIENTED_EDGE ( 'NONE', *, *, #993, .T. ) ;
#3950 = DIRECTION ( 'NONE',  ( -1.000000000000000000, 0.000000000000000000, 0.000000000000000000 ) ) ;
#3951 = ORIENTED_EDGE ( 'NONE', *, *, #3957, .F. ) ;
#3952 = CIRCLE ( 'NONE', #4674, 4.572000000000000064 ) ;
#3953 = CARTESIAN_POINT ( 'NONE',  ( 3.303251012252857777, 8.574365065102115935, -23.76691745148053414 ) ) ;
#3954 = CIRCLE ( 'NONE', #5413, 53.04027774584250210 ) ;
#3955 = CARTESIAN_POINT ( 'NONE',  ( 2.751199999999998536, 55.60149476870499541, -33.57880000000000109 ) ) ;
#3956 = ADVANCED_FACE ( 'NONE', ( #6304 ), #1263, .T. ) ;
#3957 = EDGE_CURVE ( 'NONE', #3812, #3407, #1337, .T. ) ;
#3958 = ORIENTED_EDGE ( 'NONE', *, *, #5225, .T. ) ;
#3959 = LINE ( 'NONE', #1461, #5735 ) ;
#3960 = CARTESIAN_POINT ( 'NONE',  ( 10.16000000000000014, 5.639631176050640349, -18.44118626941249772 ) ) ;
#3961 = FACE_OUTER_BOUND ( 'NONE', #6312, .T. ) ;
#3962 = VECTOR ( 'NONE', #866, 1000.000000000000000 ) ;
#3963 = DIRECTION ( 'NONE',  ( 0.000000000000000000, 0.000000000000000000, -1.000000000000000000 ) ) ;
#3964 = EDGE_CURVE ( 'NONE', #1918, #3483, #4265, .T. ) ;
#3965 = DIRECTION ( 'NONE',  ( -1.000000000000000000, -0.000000000000000000, -0.000000000000000000 ) ) ;
#3966 = DIRECTION ( 'NONE',  ( -1.000000000000000000, 0.000000000000000000, 0.000000000000000000 ) ) ;
#3967 = DIRECTION ( 'NONE',  ( 0.000000000000000000, 0.000000000000000000, -1.000000000000000000 ) ) ;
#3968 = ORIENTED_EDGE ( 'NONE', *, *, #4973, .T. ) ;
#3969 = EDGE_CURVE ( 'NONE', #2044, #3739, #4326, .T. ) ;
#3970 = CARTESIAN_POINT ( 'NONE',  ( 10.16000000000000014, -1.944586502005110074, 13.55300000001662042 ) ) ;
#3971 = ORIENTED_EDGE ( 'NONE', *, *, #1912, .T. ) ;
#3972 = CARTESIAN_POINT ( 'NONE',  ( 0.5000000000000056621, -10.22387382247591958, -5.902756303567260332 ) ) ;
#3973 = CARTESIAN_POINT ( 'NONE',  ( 3.256747173198234258, 8.999872412555783185, 22.26860078425049494 ) ) ;
#3974 = EDGE_CURVE ( 'NONE', #686, #285, #372, .T. ) ;
#3975 = CARTESIAN_POINT ( 'NONE',  ( 0.5000000000000052180, 9.881494768704969900, 36.82999999999999829 ) ) ;
#3976 = DIRECTION ( 'NONE',  ( 0.000000000000000000, 0.000000000000000000, -1.000000000000000000 ) ) ;
#3977 = EDGE_LOOP ( 'NONE', ( #4737, #5000, #4169, #4483 ) ) ;
#3978 = LINE ( 'NONE', #3914, #1454 ) ;
#3979 = ORIENTED_EDGE ( 'NONE', *, *, #5976, .F. ) ;
#3980 = CARTESIAN_POINT ( 'NONE',  ( 3.262001937073606417, 8.829030851108809586, -23.82851218844439245 ) ) ;
#3981 = DIRECTION ( 'NONE',  ( 0.7071067811865512365, 1.547499719975959663E-16, -0.7071067811865439090 ) ) ;
#3982 = VERTEX_POINT ( 'NONE', #864 ) ;
#3983 = DIRECTION ( 'NONE',  ( 0.000000000000000000, -1.000000000000000000, 3.035386659626960118E-16 ) ) ;
#3984 = ORIENTED_EDGE ( 'NONE', *, *, #2582, .F. ) ;
#3985 = DIRECTION ( 'NONE',  ( -1.000000000000000000, 0.000000000000000000, 0.000000000000000000 ) ) ;
#3986 = EDGE_CURVE ( 'NONE', #1026, #3101, #6153, .T. ) ;
#3987 = CARTESIAN_POINT ( 'NONE',  ( 3.373371000970808442, 8.275738419411677427, -23.71379527221736083 ) ) ;
#3988 = TOROIDAL_SURFACE ( 'NONE', #3279, 5.500000000000001776, 2.500000000000000000 ) ;
#3989 = DIRECTION ( 'NONE',  ( -0.7071067811865453523, 0.08383128272107823187, 0.7021198729827704543 ) ) ;
#3990 = AXIS2_PLACEMENT_3D ( 'NONE', #647, #5085, #5117 ) ;
#3991 = DIRECTION ( 'NONE',  ( 0.000000000000000000, -1.000000000000000000, 0.000000000000000000 ) ) ;
#3992 = ORIENTED_EDGE ( 'NONE', *, *, #4935, .T. ) ;
#3993 = DIRECTION ( 'NONE',  ( 0.000000000000000000, 0.000000000000000000, -1.000000000000000000 ) ) ;
#3994 = LINE ( 'NONE', #5974, #2131 ) ;
#3995 = ORIENTED_EDGE ( 'NONE', *, *, #136, .T. ) ;
#3996 = EDGE_CURVE ( 'NONE', #1322, #4399, #3334, .T. ) ;
#3997 = CARTESIAN_POINT ( 'NONE',  ( 0.5000000000000056621, 0.000000000000000000, 17.14499999999999957 ) ) ;
#3998 = ORIENTED_EDGE ( 'NONE', *, *, #244, .F. ) ;
#3999 = CARTESIAN_POINT ( 'NONE',  ( 3.759199999999999875, 7.557776880929980123, -19.01886046992675006 ) ) ;
#4000 = PLANE ( 'NONE',  #2110 ) ;
#4001 = ADVANCED_FACE ( 'NONE', ( #6336 ), #4912, .F. ) ;
#4002 = CARTESIAN_POINT ( 'NONE',  ( 8.251199999999903056, 48.10149476870488883, -28.32999999999983487 ) ) ;
#4003 = ORIENTED_EDGE ( 'NONE', *, *, #2778, .T. ) ;
#4004 = LINE ( 'NONE', #4992, #1666 ) ;
#4005 = EDGE_LOOP ( 'NONE', ( #3423, #1498, #5867, #740 ) ) ;
#4006 = VECTOR ( 'NONE', #1098, 1000.000000000000227 ) ;
#4007 = EDGE_CURVE ( 'NONE', #4828, #1858, #2452, .T. ) ;
#4008 = CARTESIAN_POINT ( 'NONE',  ( 3.443934350635225350, 8.019615940711524615, -23.67742887584181233 ) ) ;
#4009 = CARTESIAN_POINT ( 'NONE',  ( 3.759199999999999875, 9.827424240648710452, -23.56364878870704871 ) ) ;
#4010 = CARTESIAN_POINT ( 'NONE',  ( 3.251200000000000312, 9.881494768704969900, -26.78688693560660283 ) ) ;
#4011 = AXIS2_PLACEMENT_3D ( 'NONE', #4491, #3033, #5458 ) ;
#4012 = AXIS2_PLACEMENT_3D ( 'NONE', #2522, #660, #5977 ) ;
#4013 = ORIENTED_EDGE ( 'NONE', *, *, #4203, .T. ) ;
#4014 = DIRECTION ( 'NONE',  ( 0.000000000000000000, 1.134814917820289949E-16, -1.000000000000000000 ) ) ;
#4015 = VERTEX_POINT ( 'NONE', #4427 ) ;
#4016 = CYLINDRICAL_SURFACE ( 'NONE', #263, 0.9906000000000012573 ) ;
#4017 = TOROIDAL_SURFACE ( 'NONE', #3308, 1.498600000000000154, 0.5080000000000000071 ) ;
#4018 = AXIS2_PLACEMENT_3D ( 'NONE', #3311, #4697, #227 ) ;
#4019 = DIRECTION ( 'NONE',  ( 0.000000000000000000, 0.000000000000000000, -1.000000000000000000 ) ) ;
#4020 = ORIENTED_EDGE ( 'NONE', *, *, #4885, .F. ) ;
#4021 = CARTESIAN_POINT ( 'NONE',  ( 3.759199999999999875, -4.891943078611589628E-15, 22.35300000001660337 ) ) ;
#4022 = LINE ( 'NONE', #3482, #834 ) ;
#4023 = ORIENTED_EDGE ( 'NONE', *, *, #3013, .F. ) ;
#4024 = VECTOR ( 'NONE', #2567, 1000.000000000000000 ) ;
#4025 = EDGE_CURVE ( 'NONE', #3273, #1905, #410, .T. ) ;
#4026 = DIRECTION ( 'NONE',  ( 0.000000000000000000, 1.707404996040159236E-15, -1.000000000000000000 ) ) ;
#4027 = CARTESIAN_POINT ( 'NONE',  ( 0.000000000000000000, -1.944586502005110074, -12.46299999998337960 ) ) ;
#4028 = ORIENTED_EDGE ( 'NONE', *, *, #5219, .T. ) ;
#4029 = AXIS2_PLACEMENT_3D ( 'NONE', #6344, #936, #5306 ) ;
#4030 = CARTESIAN_POINT ( 'NONE',  ( 0.5000000000000056621, 0.9359217687046109679, -21.84204960392050054 ) ) ;
#4031 = VERTEX_POINT ( 'NONE', #1904 ) ;
#4032 = EDGE_CURVE ( 'NONE', #1840, #5975, #4892, .T. ) ;
#4033 = EDGE_CURVE ( 'NONE', #1118, #1978, #1571, .T. ) ;
#4034 = DIRECTION ( 'NONE',  ( -1.000000000000000000, -0.000000000000000000, -0.000000000000000000 ) ) ;
#4035 = CONICAL_SURFACE ( 'NONE', #3429, 2.751199999999991874, 0.7853981633974522758 ) ;
#4036 = CARTESIAN_POINT ( 'NONE',  ( 0.000000000000000000, 48.10149476870488883, 29.67000000000017579 ) ) ;
#4037 = DIRECTION ( 'NONE',  ( 0.000000000000000000, 0.000000000000000000, 1.000000000000000000 ) ) ;
#4038 = DIRECTION ( 'NONE',  ( -1.000000000000000000, -0.000000000000000000, -0.000000000000000000 ) ) ;
#4039 = DIRECTION ( 'NONE',  ( 0.000000000000000000, -1.000000000000000000, -3.035386659626960118E-16 ) ) ;
#4040 = ORIENTED_EDGE ( 'NONE', *, *, #190, .T. ) ;
#4041 = EDGE_CURVE ( 'NONE', #386, #1590, #6370, .T. ) ;
#4042 = CARTESIAN_POINT ( 'NONE',  ( 3.451674027454920690, 7.854996467731099941, 21.94835768989636904 ) ) ;
#4043 = VERTEX_POINT ( 'NONE', #2126 ) ;
#4044 = AXIS2_PLACEMENT_3D ( 'NONE', #479, #2460, #6411 ) ;
#4045 = CARTESIAN_POINT ( 'NONE',  ( 2.793905699461071812, 8.434484763247311889, -24.08203839287738646 ) ) ;
#4046 = DIRECTION ( 'NONE',  ( -1.000000000000000000, 0.000000000000000000, 0.000000000000000000 ) ) ;
#4047 = AXIS2_PLACEMENT_3D ( 'NONE', #1404, #2424, #6403 ) ;
#4048 = DIRECTION ( 'NONE',  ( -1.000000000000000000, 0.000000000000000000, 0.000000000000000000 ) ) ;
#4049 = EDGE_CURVE ( 'NONE', #5944, #990, #146, .T. ) ;
#4050 = ORIENTED_EDGE ( 'NONE', *, *, #2008, .T. ) ;
#4051 = DIRECTION ( 'NONE',  ( -1.000000000000000000, 0.000000000000000000, 0.000000000000000000 ) ) ;
#4052 = VERTEX_POINT ( 'NONE', #4460 ) ;
#4053 = CARTESIAN_POINT ( 'NONE',  ( 3.251200000000000312, 48.10149476870488883, 29.67000000000017579 ) ) ;
#4054 = VECTOR ( 'NONE', #4257, 1000.000000000000000 ) ;
#4055 = DIRECTION ( 'NONE',  ( -1.000000000000000000, -0.000000000000000000, -0.000000000000000000 ) ) ;
#4056 = CARTESIAN_POINT ( 'NONE',  ( 3.251200000000000312, 6.630294768704969144, 25.09620000001660145 ) ) ;
#4057 = ORIENTED_EDGE ( 'NONE', *, *, #681, .F. ) ;
#4058 = CIRCLE ( 'NONE', #1273, 0.5079999999999997851 ) ;
#4059 = FACE_OUTER_BOUND ( 'NONE', #4556, .T. ) ;
#4060 = ORIENTED_EDGE ( 'NONE', *, *, #6159, .F. ) ;
#4061 = DIRECTION ( 'NONE',  ( 0.000000000000000000, 0.000000000000000000, -1.000000000000000000 ) ) ;
#4062 = ORIENTED_EDGE ( 'NONE', *, *, #3365, .F. ) ;
#4063 = AXIS2_PLACEMENT_3D ( 'NONE', #3199, #4747, #3232 ) ;
#4064 = CARTESIAN_POINT ( 'NONE',  ( 10.16000000000000014, -2.452586502005110081, 0.000000000000000000 ) ) ;
#4065 = ORIENTED_EDGE ( 'NONE', *, *, #2073, .F. ) ;
#4066 = CARTESIAN_POINT ( 'NONE',  ( 10.16000000000000014, 0.000000000000000000, -11.95499999998338048 ) ) ;
#4067 = CARTESIAN_POINT ( 'NONE',  ( 10.16000000000000014, 0.000000000000000000, -24.65299999999444935 ) ) ;
#4068 = EDGE_CURVE ( 'NONE', #3851, #5849, #1258, .T. ) ;
#4069 = CYLINDRICAL_SURFACE ( 'NONE', #4744, 0.5080000000000015614 ) ;
#4070 = CARTESIAN_POINT ( 'NONE',  ( 3.890775534075862296, -1.629652805416236028, 12.66302446594075448 ) ) ;
#4071 = ORIENTED_EDGE ( 'NONE', *, *, #5534, .F. ) ;
#4072 = CARTESIAN_POINT ( 'NONE',  ( 3.263722308065115651, 8.927119501904018151, 22.24078378810870760 ) ) ;
#4073 = ORIENTED_EDGE ( 'NONE', *, *, #3317, .F. ) ;
#4074 = FACE_OUTER_BOUND ( 'NONE', #3307, .T. ) ;
#4075 = ADVANCED_FACE ( 'NONE', ( #4978 ), #1566, .T. ) ;
#4076 = DIRECTION ( 'NONE',  ( -1.000000000000000000, 0.000000000000000000, 0.000000000000000000 ) ) ;
#4077 = LINE ( 'NONE', #650, #6445 ) ;
#4078 = ORIENTED_EDGE ( 'NONE', *, *, #5602, .T. ) ;
#4079 = DIRECTION ( 'NONE',  ( 0.000000000000000000, -0.8993073093251802153, 0.4373172342754226283 ) ) ;
#4080 = ORIENTED_EDGE ( 'NONE', *, *, #2008, .F. ) ;
#4081 = CARTESIAN_POINT ( 'NONE',  ( 2.801054865904698765, 8.514904392843034131, 22.44681667857175711 ) ) ;
#4082 = B_SPLINE_CURVE_WITH_KNOTS ( 'NONE', 1,
 ( #1923, #4768 ),
 .UNSPECIFIED., .F., .F.,
 ( 2, 2 ),
 ( 0.000000000000000000, 1.000000000000000000 ),
 .UNSPECIFIED. ) ;
#4083 = AXIS2_PLACEMENT_3D ( 'NONE', #5067, #3039, #6005 ) ;
#4084 = EDGE_CURVE ( 'NONE', #6343, #4102, #1776, .T. ) ;
#4085 = DIRECTION ( 'NONE',  ( 1.000000000000000000, 0.000000000000000000, 0.000000000000000000 ) ) ;
#4086 = FACE_BOUND ( 'NONE', #3886, .T. ) ;
#4087 = DIRECTION ( 'NONE',  ( 0.000000000000000000, 0.000000000000000000, -1.000000000000000000 ) ) ;
#4088 = AXIS2_PLACEMENT_3D ( 'NONE', #4936, #3985, #5583 ) ;
#4089 = EDGE_LOOP ( 'NONE', ( #2853, #5307, #5938, #2612 ) ) ;
#4090 = DIRECTION ( 'NONE',  ( 5.048855282169871202E-16, -0.9502499704900472244, 0.3114883522439715891 ) ) ;
#4091 = DIRECTION ( 'NONE',  ( 0.000000000000000000, -1.000000000000000000, 0.000000000000000000 ) ) ;
#4092 = VERTEX_POINT ( 'NONE', #5462 ) ;
#4093 = DIRECTION ( 'NONE',  ( 0.000000000000000000, 0.000000000000000000, -1.000000000000000000 ) ) ;
#4094 = VERTEX_POINT ( 'NONE', #1597 ) ;
#4095 = ADVANCED_FACE ( 'NONE', ( #2548 ), #3096, .F. ) ;
#4096 = AXIS2_PLACEMENT_3D ( 'NONE', #4383, #3380, #6392 ) ;
#4097 = ORIENTED_EDGE ( 'NONE', *, *, #2934, .F. ) ;
#4098 = DIRECTION ( 'NONE',  ( 0.000000000000000000, 0.000000000000000000, 1.000000000000000000 ) ) ;
#4099 = CIRCLE ( 'NONE', #1823, 4.572000000000000064 ) ;
#4100 = CARTESIAN_POINT ( 'NONE',  ( 3.251200000000000312, 17.10149476870488527, 35.17000000000017224 ) ) ;
#4101 = CARTESIAN_POINT ( 'NONE',  ( 10.16000000000000014, -5.463622585859059910, 16.05380000001660079 ) ) ;
#4102 = VERTEX_POINT ( 'NONE', #2062 ) ;
#4103 = CARTESIAN_POINT ( 'NONE',  ( 10.16000000000000014, -4.889697712535260088, -16.21865345080244580 ) ) ;
#4104 = EDGE_CURVE ( 'NONE', #2728, #618, #3745, .T. ) ;
#4105 = CARTESIAN_POINT ( 'NONE',  ( 0.5080000000000000071, 1.814613497994890023, 19.86380000001660306 ) ) ;
#4106 = DIRECTION ( 'NONE',  ( 0.000000000000000000, 0.000000000000000000, -1.000000000000000000 ) ) ;
#4107 = VERTEX_POINT ( 'NONE', #1114 ) ;
#4108 = CONICAL_SURFACE ( 'NONE', #6011, 2.699999999999980194, 0.7853981633974657095 ) ;
#4109 = VECTOR ( 'NONE', #640, 1000.000000000000000 ) ;
#4110 = DIRECTION ( 'NONE',  ( 1.000000000000000000, 0.000000000000000000, 0.000000000000000000 ) ) ;
#4111 = EDGE_CURVE ( 'NONE', #2800, #5944, #1062, .T. ) ;
#4112 = ORIENTED_EDGE ( 'NONE', *, *, #4657, .F. ) ;
#4113 = FACE_OUTER_BOUND ( 'NONE', #4195, .T. ) ;
#4114 = CONICAL_SURFACE ( 'NONE', #5372, 2.699999999999980194, 0.7853981633974670418 ) ;
#4115 = CONICAL_SURFACE ( 'NONE', #3495, 1.574999999999999956, 0.7853981633974418397 ) ;
#4116 = CYLINDRICAL_SURFACE ( 'NONE', #1328, 0.5079999999999997851 ) ;
#4117 = CARTESIAN_POINT ( 'NONE',  ( 0.000000000000000000, 48.10149476870488883, 29.67000000000017579 ) ) ;
#4118 = ORIENTED_EDGE ( 'NONE', *, *, #6253, .F. ) ;
#4119 = DIRECTION ( 'NONE',  ( 0.000000000000000000, 0.000000000000000000, 1.000000000000000000 ) ) ;
#4120 = ADVANCED_FACE ( 'NONE', ( #2031 ), #2577, .F. ) ;
#4121 = VERTEX_POINT ( 'NONE', #2609 ) ;
#4122 = VECTOR ( 'NONE', #3389, 1000.000000000000000 ) ;
#4123 = CARTESIAN_POINT ( 'NONE',  ( 0.000000000000000000, 23.78149476870569856, 31.39999999999335145 ) ) ;
#4124 = AXIS2_PLACEMENT_3D ( 'NONE', #2757, #5246, #1808 ) ;
#4125 = VECTOR ( 'NONE', #3920, 1000.000000000000000 ) ;
#4126 = CARTESIAN_POINT ( 'NONE',  ( 16.73648137423847970, 17.10149476870488527, 29.67000000000017579 ) ) ;
#4127 = ORIENTED_EDGE ( 'NONE', *, *, #1428, .F. ) ;
#4128 = DIRECTION ( 'NONE',  ( 1.000000000000000000, 0.000000000000000000, 0.000000000000000000 ) ) ;
#4129 = ADVANCED_FACE ( 'NONE', ( #4059 ), #5197, .F. ) ;
#4130 = DIRECTION ( 'NONE',  ( 1.000000000000000000, 0.000000000000000000, 0.000000000000000000 ) ) ;
#4131 = DIRECTION ( 'NONE',  ( 0.000000000000000000, 1.000000000000000000, -1.224646799147353207E-16 ) ) ;
#4132 = VECTOR ( 'NONE', #6311, 1000.000000000000000 ) ;
#4133 = FACE_OUTER_BOUND ( 'NONE', #1330, .T. ) ;
#4134 = LINE ( 'NONE', #1802, #687 ) ;
#4135 = ORIENTED_EDGE ( 'NONE', *, *, #4308, .F. ) ;
#4136 = CIRCLE ( 'NONE', #624, 54.97067774584250088 ) ;
#4137 = CARTESIAN_POINT ( 'NONE',  ( 3.582831162082772636, 7.313277759222385654, 21.87659470897200720 ) ) ;
#4138 = EDGE_CURVE ( 'NONE', #5673, #5948, #1629, .T. ) ;
#4139 = B_SPLINE_CURVE_WITH_KNOTS ( 'NONE', 3,
 ( #4314, #1391, #5354, #3827 ),
 .UNSPECIFIED., .F., .F.,
 ( 4, 4 ),
 ( 0.000000000000000000, 1.000000000000000000 ),
 .UNSPECIFIED. ) ;
#4140 = DIRECTION ( 'NONE',  ( 0.000000000000000000, 1.000000000000000000, 1.134814917820289456E-16 ) ) ;
#4141 = VECTOR ( 'NONE', #781, 1000.000000000000000 ) ;
#4142 = DIRECTION ( 'NONE',  ( 0.000000000000000000, -1.000000000000000000, -1.134814917820289949E-16 ) ) ;
#4143 = VERTEX_POINT ( 'NONE', #5433 ) ;
#4144 = CARTESIAN_POINT ( 'NONE',  ( 0.000000000000000000, 13.13269476870496177, -33.57880000000000109 ) ) ;
#4145 = ORIENTED_EDGE ( 'NONE', *, *, #320, .F. ) ;
#4146 = LINE ( 'NONE', #6157, #5660 ) ;
#4147 = CIRCLE ( 'NONE', #4367, 27.00000000000165556 ) ;
#4148 = EDGE_CURVE ( 'NONE', #5378, #3894, #2824, .T. ) ;
#4149 = CARTESIAN_POINT ( 'NONE',  ( 3.272073644408540982, 8.748299496895993954, -23.80644028702246473 ) ) ;
#4150 = DIRECTION ( 'NONE',  ( 1.000000000000000000, 0.000000000000000000, 0.000000000000000000 ) ) ;
#4151 = LINE ( 'NONE', #6161, #1956 ) ;
#4152 = ORIENTED_EDGE ( 'NONE', *, *, #5442, .F. ) ;
#4153 = DIRECTION ( 'NONE',  ( 1.000000000000000000, 0.000000000000000000, 0.000000000000000000 ) ) ;
#4154 = VERTEX_POINT ( 'NONE', #499 ) ;
#4155 = VECTOR ( 'NONE', #6003, 1000.000000000000000 ) ;
#4156 = LINE ( 'NONE', #2195, #6084 ) ;
#4157 = ADVANCED_FACE ( 'NONE', ( #2485 ), #4682, .F. ) ;
#4158 = AXIS2_PLACEMENT_3D ( 'NONE', #1307, #365, #1790 ) ;
#4159 = DIRECTION ( 'NONE',  ( 0.000000000000000000, 0.000000000000000000, 1.000000000000000000 ) ) ;
#4160 = ORIENTED_EDGE ( 'NONE', *, *, #752, .F. ) ;
#4161 = DIRECTION ( 'NONE',  ( 0.000000000000000000, 0.000000000000000000, -1.000000000000000000 ) ) ;
#4162 = DIRECTION ( 'NONE',  ( 1.000000000000000000, 0.000000000000000000, 0.000000000000000000 ) ) ;
#4163 = DIRECTION ( 'NONE',  ( 0.000000000000000000, -3.771137991253929806E-17, 1.000000000000000000 ) ) ;
#4164 = AXIS2_PLACEMENT_3D ( 'NONE', #5283, #2827, #5016 ) ;
#4165 = ADVANCED_FACE ( 'NONE', ( #6131 ), #1181, .T. ) ;
#4166 = FACE_OUTER_BOUND ( 'NONE', #1565, .T. ) ;
#4167 = ORIENTED_EDGE ( 'NONE', *, *, #5139, .T. ) ;
#4168 = CARTESIAN_POINT ( 'NONE',  ( 3.759199999999999875, 6.630294768704969144, 21.84500000001660069 ) ) ;
#4169 = ORIENTED_EDGE ( 'NONE', *, *, #4657, .T. ) ;
#4170 = DIRECTION ( 'NONE',  ( 0.000000000000000000, 0.000000000000000000, -1.000000000000000000 ) ) ;
#4171 = ADVANCED_FACE ( 'NONE', ( #1662 ), #3445, .F. ) ;
#4172 = LINE ( 'NONE', #5179, #6335 ) ;
#4173 = LINE ( 'NONE', #4761, #3196 ) ;
#4174 = DIRECTION ( 'NONE',  ( 1.000000000000000000, 0.000000000000000000, 0.000000000000000000 ) ) ;
#4175 = EDGE_LOOP ( 'NONE', ( #5693, #3559, #6275, #5784 ) ) ;
#4176 = CARTESIAN_POINT ( 'NONE',  ( 16.73648137423847970, 17.10149476870488527, -26.75499999999983558 ) ) ;
#4177 = ORIENTED_EDGE ( 'NONE', *, *, #5910, .T. ) ;
#4178 = CARTESIAN_POINT ( 'NONE',  ( 3.759199999999999875, 9.373494768704960123, 22.35300000001660337 ) ) ;
#4179 = CARTESIAN_POINT ( 'NONE',  ( 10.16000000000000014, 6.981494768704890497, 12.04500000001662130 ) ) ;
#4180 = VERTEX_POINT ( 'NONE', #206 ) ;
#4181 = DIRECTION ( 'NONE',  ( 0.000000000000000000, 0.000000000000000000, -1.000000000000000000 ) ) ;
#4182 = CIRCLE ( 'NONE', #160, 3.251199999999999424 ) ;
#4183 = ORIENTED_EDGE ( 'NONE', *, *, #5, .T. ) ;
#4184 = DIRECTION ( 'NONE',  ( 0.000000000000000000, 0.000000000000000000, -1.000000000000000000 ) ) ;
#4185 = EDGE_CURVE ( 'NONE', #4818, #2050, #3639, .T. ) ;
#4186 = CIRCLE ( 'NONE', #5022, 1.015999999999999570 ) ;
#4187 = CARTESIAN_POINT ( 'NONE',  ( 0.5000000000000004441, 17.10149476870488527, -28.32999999999983487 ) ) ;
#4188 = VERTEX_POINT ( 'NONE', #2668 ) ;
#4189 = CARTESIAN_POINT ( 'NONE',  ( 10.16000000000000014, 5.614294768704970018, -13.42819999998338076 ) ) ;
#4190 = CARTESIAN_POINT ( 'NONE',  ( 0.5000000000000056621, -2.452586502005110081, 0.000000000000000000 ) ) ;
#4191 = LINE ( 'NONE', #277, #2260 ) ;
#4192 = EDGE_CURVE ( 'NONE', #4947, #1971, #5515, .T. ) ;
#4193 = CIRCLE ( 'NONE', #4716, 1.574999999999999956 ) ;
#4194 = VERTEX_POINT ( 'NONE', #663 ) ;
#4195 = EDGE_LOOP ( 'NONE', ( #3005, #5812, #4264, #3672 ) ) ;
#4196 = CIRCLE ( 'NONE', #3788, 0.5079999999999997851 ) ;
#4197 = CARTESIAN_POINT ( 'NONE',  ( 0.5000000000000056621, 0.000000000000000000, -11.95499999998338048 ) ) ;
#4198 = FACE_OUTER_BOUND ( 'NONE', #724, .T. ) ;
#4199 = EDGE_LOOP ( 'NONE', ( #399, #1695, #1372, #239 ) ) ;
#4200 = CARTESIAN_POINT ( 'NONE',  ( 3.658025550992284103, 7.018987924403230494, 21.85514903295170086 ) ) ;
#4201 = AXIS2_PLACEMENT_3D ( 'NONE', #4996, #552, #3536 ) ;
#4202 = VERTEX_POINT ( 'NONE', #1145 ) ;
#4203 = EDGE_CURVE ( 'NONE', #2192, #3675, #3954, .T. ) ;
#4204 = CYLINDRICAL_SURFACE ( 'NONE', #5038, 0.5080000000000001181 ) ;
#4205 = CARTESIAN_POINT ( 'NONE',  ( 16.73648137423847970, 48.10149476870488883, -28.32999999999983487 ) ) ;
#4206 = DIRECTION ( 'NONE',  ( 0.000000000000000000, 0.000000000000000000, 1.000000000000000000 ) ) ;
#4207 = DIRECTION ( 'NONE',  ( -1.000000000000000000, 0.000000000000000000, 0.000000000000000000 ) ) ;
#4208 = ORIENTED_EDGE ( 'NONE', *, *, #6291, .F. ) ;
#4209 = PLANE ( 'NONE',  #2004 ) ;
#4210 = EDGE_CURVE ( 'NONE', #3851, #5317, #2716, .T. ) ;
#4211 = EDGE_LOOP ( 'NONE', ( #5745, #644, #1092, #3239, #5348, #2395, #4577, #5860 ) ) ;
#4212 = CARTESIAN_POINT ( 'NONE',  ( 0.000000000000000000, -1.952586502005099423, -14.40652624641310986 ) ) ;
#4213 = CARTESIAN_POINT ( 'NONE',  ( 9.652000000000001023, -5.473161398043879800, -19.63224960392044949 ) ) ;
#4214 = CARTESIAN_POINT ( 'NONE',  ( 5.751199999999999868, 17.10149476870488527, 24.17000000000017224 ) ) ;
#4215 = AXIS2_PLACEMENT_3D ( 'NONE', #5300, #3363, #444 ) ;
#4216 = ORIENTED_EDGE ( 'NONE', *, *, #2152, .T. ) ;
#4217 = CARTESIAN_POINT ( 'NONE',  ( 10.16000000000000014, 5.981494768704890497, -10.95499999998338048 ) ) ;
#4218 = EDGE_LOOP ( 'NONE', ( #6438, #1780, #2783, #4145 ) ) ;
#4219 = FACE_OUTER_BOUND ( 'NONE', #6320, .T. ) ;
#4220 = VECTOR ( 'NONE', #2806, 1000.000000000000000 ) ;
#4221 = LINE ( 'NONE', #6199, #2280 ) ;
#4222 = AXIS2_PLACEMENT_3D ( 'NONE', #4009, #582, #2083 ) ;
#4223 = CARTESIAN_POINT ( 'NONE',  ( 0.5000000000000056621, 6.981494768704890497, 2.632818015800354723E-16 ) ) ;
#4224 = ADVANCED_FACE ( 'NONE', ( #2703 ), #29, .T. ) ;
#4225 = CARTESIAN_POINT ( 'NONE',  ( 8.251199999999903056, 17.10149476870488527, -28.32999999999983487 ) ) ;
#4226 = ORIENTED_EDGE ( 'NONE', *, *, #74, .F. ) ;
#4227 = AXIS2_PLACEMENT_3D ( 'NONE', #6217, #2212, #2790 ) ;
#4228 = CIRCLE ( 'NONE', #1229, 2.751200000000009194 ) ;
#4229 = DIRECTION ( 'NONE',  ( -1.000000000000000000, -0.000000000000000000, -0.000000000000000000 ) ) ;
#4230 = ORIENTED_EDGE ( 'NONE', *, *, #6291, .T. ) ;
#4231 = LINE ( 'NONE', #216, #5744 ) ;
#4232 = FACE_OUTER_BOUND ( 'NONE', #5720, .T. ) ;
#4233 = UNCERTAINTY_MEASURE_WITH_UNIT (LENGTH_MEASURE( 1.000000000000000082E-05 ), #5815, 'distance_accuracy_value', 'NONE');
#4234 = DIRECTION ( 'NONE',  ( -1.000000000000000000, -0.000000000000000000, -0.000000000000000000 ) ) ;
#4235 = ORIENTED_EDGE ( 'NONE', *, *, #1483, .F. ) ;
#4236 = ADVANCED_FACE ( 'NONE', ( #4706 ), #300, .F. ) ;
#4237 = CARTESIAN_POINT ( 'NONE',  ( 10.16000000000000014, -6.743161398043880261, -21.84104724382974894 ) ) ;
#4238 = ORIENTED_EDGE ( 'NONE', *, *, #3248, .T. ) ;
#4239 = CARTESIAN_POINT ( 'NONE',  ( 3.251200000000000312, 48.10149476870488883, -28.32999999999983487 ) ) ;
#4240 = CONICAL_SURFACE ( 'NONE', #1439, 1.574999999999999956, 0.7853981633974721488 ) ;
#4241 =( LENGTH_UNIT ( ) NAMED_UNIT ( * ) SI_UNIT ( .MILLI., .METRE. ) );
#4242 = AXIS2_PLACEMENT_3D ( 'NONE', #5273, #5913, #2429 ) ;
#4243 = EDGE_CURVE ( 'NONE', #4368, #1759, #228, .T. ) ;
#4244 = LINE ( 'NONE', #5782, #6008 ) ;
#4245 = CARTESIAN_POINT ( 'NONE',  ( 0.000000000000000000, -4.609811911349869895, -16.64259677047479968 ) ) ;
#4246 = DIRECTION ( 'NONE',  ( 0.000000000000000000, 0.000000000000000000, -1.000000000000000000 ) ) ;
#4247 = EDGE_LOOP ( 'NONE', ( #26, #1113, #627, #65 ) ) ;
#4248 = CARTESIAN_POINT ( 'NONE',  ( 3.251223139156125264, 9.095780001022541583, 22.30924344156141359 ) ) ;
#4249 = ORIENTED_EDGE ( 'NONE', *, *, #5835, .F. ) ;
#4250 = VECTOR ( 'NONE', #2575, 1000.000000000000000 ) ;
#4251 = CARTESIAN_POINT ( 'NONE',  ( 0.3332567334408436110, -2.285843235445946142, -14.60123845345246352 ) ) ;
#4252 = DIRECTION ( 'NONE',  ( -1.000000000000000000, -0.000000000000000000, -0.000000000000000000 ) ) ;
#4253 = EDGE_CURVE ( 'NONE', #462, #4691, #5656, .T. ) ;
#4254 = DIRECTION ( 'NONE',  ( 0.000000000000000000, 0.000000000000000000, -1.000000000000000000 ) ) ;
#4255 = VECTOR ( 'NONE', #2045, 1000.000000000000000 ) ;
#4256 = VERTEX_POINT ( 'NONE', #5730 ) ;
#4257 = DIRECTION ( 'NONE',  ( 0.000000000000000000, 0.000000000000000000, -1.000000000000000000 ) ) ;
#4258 = DIRECTION ( 'NONE',  ( 0.000000000000000000, 1.000000000000000000, 0.000000000000000000 ) ) ;
#4259 = CIRCLE ( 'NONE', #3227, 0.5080000000000015614 ) ;
#4260 = EDGE_CURVE ( 'NONE', #5903, #2715, #1470, .T. ) ;
#4261 = DIRECTION ( 'NONE',  ( 0.000000000000000000, 0.000000000000000000, -1.000000000000000000 ) ) ;
#4262 = VECTOR ( 'NONE', #3842, 1000.000000000000000 ) ;
#4263 = CARTESIAN_POINT ( 'NONE',  ( 3.643878308072969308, 7.153764559654119282, -23.57808117540386306 ) ) ;
#4264 = ORIENTED_EDGE ( 'NONE', *, *, #3689, .F. ) ;
#4265 = CIRCLE ( 'NONE', #1464, 1.200000000000315481 ) ;
#4266 = DIRECTION ( 'NONE',  ( 0.000000000000000000, 0.000000000000000000, -1.000000000000000000 ) ) ;
#4267 = ORIENTED_EDGE ( 'NONE', *, *, #655, .F. ) ;
#4268 = CARTESIAN_POINT ( 'NONE',  ( 10.16000000000000014, 6.473494768704890490, 19.86380000001660306 ) ) ;
#4269 = DIRECTION ( 'NONE',  ( -1.000000000000000000, 0.000000000000000000, 0.000000000000000000 ) ) ;
#4270 = AXIS2_PLACEMENT_3D ( 'NONE', #4553, #6071, #6040 ) ;
#4271 = ORIENTED_EDGE ( 'NONE', *, *, #2080, .T. ) ;
#4272 = DIRECTION ( 'NONE',  ( -1.000000000000000000, -0.000000000000000000, -0.000000000000000000 ) ) ;
#4273 = EDGE_LOOP ( 'NONE', ( #5499, #6345 ) ) ;
#4274 = DIRECTION ( 'NONE',  ( 0.000000000000000000, 1.000000000000000000, 2.056801944749074694E-16 ) ) ;
#4275 = CIRCLE ( 'NONE', #1897, 0.5080000000000001181 ) ;
#4276 = EDGE_CURVE ( 'NONE', #1281, #1876, #763, .T. ) ;
#4277 = CARTESIAN_POINT ( 'NONE',  ( 7.951199999999892576, 17.10149476870488527, 29.67000000000017579 ) ) ;
#4278 = AXIS2_PLACEMENT_3D ( 'NONE', #5231, #797, #3298 ) ;
#4279 = DIRECTION ( 'NONE',  ( -0.7071067811865435759, 0.7071067811865515695, 0.000000000000000000 ) ) ;
#4280 = CARTESIAN_POINT ( 'NONE',  ( 0.5080000000000000071, -5.473161398043879800, -18.13364960392044978 ) ) ;
#4281 = EDGE_LOOP ( 'NONE', ( #2749, #5274, #6310, #2398 ) ) ;
#4282 = CARTESIAN_POINT ( 'NONE',  ( 3.321938197089940648, 8.491516704967581930, 22.09383599210030624 ) ) ;
#4283 = ORIENTED_EDGE ( 'NONE', *, *, #2785, .T. ) ;
#4284 = CARTESIAN_POINT ( 'NONE',  ( 0.5000000000000052180, 55.60149476870499541, -36.82999999999999829 ) ) ;
#4285 = ADVANCED_FACE ( 'NONE', ( #3223 ), #3187, .F. ) ;
#4286 = CARTESIAN_POINT ( 'NONE',  ( 0.000000000000000000, 6.630294768704969144, -26.78688693560660283 ) ) ;
#4287 = DIRECTION ( 'NONE',  ( 0.000000000000000000, 0.000000000000000000, -1.000000000000000000 ) ) ;
#4288 = CARTESIAN_POINT ( 'NONE',  ( 0.000000000000000000, 17.10149476870488527, 31.74500000000016797 ) ) ;
#4289 = ORIENTED_EDGE ( 'NONE', *, *, #551, .T. ) ;
#4290 = CARTESIAN_POINT ( 'NONE',  ( -1.084202172485503941E-16, -5.473161398043879800, -21.13084960392049894 ) ) ;
#4291 = CARTESIAN_POINT ( 'NONE',  ( 3.677260991314636573, 6.767377789030454061, 21.84789054780017281 ) ) ;
#4292 = EDGE_CURVE ( 'NONE', #3606, #1678, #130, .T. ) ;
#4293 = CARTESIAN_POINT ( 'NONE',  ( -1.084202172485503941E-16, -5.473161398043879800, -18.13364960392044978 ) ) ;
#4294 = DIRECTION ( 'NONE',  ( 1.000000000000000000, 0.000000000000000000, 0.000000000000000000 ) ) ;
#4295 = DIRECTION ( 'NONE',  ( 1.000000000000000000, 0.000000000000000000, 0.000000000000000000 ) ) ;
#4296 = CARTESIAN_POINT ( 'NONE',  ( 0.000000000000000000, 13.13269476870496177, 33.57880000000000109 ) ) ;
#4297 = CARTESIAN_POINT ( 'NONE',  ( 10.16000000000000014, -1.944586502005110074, -12.46299999998337960 ) ) ;
#4298 = ADVANCED_FACE ( 'NONE', ( #267 ), #2252, .T. ) ;
#4299 = ORIENTED_EDGE ( 'NONE', *, *, #5024, .F. ) ;
#4300 = CARTESIAN_POINT ( 'NONE',  ( 0.000000000000000000, -1.102755973442474026E-14, -36.32999999999997698 ) ) ;
#4301 = ORIENTED_EDGE ( 'NONE', *, *, #4724, .F. ) ;
#4302 = CARTESIAN_POINT ( 'NONE',  ( 3.633542822779742387, 7.114012730834751608, 21.86073126125647192 ) ) ;
#4303 = PLANE ( 'NONE',  #1831 ) ;
#4304 = AXIS2_PLACEMENT_3D ( 'NONE', #5319, #3860, #1420 ) ;
#4305 = CIRCLE ( 'NONE', #1509, 1.008000000000008889 ) ;
#4306 = CARTESIAN_POINT ( 'NONE',  ( 10.16000000000000014, -3.771622585859060184, 16.05380000001660079 ) ) ;
#4307 = CARTESIAN_POINT ( 'NONE',  ( 8.251199999999903056, 48.10149476870488883, 29.67000000000017579 ) ) ;
#4308 = EDGE_CURVE ( 'NONE', #4256, #186, #1164, .T. ) ;
#4309 = DIRECTION ( 'NONE',  ( 0.7071067811865306973, 8.659560562355138702E-17, 0.7071067811865644481 ) ) ;
#4310 = ORIENTED_EDGE ( 'NONE', *, *, #1675, .F. ) ;
#4311 = CARTESIAN_POINT ( 'NONE',  ( 3.744565987048920963, 6.686311155052187871, 21.84515798044504820 ) ) ;
#4312 = EDGE_LOOP ( 'NONE', ( #5130, #4023, #5916, #3597 ) ) ;
#4313 = DIRECTION ( 'NONE',  ( -1.000000000000000000, 0.000000000000000000, 0.000000000000000000 ) ) ;
#4314 = CARTESIAN_POINT ( 'NONE',  ( 2.751199999999998980, 8.847843894287153788, 22.71864299425844536 ) ) ;
#4315 = CARTESIAN_POINT ( 'NONE',  ( 0.5080000000000000071, -4.176325725603429430E-15, -13.42819999998338076 ) ) ;
#4316 = CARTESIAN_POINT ( 'NONE',  ( 0.5000000000000056621, -8.994361398043880129, -23.65299999999444935 ) ) ;
#4317 = EDGE_CURVE ( 'NONE', #4601, #550, #400, .T. ) ;
#4318 = VERTEX_POINT ( 'NONE', #4290 ) ;
#4319 = CARTESIAN_POINT ( 'NONE',  ( 0.5080000000000000071, 1.306613497994890016, 18.84780000001660127 ) ) ;
#4320 = DIRECTION ( 'NONE',  ( 0.000000000000000000, 0.000000000000000000, -1.000000000000000000 ) ) ;
#4321 = VECTOR ( 'NONE', #6307, 1000.000000000000000 ) ;
#4322 = LINE ( 'NONE', #3358, #6109 ) ;
#4323 = EDGE_CURVE ( 'NONE', #1678, #21, #4480, .T. ) ;
#4324 = FACE_OUTER_BOUND ( 'NONE', #1354, .T. ) ;
#4325 = VERTEX_POINT ( 'NONE', #919 ) ;
#4326 = LINE ( 'NONE', #5802, #22 ) ;
#4327 = EDGE_LOOP ( 'NONE', ( #6375, #6257, #6097, #3078 ) ) ;
#4328 = VECTOR ( 'NONE', #2289, 1000.000000000000000 ) ;
#4329 = FACE_OUTER_BOUND ( 'NONE', #5196, .T. ) ;
#4330 = FACE_OUTER_BOUND ( 'NONE', #269, .T. ) ;
#4331 = ORIENTED_EDGE ( 'NONE', *, *, #4717, .F. ) ;
#4332 = AXIS2_PLACEMENT_3D ( 'NONE', #4021, #6037, #2937 ) ;
#4333 = EDGE_LOOP ( 'NONE', ( #4523, #3864, #1982, #5590 ) ) ;
#4334 = CIRCLE ( 'NONE', #6120, 3.000000000000002665 ) ;
#4335 = ADVANCED_FACE ( 'NONE', ( #5258 ), #2835, .F. ) ;
#4336 = CARTESIAN_POINT ( 'NONE',  ( 0.000000000000000000, -4.602883708119607675, -16.63859677047480190 ) ) ;
#4337 = VERTEX_POINT ( 'NONE', #823 ) ;
#4338 = CARTESIAN_POINT ( 'NONE',  ( 0.5080000000000000071, 7.489494768704889616, 16.04220000001659940 ) ) ;
#4339 = EDGE_LOOP ( 'NONE', ( #260, #3958, #3534, #2194 ) ) ;
#4340 = CIRCLE ( 'NONE', #4548, 0.5079999999999997851 ) ;
#4341 = CARTESIAN_POINT ( 'NONE',  ( 0.5080000000000000071, 1.843128931162770101, -14.90104811312055944 ) ) ;
#4342 = DIRECTION ( 'NONE',  ( 0.000000000000000000, 1.000000000000000000, 0.000000000000000000 ) ) ;
#4343 = CARTESIAN_POINT ( 'NONE',  ( 0.5080000000000000071, 6.473494768704890490, 16.04220000001659940 ) ) ;
#4344 = ORIENTED_EDGE ( 'NONE', *, *, #3226, .F. ) ;
#4345 = CARTESIAN_POINT ( 'NONE',  ( 0.5000000000000056621, -5.971622585859059029, 16.56180000001660346 ) ) ;
#4346 = EDGE_LOOP ( 'NONE', ( #5775, #2939, #2362, #4267 ) ) ;
#4347 = CARTESIAN_POINT ( 'NONE',  ( 3.558767363249115245, 7.409073432946836846, 21.88596859893773683 ) ) ;
#4348 = DIRECTION ( 'NONE',  ( 0.000000000000000000, 0.000000000000000000, -1.000000000000000000 ) ) ;
#4349 = CARTESIAN_POINT ( 'NONE',  ( 7.951199999999901458, 48.10149476870488883, -29.90499999999983416 ) ) ;
#4350 = AXIS2_PLACEMENT_3D ( 'NONE', #5809, #4817, #418 ) ;
#4351 = DIRECTION ( 'NONE',  ( -1.000000000000000000, -0.000000000000000000, -0.000000000000000000 ) ) ;
#4352 = DIRECTION ( 'NONE',  ( 0.000000000000000000, 1.000000000000000000, -1.224646799147353207E-16 ) ) ;
#4353 = EDGE_LOOP ( 'NONE', ( #2702, #3314, #4545, #1005 ) ) ;
#4354 = DIRECTION ( 'NONE',  ( 1.000000000000000000, 0.000000000000000000, 0.000000000000000000 ) ) ;
#4355 = PLANE ( 'NONE',  #1096 ) ;
#4356 = EDGE_CURVE ( 'NONE', #3049, #6100, #3768, .T. ) ;
#4357 = CONICAL_SURFACE ( 'NONE', #2294, 1.574999999999999956, 0.7853981633974721488 ) ;
#4358 = CARTESIAN_POINT ( 'NONE',  ( 0.5080000000000000071, 0.7986134979948910084, 16.04220000001659940 ) ) ;
#4359 = CARTESIAN_POINT ( 'NONE',  ( 5.751199999999999868, 48.10149476870488883, -22.82999999999983132 ) ) ;
#4360 = ORIENTED_EDGE ( 'NONE', *, *, #6159, .T. ) ;
#4361 = DIRECTION ( 'NONE',  ( -0.7071067811865342501, 0.000000000000000000, 0.7071067811865607844 ) ) ;
#4362 = AXIS2_PLACEMENT_3D ( 'NONE', #3850, #3433, #1913 ) ;
#4363 = DIRECTION ( 'NONE',  ( 0.000000000000000000, -1.000000000000000000, 0.000000000000000000 ) ) ;
#4364 = DIRECTION ( 'NONE',  ( 0.000000000000000000, 0.000000000000000000, -1.000000000000000000 ) ) ;
#4365 = EDGE_LOOP ( 'NONE', ( #871, #2833 ) ) ;
#4366 = EDGE_CURVE ( 'NONE', #1686, #4828, #5861, .T. ) ;
#4367 = AXIS2_PLACEMENT_3D ( 'NONE', #181, #2677, #702 ) ;
#4368 = VERTEX_POINT ( 'NONE', #1331 ) ;
#4369 = DIRECTION ( 'NONE',  ( 0.000000000000000000, 0.000000000000000000, 1.000000000000000000 ) ) ;
#4370 = VERTEX_POINT ( 'NONE', #1928 ) ;
#4371 = LINE ( 'NONE', #5576, #3925 ) ;
#4372 = CARTESIAN_POINT ( 'NONE',  ( 9.652000000000001023, 1.814613497994890023, 19.86380000001660306 ) ) ;
#4373 = ORIENTED_EDGE ( 'NONE', *, *, #1755, .T. ) ;
#4374 = ORIENTED_EDGE ( 'NONE', *, *, #4243, .T. ) ;
#4375 = VECTOR ( 'NONE', #5803, 1000.000000000000000 ) ;
#4376 = VECTOR ( 'NONE', #4361, 1000.000000000000114 ) ;
#4377 = EDGE_CURVE ( 'NONE', #5854, #3101, #542, .T. ) ;
#4378 = CARTESIAN_POINT ( 'NONE',  ( 2.771450994413257707, 8.518171343836993259, -24.13976580251387816 ) ) ;
#4379 = CIRCLE ( 'NONE', #5518, 1.574999999999999956 ) ;
#4380 = EDGE_LOOP ( 'NONE', ( #3508, #1573, #1073, #5493 ) ) ;
#4381 = DIRECTION ( 'NONE',  ( 0.000000000000000000, 0.000000000000000000, 1.000000000000000000 ) ) ;
#4382 = VERTEX_POINT ( 'NONE', #2349 ) ;
#4383 = CARTESIAN_POINT ( 'NONE',  ( 0.5000000000000056621, -2.531718521696844696E-14, 16.05380000001665053 ) ) ;
#4384 = EDGE_CURVE ( 'NONE', #1759, #5695, #858, .T. ) ;
#4385 = DIRECTION ( 'NONE',  ( -1.000000000000000000, 0.000000000000000000, 0.000000000000000000 ) ) ;
#4386 = AXIS2_PLACEMENT_3D ( 'NONE', #57, #1032, #5043 ) ;
#4387 = CARTESIAN_POINT ( 'NONE',  ( 2.751199999999998536, 9.881494768704969900, -33.57880000000000109 ) ) ;
#4388 = VERTEX_POINT ( 'NONE', #4319 ) ;
#4389 = PLANE ( 'NONE',  #6376 ) ;
#4390 = CARTESIAN_POINT ( 'NONE',  ( 3.266218243105128316, 7.474848465006349585, 21.95658754255218881 ) ) ;
#4391 = B_SPLINE_CURVE_WITH_KNOTS ( 'NONE', 3,
 ( #4489, #2448, #1963, #2027, #6429, #4455, #559, #5969, #1018, #2997, #4974, #5999, #44, #3987, #1053, #6366, #6127, #6068, #142, #5527, #6160, #4611, #4149, #4549, #75, #5554, #722 ),
 .UNSPECIFIED., .F., .F.,
 ( 4, 2, 1, 1, 2, 2, 2, 1, 2, 2, 2, 2, 2, 2, 4 ),
 ( 0.000000000000000000, 0.1250000000000085487, 0.1875000000000109912, 0.2187500000000124900, 0.2343750000000128231, 0.2500000000000131561, 0.3750000000000094924, 0.4375000000000072164, 0.4687500000000060507, 0.5000000000000048850, 0.6250000000000071054, 0.6875000000000058842, 0.7500000000000047740, 0.8750000000000024425, 1.000000000000000000 ),
 .UNSPECIFIED. ) ;
#4392 = DIRECTION ( 'NONE',  ( 0.000000000000000000, -1.000000000000000000, 0.000000000000000000 ) ) ;
#4393 = CARTESIAN_POINT ( 'NONE',  ( 10.16000000000000014, -5.473161398043879800, -20.62284960392049982 ) ) ;
#4394 = CARTESIAN_POINT ( 'NONE',  ( 3.657528579737031826, 7.137416669775118905, -23.57547460633140801 ) ) ;
#4395 = EDGE_CURVE ( 'NONE', #3982, #5729, #235, .T. ) ;
#4396 = DIRECTION ( 'NONE',  ( 0.000000000000000000, 0.000000000000000000, -1.000000000000000000 ) ) ;
#4397 = LINE ( 'NONE', #6404, #1158 ) ;
#4398 = DIRECTION ( 'NONE',  ( -1.000000000000000000, -0.000000000000000000, -0.000000000000000000 ) ) ;
#4399 = VERTEX_POINT ( 'NONE', #5828 ) ;
#4400 = EDGE_LOOP ( 'NONE', ( #1417, #3815, #6113, #6238 ) ) ;
#4401 = CYLINDRICAL_SURFACE ( 'NONE', #4029, 0.5080000000000015614 ) ;
#4402 = ORIENTED_EDGE ( 'NONE', *, *, #1962, .T. ) ;
#4403 = ADVANCED_FACE ( 'NONE', ( #5290 ), #1363, .F. ) ;
#4404 = CARTESIAN_POINT ( 'NONE',  ( 10.16000000000000014, -4.609811911349869895, -16.64259677047479968 ) ) ;
#4405 = EDGE_LOOP ( 'NONE', ( #5687, #4283, #379, #1007, #4429, #888 ) ) ;
#4406 = VECTOR ( 'NONE', #5259, 1000.000000000000000 ) ;
#4407 = CARTESIAN_POINT ( 'NONE',  ( 3.078970961591411815, 7.880573677127638454, -23.78557783143961757 ) ) ;
#4408 = ORIENTED_EDGE ( 'NONE', *, *, #2620, .F. ) ;
#4409 = EDGE_CURVE ( 'NONE', #2468, #3982, #546, .T. ) ;
#4410 = LINE ( 'NONE', #4443, #2088 ) ;
#4411 = ORIENTED_EDGE ( 'NONE', *, *, #5846, .T. ) ;
#4412 = CARTESIAN_POINT ( 'NONE',  ( 3.350718673229302613, 8.364734375963005064, -23.72804594120028909 ) ) ;
#4413 = CIRCLE ( 'NONE', #4519, 0.5080000000000015614 ) ;
#4414 = DIRECTION ( 'NONE',  ( 1.000000000000000000, 0.000000000000000000, 0.000000000000000000 ) ) ;
#4415 = CARTESIAN_POINT ( 'NONE',  ( 7.951199999999892576, 48.10149476870488883, 29.67000000000017579 ) ) ;
#4416 = ADVANCED_FACE ( 'NONE', ( #4905 ), #5792, .F. ) ;
#4417 = VERTEX_POINT ( 'NONE', #337 ) ;
#4418 = CARTESIAN_POINT ( 'NONE',  ( 10.16000000000000014, 9.881494768704969900, 7.652303224555309771E-16 ) ) ;
#4419 = AXIS2_PLACEMENT_3D ( 'NONE', #431, #3795, #6393 ) ;
#4420 = CARTESIAN_POINT ( 'NONE',  ( 7.951199999999901458, 48.10149476870488883, 31.24500000000017508 ) ) ;
#4421 = AXIS2_PLACEMENT_3D ( 'NONE', #2271, #5242, #5414 ) ;
#4422 = DIRECTION ( 'NONE',  ( 0.000000000000000000, -0.4295402710562666315, -0.9030477039120962113 ) ) ;
#4423 = DIRECTION ( 'NONE',  ( -0.7071067811865521247, 8.659560562354877391E-17, -0.7071067811865430208 ) ) ;
#4424 = EDGE_CURVE ( 'NONE', #2459, #5082, #2723, .T. ) ;
#4425 = CARTESIAN_POINT ( 'NONE',  ( 7.951199999999901458, 17.10149476870488527, 31.24500000000017508 ) ) ;
#4426 = EDGE_LOOP ( 'NONE', ( #669, #833, #428, #1474 ) ) ;
#4427 = CARTESIAN_POINT ( 'NONE',  ( 9.652000000000001023, 6.981494768704890497, 18.84780000001660127 ) ) ;
#4428 = FACE_OUTER_BOUND ( 'NONE', #3726, .T. ) ;
#4429 = ORIENTED_EDGE ( 'NONE', *, *, #2144, .F. ) ;
#4430 = ADVANCED_FACE ( 'NONE', ( #1396, #5324 ), #4389, .T. ) ;
#4431 = DIRECTION ( 'NONE',  ( 0.000000000000000000, 0.000000000000000000, -1.000000000000000000 ) ) ;
#4432 = ORIENTED_EDGE ( 'NONE', *, *, #3522, .F. ) ;
#4433 = AXIS2_PLACEMENT_3D ( 'NONE', #2738, #5079, #2561 ) ;
#4434 = FACE_OUTER_BOUND ( 'NONE', #4722, .T. ) ;
#4435 = ORIENTED_EDGE ( 'NONE', *, *, #4527, .T. ) ;
#4436 = ORIENTED_EDGE ( 'NONE', *, *, #6145, .T. ) ;
#4437 = AXIS2_PLACEMENT_3D ( 'NONE', #4117, #4583, #1594 ) ;
#4438 = ADVANCED_FACE ( 'NONE', ( #3386 ), #4873, .F. ) ;
#4439 = EDGE_CURVE ( 'NONE', #4856, #1874, #2417, .T. ) ;
#4440 = CARTESIAN_POINT ( 'NONE',  ( 10.16000000000000014, -5.463622585859059910, 16.56180000001660346 ) ) ;
#4441 = CARTESIAN_POINT ( 'NONE',  ( 2.751210246626426770, 8.645363119855522527, -24.23472455553190841 ) ) ;
#4442 = ORIENTED_EDGE ( 'NONE', *, *, #1682, .F. ) ;
#4443 = CARTESIAN_POINT ( 'NONE',  ( 2.751199999999998536, 9.881494768704969900, 33.57880000000000109 ) ) ;
#4444 = ORIENTED_EDGE ( 'NONE', *, *, #1621, .F. ) ;
#4445 = CONICAL_SURFACE ( 'NONE', #2065, 1.500000000000009992, 0.7853981633974526089 ) ;
#4446 = DIRECTION ( 'NONE',  ( -1.000000000000000000, 0.000000000000000000, 0.000000000000000000 ) ) ;
#4447 = ADVANCED_FACE ( 'NONE', ( #41 ), #4487, .T. ) ;
#4448 = VECTOR ( 'NONE', #583, 1000.000000000000000 ) ;
#4449 = FACE_OUTER_BOUND ( 'NONE', #5304, .T. ) ;
#4450 = EDGE_LOOP ( 'NONE', ( #3405, #5924, #1209, #2310, #5514 ) ) ;
#4451 = CARTESIAN_POINT ( 'NONE',  ( 2.751199999999998536, 55.60149476870500251, 33.57880000000000109 ) ) ;
#4452 = VECTOR ( 'NONE', #2646, 1000.000000000000000 ) ;
#4453 = DIRECTION ( 'NONE',  ( 1.000000000000000000, 0.000000000000000000, 0.000000000000000000 ) ) ;
#4454 = EDGE_CURVE ( 'NONE', #4856, #5569, #3959, .T. ) ;
#4455 = CARTESIAN_POINT ( 'NONE',  ( 3.478606351401546615, 7.902208207146169450, -23.66261050540712318 ) ) ;
#4456 = CIRCLE ( 'NONE', #1343, 0.007999999999988918753 ) ;
#4457 = CARTESIAN_POINT ( 'NONE',  ( 0.5000000000000052180, 55.60149476870499541, 33.57880000000000109 ) ) ;
#4458 = CARTESIAN_POINT ( 'NONE',  ( 0.000000000000000000, 23.78149476870569856, 31.39999999999335145 ) ) ;
#4459 = EDGE_LOOP ( 'NONE', ( #411, #2816, #2524, #4118 ) ) ;
#4460 = CARTESIAN_POINT ( 'NONE',  ( 3.759199999999999875, 9.881494768704969900, 21.33700000001659802 ) ) ;
#4461 = CARTESIAN_POINT ( 'NONE',  ( 10.16000000000000014, -3.733161398045110158, -17.14499999999999957 ) ) ;
#4462 = EDGE_LOOP ( 'NONE', ( #4499, #3025, #2634, #4900 ) ) ;
#4463 = CIRCLE ( 'NONE', #5285, 52.54027774584249499 ) ;
#4464 = EDGE_CURVE ( 'NONE', #266, #1239, #4546, .T. ) ;
#4465 = CARTESIAN_POINT ( 'NONE',  ( 0.000000000000000000, -2.133444254640652460, -17.64500000000001023 ) ) ;
#4466 = ORIENTED_EDGE ( 'NONE', *, *, #3132, .F. ) ;
#4467 = AXIS2_PLACEMENT_3D ( 'NONE', #5570, #5513, #1038 ) ;
#4468 = FACE_OUTER_BOUND ( 'NONE', #3700, .T. ) ;
#4469 = VERTEX_POINT ( 'NONE', #5453 ) ;
#4470 = CARTESIAN_POINT ( 'NONE',  ( 3.404240498013539007, 8.067141089989425140, 21.98820662816934401 ) ) ;
#4471 = AXIS2_PLACEMENT_3D ( 'NONE', #3684, #2236, #2301 ) ;
#4472 = FACE_OUTER_BOUND ( 'NONE', #2981, .T. ) ;
#4473 = ORIENTED_EDGE ( 'NONE', *, *, #5596, .T. ) ;
#4474 = DIRECTION ( 'NONE',  ( -0.7071067811865353603, 0.000000000000000000, 0.7071067811865597852 ) ) ;
#4475 = AXIS2_PLACEMENT_3D ( 'NONE', #4027, #2518, #4554 ) ;
#4476 = ORIENTED_EDGE ( 'NONE', *, *, #5153, .T. ) ;
#4477 = CIRCLE ( 'NONE', #3740, 0.5079999999999997851 ) ;
#4478 = EDGE_CURVE ( 'NONE', #176, #3257, #648, .T. ) ;
#4479 = CARTESIAN_POINT ( 'NONE',  ( 2.905654104060298781, 8.169108735863131798, -23.92275661383143159 ) ) ;
#4480 = CIRCLE ( 'NONE', #1680, 0.5080000000000000071 ) ;
#4481 = LINE ( 'NONE', #1042, #1223 ) ;
#4482 = CARTESIAN_POINT ( 'NONE',  ( 9.652000000000001023, 1.814613497994890023, 16.04220000001659940 ) ) ;
#4483 = ORIENTED_EDGE ( 'NONE', *, *, #2639, .T. ) ;
#4484 = DIRECTION ( 'NONE',  ( 0.000000000000000000, 0.000000000000000000, -1.000000000000000000 ) ) ;
#4485 = EDGE_CURVE ( 'NONE', #4094, #762, #491, .T. ) ;
#4486 = EDGE_LOOP ( 'NONE', ( #4887, #1182, #6223, #5909 ) ) ;
#4487 = TOROIDAL_SURFACE ( 'NONE', #2418, 1.016000000000000014, 0.5080000000000000071 ) ;
#4488 = CARTESIAN_POINT ( 'NONE',  ( 2.947020368962990133, 8.109169120538348707, 22.20031109802357960 ) ) ;
#4489 = CARTESIAN_POINT ( 'NONE',  ( 3.584756938592730702, 7.557776880929980123, -23.62175081971323820 ) ) ;
#4490 = AXIS2_PLACEMENT_3D ( 'NONE', #704, #6172, #1697 ) ;
#4491 = CARTESIAN_POINT ( 'NONE',  ( 3.251200000000000312, 13.13269476870496177, 33.57880000000000109 ) ) ;
#4492 = DIRECTION ( 'NONE',  ( -0.7071067811865439090, 0.3491379335100061043, 0.6149005638185475187 ) ) ;
#4493 = ORIENTED_EDGE ( 'NONE', *, *, #3051, .F. ) ;
#4494 = DIRECTION ( 'NONE',  ( -1.000000000000000000, -0.000000000000000000, -0.000000000000000000 ) ) ;
#4495 = EDGE_CURVE ( 'NONE', #3032, #1690, #2476, .T. ) ;
#4496 = CARTESIAN_POINT ( 'NONE',  ( 0.5080000000000000071, -5.473161398043879800, -21.13084960392049894 ) ) ;
#4497 = EDGE_LOOP ( 'NONE', ( #315, #2230, #3682, #2792 ) ) ;
#4498 = DIRECTION ( 'NONE',  ( -1.000000000000000000, 0.000000000000000000, 0.000000000000000000 ) ) ;
#4499 = ORIENTED_EDGE ( 'NONE', *, *, #3365, .T. ) ;
#4500 = DIRECTION ( 'NONE',  ( 0.000000000000000000, 3.035386659626960118E-16, 1.000000000000000000 ) ) ;
#4501 = ADVANCED_FACE ( 'NONE', ( #5996 ), #3450, .T. ) ;
#4502 = DIRECTION ( 'NONE',  ( 1.000000000000000000, 0.000000000000000000, 0.000000000000000000 ) ) ;
#4503 = DIRECTION ( 'NONE',  ( 0.000000000000000000, 0.000000000000000000, -1.000000000000000000 ) ) ;
#4504 = ORIENTED_EDGE ( 'NONE', *, *, #4724, .T. ) ;
#4505 = CARTESIAN_POINT ( 'NONE',  ( 3.358418930275442360, 8.292934660440714367, 22.04082366710379404 ) ) ;
#4506 = ORIENTED_EDGE ( 'NONE', *, *, #1349, .F. ) ;
#4507 = EDGE_LOOP ( 'NONE', ( #6208, #3767, #450 ) ) ;
#4508 = CARTESIAN_POINT ( 'NONE',  ( 2.948670123251433850, 8.089943970488560510, -23.88161826545521649 ) ) ;
#4509 = CARTESIAN_POINT ( 'NONE',  ( 0.000000000000000000, -4.021836532639918360, -17.64500000000001023 ) ) ;
#4510 = EDGE_CURVE ( 'NONE', #5747, #2536, #3140, .T. ) ;
#4511 = LINE ( 'NONE', #2658, #4448 ) ;
#4512 = CYLINDRICAL_SURFACE ( 'NONE', #3707, 0.5080000000000015614 ) ;
#4513 = EDGE_LOOP ( 'NONE', ( #5330, #539, #2888, #1505 ) ) ;
#4514 = CARTESIAN_POINT ( 'NONE',  ( 3.759199999999999875, 7.015741880279000142, -23.55861619662276496 ) ) ;
#4515 = ORIENTED_EDGE ( 'NONE', *, *, #5669, .T. ) ;
#4516 = LINE ( 'NONE', #73, #3786 ) ;
#4517 = ADVANCED_FACE ( 'NONE', ( #984 ), #5965, .F. ) ;
#4518 = DIRECTION ( 'NONE',  ( 0.000000000000000000, -7.744074559236129516E-17, 1.000000000000000000 ) ) ;
#4519 = AXIS2_PLACEMENT_3D ( 'NONE', #4178, #6189, #1715 ) ;
#4520 = ORIENTED_EDGE ( 'NONE', *, *, #3946, .F. ) ;
#4521 = DIRECTION ( 'NONE',  ( 0.000000000000000000, 0.000000000000000000, -1.000000000000000000 ) ) ;
#4522 = FACE_OUTER_BOUND ( 'NONE', #1652, .T. ) ;
#4523 = ORIENTED_EDGE ( 'NONE', *, *, #5024, .T. ) ;
#4524 = CARTESIAN_POINT ( 'NONE',  ( 0.5000000000000056621, -5.218502871315109815, -22.35004960392045348 ) ) ;
#4525 = DIRECTION ( 'NONE',  ( 0.000000000000000000, 0.000000000000000000, 1.000000000000000000 ) ) ;
#4526 = ORIENTED_EDGE ( 'NONE', *, *, #2552, .T. ) ;
#4527 = EDGE_CURVE ( 'NONE', #5673, #1409, #4379, .T. ) ;
#4528 = PLANE ( 'NONE',  #2387 ) ;
#4529 = VERTEX_POINT ( 'NONE', #5522 ) ;
#4530 = DIRECTION ( 'NONE',  ( 1.000000000000000000, 0.000000000000000000, 0.000000000000000000 ) ) ;
#4531 = FACE_OUTER_BOUND ( 'NONE', #5791, .T. ) ;
#4532 = ADVANCED_FACE ( 'NONE', ( #3056 ), #341, .T. ) ;
#4533 = CIRCLE ( 'NONE', #2978, 0.5080000000000015614 ) ;
#4534 = DIRECTION ( 'NONE',  ( 0.000000000000000000, 0.000000000000000000, -1.000000000000000000 ) ) ;
#4535 = CARTESIAN_POINT ( 'NONE',  ( 0.000000000000000000, 6.630294768704969144, -26.78688693560660283 ) ) ;
#4536 = ORIENTED_EDGE ( 'NONE', *, *, #3013, .T. ) ;
#4537 = CARTESIAN_POINT ( 'NONE',  ( 7.951199999999892576, 17.10149476870488527, 32.67000000000017934 ) ) ;
#4538 = ORIENTED_EDGE ( 'NONE', *, *, #5119, .T. ) ;
#4539 = AXIS2_PLACEMENT_3D ( 'NONE', #6111, #1129, #544 ) ;
#4540 = DIRECTION ( 'NONE',  ( 0.000000000000000000, 0.000000000000000000, -1.000000000000000000 ) ) ;
#4541 = ADVANCED_FACE ( 'NONE', ( #3026 ), #4969, .F. ) ;
#4542 = DIRECTION ( 'NONE',  ( 0.000000000000000000, 0.000000000000000000, -1.000000000000000000 ) ) ;
#4543 = CARTESIAN_POINT ( 'NONE',  ( 3.251200000000000312, 10.38149476870496457, -26.78688693560660283 ) ) ;
#4544 = CIRCLE ( 'NONE', #505, 8.839199999999998170 ) ;
#4545 = ORIENTED_EDGE ( 'NONE', *, *, #2817, .F. ) ;
#4546 = LINE ( 'NONE', #103, #3036 ) ;
#4547 = CARTESIAN_POINT ( 'NONE',  ( 2.865725561854631565, 8.312706008392542145, 22.31412288504922614 ) ) ;
#4548 = AXIS2_PLACEMENT_3D ( 'NONE', #2961, #2420, #3031 ) ;
#4549 = CARTESIAN_POINT ( 'NONE',  ( 3.264736144158966180, 8.801350906316315559, -23.82037809349280622 ) ) ;
#4550 = DIRECTION ( 'NONE',  ( 1.000000000000000000, 0.000000000000000000, 0.000000000000000000 ) ) ;
#4551 = ORIENTED_EDGE ( 'NONE', *, *, #2073, .T. ) ;
#4552 = AXIS2_PLACEMENT_3D ( 'NONE', #3504, #4351, #3412 ) ;
#4553 = CARTESIAN_POINT ( 'NONE',  ( 10.16000000000000014, -9.994361398043869471, 0.000000000000000000 ) ) ;
#4554 = DIRECTION ( 'NONE',  ( 0.000000000000000000, 0.000000000000000000, -1.000000000000000000 ) ) ;
#4555 = ADVANCED_FACE ( 'NONE', ( #6063 ), #5667, .T. ) ;
#4556 = EDGE_LOOP ( 'NONE', ( #5073, #6413, #530, #4493 ) ) ;
#4557 = VECTOR ( 'NONE', #5978, 1000.000000000000000 ) ;
#4558 = CARTESIAN_POINT ( 'NONE',  ( 0.5080000000000000071, 2.065286086174685121, -13.93619999998337988 ) ) ;
#4559 = ORIENTED_EDGE ( 'NONE', *, *, #5544, .T. ) ;
#4560 = FACE_OUTER_BOUND ( 'NONE', #4915, .T. ) ;
#4561 = VECTOR ( 'NONE', #1202, 1000.000000000000000 ) ;
#4562 = CARTESIAN_POINT ( 'NONE',  ( 0.5000000000000056621, -5.971622585859059029, 0.000000000000000000 ) ) ;
#4563 = EDGE_CURVE ( 'NONE', #1117, #4154, #3086, .T. ) ;
#4564 = AXIS2_PLACEMENT_3D ( 'NONE', #6319, #3823, #5819 ) ;
#4565 = CARTESIAN_POINT ( 'NONE',  ( 10.16000000000000014, -3.771622585859060184, 16.05380000001660079 ) ) ;
#4566 = FACE_OUTER_BOUND ( 'NONE', #4700, .T. ) ;
#4567 = ORIENTED_EDGE ( 'NONE', *, *, #3116, .T. ) ;
#4568 = CARTESIAN_POINT ( 'NONE',  ( 3.251200000000000312, 9.188879377429095996, 22.35300000001660692 ) ) ;
#4569 = VERTEX_POINT ( 'NONE', #619 ) ;
#4570 = ADVANCED_FACE ( 'NONE', ( #6425 ), #198, .F. ) ;
#4571 = CIRCLE ( 'NONE', #5721, 0.5080000000000015614 ) ;
#4572 = CYLINDRICAL_SURFACE ( 'NONE', #3990, 0.5080000000000000071 ) ;
#4573 = LINE ( 'NONE', #4010, #4024 ) ;
#4574 = CARTESIAN_POINT ( 'NONE',  ( 10.16000000000000014, -5.218502871315109815, -22.35004960392045348 ) ) ;
#4575 = AXIS2_PLACEMENT_3D ( 'NONE', #3677, #6239, #4655 ) ;
#4576 = CARTESIAN_POINT ( 'NONE',  ( 10.16000000000000014, -3.418503319182129907, -24.14499999999445023 ) ) ;
#4577 = ORIENTED_EDGE ( 'NONE', *, *, #1792, .F. ) ;
#4578 = CARTESIAN_POINT ( 'NONE',  ( 3.472195353378269012, 7.113318994665259076, 21.87960116592201132 ) ) ;
#4579 = EDGE_CURVE ( 'NONE', #6175, #386, #3251, .T. ) ;
#4580 = EDGE_LOOP ( 'NONE', ( #5410, #5049, #1805, #1021 ) ) ;
#4581 = CARTESIAN_POINT ( 'NONE',  ( 3.113996066302561427, 7.759535690661052421, 22.04738707269623532 ) ) ;
#4582 = DIRECTION ( 'NONE',  ( -1.000000000000000000, 0.000000000000000000, 0.000000000000000000 ) ) ;
#4583 = DIRECTION ( 'NONE',  ( 1.000000000000000000, 0.000000000000000000, 0.000000000000000000 ) ) ;
#4584 = ORIENTED_EDGE ( 'NONE', *, *, #3167, .F. ) ;
#4585 = VECTOR ( 'NONE', #2185, 999.9999999999998863 ) ;
#4586 = CARTESIAN_POINT ( 'NONE',  ( 0.5000000000000004441, 17.10149476870488527, -28.32999999999983487 ) ) ;
#4587 = ORIENTED_EDGE ( 'NONE', *, *, #4745, .T. ) ;
#4588 = FACE_OUTER_BOUND ( 'NONE', #1676, .T. ) ;
#4589 = ORIENTED_EDGE ( 'NONE', *, *, #368, .T. ) ;
#4590 = VECTOR ( 'NONE', #308, 1000.000000000000000 ) ;
#4591 = EDGE_CURVE ( 'NONE', #4194, #4015, #1238, .T. ) ;
#4592 = LINE ( 'NONE', #2584, #5490 ) ;
#4593 = VERTEX_POINT ( 'NONE', #3120 ) ;
#4594 = DIRECTION ( 'NONE',  ( -1.000000000000000000, 0.000000000000000000, 0.000000000000000000 ) ) ;
#4595 = CARTESIAN_POINT ( 'NONE',  ( 5.751199999999999868, 17.10149476870488527, -25.32999999999983132 ) ) ;
#4596 = EDGE_CURVE ( 'NONE', #2728, #1623, #719, .T. ) ;
#4597 = CARTESIAN_POINT ( 'NONE',  ( 9.652000000000001023, 5.240508746012099373, -16.27649996457205006 ) ) ;
#4598 = EDGE_LOOP ( 'NONE', ( #371, #3857, #1036, #3224 ) ) ;
#4599 = DIRECTION ( 'NONE',  ( 0.000000000000000000, 0.000000000000000000, 1.000000000000000000 ) ) ;
#4600 = EDGE_LOOP ( 'NONE', ( #2392, #3572 ) ) ;
#4601 = VERTEX_POINT ( 'NONE', #138 ) ;
#4602 = DIRECTION ( 'NONE',  ( 0.000000000000000000, 1.000000000000000000, 0.000000000000000000 ) ) ;
#4603 = ADVANCED_FACE ( 'NONE', ( #5615 ), #3451, .T. ) ;
#4604 = CARTESIAN_POINT ( 'NONE',  ( 0.000000000000000000, 7.481494768704900267, 12.04500000001662130 ) ) ;
#4605 = VERTEX_POINT ( 'NONE', #6155 ) ;
#4606 = CARTESIAN_POINT ( 'NONE',  ( 10.16000000000000014, 6.981494768704890497, 0.000000000000000000 ) ) ;
#4607 = VERTEX_POINT ( 'NONE', #685 ) ;
#4608 = CARTESIAN_POINT ( 'NONE',  ( 0.000000000000000000, -3.926215088266850728, -23.40529438322239386 ) ) ;
#4609 = CIRCLE ( 'NONE', #568, 0.5079999999999997851 ) ;
#4610 = EDGE_CURVE ( 'NONE', #4092, #5008, #5310, .T. ) ;
#4611 = CARTESIAN_POINT ( 'NONE',  ( 3.286654683298392499, 8.661436290669682236, -23.78584490486643332 ) ) ;
#4612 = ORIENTED_EDGE ( 'NONE', *, *, #1157, .T. ) ;
#4613 = CARTESIAN_POINT ( 'NONE',  ( 3.759199999999999875, 7.557776880929980123, -19.01886046992675006 ) ) ;
#4614 = EDGE_LOOP ( 'NONE', ( #4850, #76, #666, #5957 ) ) ;
#4615 = CARTESIAN_POINT ( 'NONE',  ( 10.16000000000000014, 4.979358361359260243, -20.25515538992685194 ) ) ;
#4616 = VECTOR ( 'NONE', #5123, 1000.000000000000000 ) ;
#4617 = EDGE_CURVE ( 'NONE', #6379, #274, #4275, .T. ) ;
#4618 = FACE_OUTER_BOUND ( 'NONE', #4339, .T. ) ;
#4619 = ORIENTED_EDGE ( 'NONE', *, *, #2296, .T. ) ;
#4620 = DIRECTION ( 'NONE',  ( 0.000000000000000000, 0.000000000000000000, -1.000000000000000000 ) ) ;
#4621 = CARTESIAN_POINT ( 'NONE',  ( 0.000000000000000000, 52.35029476870499821, 33.57880000000000109 ) ) ;
#4622 = CARTESIAN_POINT ( 'NONE',  ( 0.5000000000000052180, 55.60149476870499541, -33.57880000000000109 ) ) ;
#4623 = VECTOR ( 'NONE', #5640, 1000.000000000000114 ) ;
#4624 = CARTESIAN_POINT ( 'NONE',  ( 7.951199999999901458, 17.10149476870488527, -29.90499999999983416 ) ) ;
#4625 = EDGE_LOOP ( 'NONE', ( #5988, #1215, #137, #2313 ) ) ;
#4626 =( GEOMETRIC_REPRESENTATION_CONTEXT ( 3 ) GLOBAL_UNCERTAINTY_ASSIGNED_CONTEXT ( ( #4233 ) ) GLOBAL_UNIT_ASSIGNED_CONTEXT ( ( #5815, #2337, #1806 ) ) REPRESENTATION_CONTEXT ( 'NONE', 'WORKASPACE' ) );
#4627 = DIRECTION ( 'NONE',  ( 0.000000000000000000, 0.000000000000000000, -1.000000000000000000 ) ) ;
#4628 = ORIENTED_EDGE ( 'NONE', *, *, #3529, .T. ) ;
#4629 = CARTESIAN_POINT ( 'NONE',  ( 3.425484365474216641, 7.971593876198765471, 21.96997020442578830 ) ) ;
#4630 = EDGE_CURVE ( 'NONE', #3739, #750, #3216, .T. ) ;
#4631 = EDGE_CURVE ( 'NONE', #5989, #4107, #2623, .T. ) ;
#4632 = PLANE ( 'NONE',  #4824 ) ;
#4633 = VECTOR ( 'NONE', #2454, 1000.000000000000114 ) ;
#4634 = PLANE ( 'NONE',  #3206 ) ;
#4635 = CARTESIAN_POINT ( 'NONE',  ( 10.16000000000000014, -4.609811911349869895, -16.64259677047479968 ) ) ;
#4636 = ORIENTED_EDGE ( 'NONE', *, *, #5321, .F. ) ;
#4637 = VECTOR ( 'NONE', #1035, 1000.000000000000000 ) ;
#4638 = DIRECTION ( 'NONE',  ( 0.7071067811865512365, 3.986188165731650769E-16, 0.7071067811865439090 ) ) ;
#4639 = ORIENTED_EDGE ( 'NONE', *, *, #767, .F. ) ;
#4640 = DIRECTION ( 'NONE',  ( -1.000000000000000000, 0.000000000000000000, 0.000000000000000000 ) ) ;
#4641 = EDGE_CURVE ( 'NONE', #4052, #4188, #4897, .T. ) ;
#4642 = CIRCLE ( 'NONE', #5912, 2.499999999999998668 ) ;
#4643 = CARTESIAN_POINT ( 'NONE',  ( 0.000000000000000000, -4.176325725603429430E-15, -13.42819999998338076 ) ) ;
#4644 = DIRECTION ( 'NONE',  ( 1.000000000000000000, 0.000000000000000000, 0.000000000000000000 ) ) ;
#4645 = ORIENTED_EDGE ( 'NONE', *, *, #2319, .F. ) ;
#4646 = CARTESIAN_POINT ( 'NONE',  ( 0.000000000000000000, 5.614294768704970018, -15.13619999998369892 ) ) ;
#4647 = VERTEX_POINT ( 'NONE', #6123 ) ;
#4648 = AXIS2_PLACEMENT_3D ( 'NONE', #2189, #3183, #2637 ) ;
#4649 = CARTESIAN_POINT ( 'NONE',  ( 0.5000000000000052180, 52.35029476870499821, -36.82999999999999829 ) ) ;
#4650 = AXIS2_PLACEMENT_3D ( 'NONE', #4811, #2942, #6436 ) ;
#4651 = ADVANCED_FACE ( 'NONE', ( #5150 ), #3150, .T. ) ;
#4652 = AXIS2_PLACEMENT_3D ( 'NONE', #3627, #3147, #5086 ) ;
#4653 = FACE_OUTER_BOUND ( 'NONE', #4247, .T. ) ;
#4654 = ORIENTED_EDGE ( 'NONE', *, *, #1529, .F. ) ;
#4655 = DIRECTION ( 'NONE',  ( 0.000000000000000000, 0.000000000000000000, -1.000000000000000000 ) ) ;
#4656 = DIRECTION ( 'NONE',  ( 0.000000000000000000, 0.000000000000000000, -1.000000000000000000 ) ) ;
#4657 = EDGE_CURVE ( 'NONE', #1705, #2423, #2245, .T. ) ;
#4658 = AXIS2_PLACEMENT_3D ( 'NONE', #1063, #151, #3489 ) ;
#4659 = ORIENTED_EDGE ( 'NONE', *, *, #519, .F. ) ;
#4660 = FACE_OUTER_BOUND ( 'NONE', #5157, .T. ) ;
#4661 = EDGE_LOOP ( 'NONE', ( #209, #3428, #902, #4444 ) ) ;
#4662 = AXIS2_PLACEMENT_3D ( 'NONE', #4126, #3162, #4159 ) ;
#4663 = CARTESIAN_POINT ( 'NONE',  ( 3.669892243840427337, 6.973128079064399465, 21.85291085425017954 ) ) ;
#4664 = DIRECTION ( 'NONE',  ( 0.000000000000000000, 0.000000000000000000, -1.000000000000000000 ) ) ;
#4665 = CIRCLE ( 'NONE', #1986, 2.751199999999988322 ) ;
#4666 = FACE_BOUND ( 'NONE', #2948, .T. ) ;
#4667 = ADVANCED_FACE ( 'NONE', ( #6187 ), #4209, .F. ) ;
#4668 = LINE ( 'NONE', #2312, #3942 ) ;
#4669 = EDGE_LOOP ( 'NONE', ( #453, #2615, #3773, #910 ) ) ;
#4670 = CIRCLE ( 'NONE', #1989, 0.007999999999990653476 ) ;
#4671 = DIRECTION ( 'NONE',  ( -1.000000000000000000, 0.000000000000000000, 0.000000000000000000 ) ) ;
#4672 = EDGE_LOOP ( 'NONE', ( #5820, #4289, #3880, #2630 ) ) ;
#4673 = DIRECTION ( 'NONE',  ( 1.000000000000000000, 0.000000000000000000, 0.000000000000000000 ) ) ;
#4674 = AXIS2_PLACEMENT_3D ( 'NONE', #4746, #306, #4266 ) ;
#4675 = LINE ( 'NONE', #1329, #2786 ) ;
#4676 = DIRECTION ( 'NONE',  ( 0.000000000000000000, -0.9030477039120962113, 0.4295402710562665760 ) ) ;
#4677 = EDGE_CURVE ( 'NONE', #549, #3490, #2149, .T. ) ;
#4678 = ORIENTED_EDGE ( 'NONE', *, *, #3434, .F. ) ;
#4679 = DIRECTION ( 'NONE',  ( 0.000000000000000000, 0.000000000000000000, 1.000000000000000000 ) ) ;
#4680 = VECTOR ( 'NONE', #5434, 1000.000000000000000 ) ;
#4681 = EDGE_LOOP ( 'NONE', ( #2061, #977, #3118, #1300 ) ) ;
#4682 = CONICAL_SURFACE ( 'NONE', #5302, 8.839199999999998170, 0.7853981633974552734 ) ;
#4683 = CARTESIAN_POINT ( 'NONE',  ( 5.751199999999999868, 17.10149476870488527, 29.67000000000017579 ) ) ;
#4684 = AXIS2_PLACEMENT_3D ( 'NONE', #3566, #1520, #1048 ) ;
#4685 = ADVANCED_FACE ( 'NONE', ( #5686 ), #1773, .T. ) ;
#4686 = DIRECTION ( 'NONE',  ( 1.000000000000000000, 0.000000000000000000, 0.000000000000000000 ) ) ;
#4687 = VERTEX_POINT ( 'NONE', #1508 ) ;
#4688 = CARTESIAN_POINT ( 'NONE',  ( 0.000000000000000000, -8.994361398043880129, -23.65299999999444935 ) ) ;
#4689 = LINE ( 'NONE', #2202, #6065 ) ;
#4690 = AXIS2_PLACEMENT_3D ( 'NONE', #4036, #4130, #1156 ) ;
#4691 = VERTEX_POINT ( 'NONE', #3493 ) ;
#4692 = EDGE_CURVE ( 'NONE', #4194, #5614, #4058, .T. ) ;
#4693 = DIRECTION ( 'NONE',  ( 1.000000000000000000, 0.000000000000000000, 0.000000000000000000 ) ) ;
#4694 = ORIENTED_EDGE ( 'NONE', *, *, #1467, .T. ) ;
#4695 = DIRECTION ( 'NONE',  ( 0.000000000000000000, 0.000000000000000000, -1.000000000000000000 ) ) ;
#4696 = FACE_BOUND ( 'NONE', #620, .T. ) ;
#4697 = DIRECTION ( 'NONE',  ( 1.000000000000000000, 0.000000000000000000, 0.000000000000000000 ) ) ;
#4698 = DIRECTION ( 'NONE',  ( 0.000000000000000000, 0.000000000000000000, 1.000000000000000000 ) ) ;
#4699 = DIRECTION ( 'NONE',  ( -1.000000000000000000, 0.000000000000000000, 0.000000000000000000 ) ) ;
#4700 = EDGE_LOOP ( 'NONE', ( #2368, #1011, #2237, #4515 ) ) ;
#4701 = DIRECTION ( 'NONE',  ( 0.000000000000000000, 0.000000000000000000, -1.000000000000000000 ) ) ;
#4702 = PLANE ( 'NONE',  #5443 ) ;
#4703 = EDGE_CURVE ( 'NONE', #5614, #167, #5001, .T. ) ;
#4704 = DIRECTION ( 'NONE',  ( 0.000000000000000000, 1.000000000000000000, -3.110115820146109861E-16 ) ) ;
#4705 = VERTEX_POINT ( 'NONE', #1299 ) ;
#4706 = FACE_OUTER_BOUND ( 'NONE', #5057, .T. ) ;
#4707 = ORIENTED_EDGE ( 'NONE', *, *, #5428, .F. ) ;
#4708 = CARTESIAN_POINT ( 'NONE',  ( 10.16000000000000014, 1.814613497994890023, 16.04220000001659940 ) ) ;
#4709 = ADVANCED_FACE ( 'NONE', ( #6290, #5785 ), #1325, .T. ) ;
#4710 = CARTESIAN_POINT ( 'NONE',  ( 0.5000000000000056621, 7.015741880278998366, -23.55861619662276496 ) ) ;
#4711 = FACE_OUTER_BOUND ( 'NONE', #5556, .T. ) ;
#4712 = ORIENTED_EDGE ( 'NONE', *, *, #2267, .F. ) ;
#4713 = DIRECTION ( 'NONE',  ( -1.000000000000000000, -0.000000000000000000, -0.000000000000000000 ) ) ;
#4714 = DIRECTION ( 'NONE',  ( 0.000000000000000000, 0.000000000000000000, -1.000000000000000000 ) ) ;
#4715 = DIRECTION ( 'NONE',  ( -1.000000000000000000, 0.000000000000000000, 0.000000000000000000 ) ) ;
#4716 = AXIS2_PLACEMENT_3D ( 'NONE', #2413, #1785, #5824 ) ;
#4717 = EDGE_CURVE ( 'NONE', #5643, #5309, #2107, .T. ) ;
#4718 = ORIENTED_EDGE ( 'NONE', *, *, #2874, .T. ) ;
#4719 = DIRECTION ( 'NONE',  ( 0.000000000000000000, 0.000000000000000000, 1.000000000000000000 ) ) ;
#4720 = ORIENTED_EDGE ( 'NONE', *, *, #6218, .F. ) ;
#4721 = FACE_OUTER_BOUND ( 'NONE', #5435, .T. ) ;
#4722 = EDGE_LOOP ( 'NONE', ( #3724, #1588, #2909, #5115, #1907, #1381 ) ) ;
#4723 = ORIENTED_EDGE ( 'NONE', *, *, #4956, .T. ) ;
#4724 = EDGE_CURVE ( 'NONE', #4121, #4194, #88, .T. ) ;
#4725 = DIRECTION ( 'NONE',  ( 0.000000000000000000, 0.000000000000000000, -1.000000000000000000 ) ) ;
#4726 = AXIS2_PLACEMENT_3D ( 'NONE', #2822, #5342, #1772 ) ;
#4727 = FACE_BOUND ( 'NONE', #1949, .T. ) ;
#4728 = DIRECTION ( 'NONE',  ( 0.000000000000000000, 0.000000000000000000, -1.000000000000000000 ) ) ;
#4729 = DIRECTION ( 'NONE',  ( 0.000000000000000000, 0.000000000000000000, 1.000000000000000000 ) ) ;
#4730 = DIRECTION ( 'NONE',  ( 0.000000000000000000, 0.000000000000000000, -1.000000000000000000 ) ) ;
#4731 = DIRECTION ( 'NONE',  ( 0.000000000000000000, 0.000000000000000000, -1.000000000000000000 ) ) ;
#4732 = DIRECTION ( 'NONE',  ( 0.000000000000000000, 7.744074559236139377E-17, -1.000000000000000000 ) ) ;
#4733 = EDGE_CURVE ( 'NONE', #3337, #285, #2649, .T. ) ;
#4734 = LINE ( 'NONE', #1243, #928 ) ;
#4735 = CONICAL_SURFACE ( 'NONE', #4433, 1.574999999999999956, 0.7853981633974418397 ) ;
#4736 = FACE_OUTER_BOUND ( 'NONE', #6410, .T. ) ;
#4737 = ORIENTED_EDGE ( 'NONE', *, *, #1291, .F. ) ;
#4738 = DIRECTION ( 'NONE',  ( -1.000000000000000000, 0.000000000000000000, 0.000000000000000000 ) ) ;
#4739 = DIRECTION ( 'NONE',  ( 1.000000000000000000, 0.000000000000000000, 0.000000000000000000 ) ) ;
#4740 = AXIS2_PLACEMENT_3D ( 'NONE', #4245, #6255, #1778 ) ;
#4741 = FACE_OUTER_BOUND ( 'NONE', #1528, .T. ) ;
#4742 = CARTESIAN_POINT ( 'NONE',  ( 0.000000000000000000, -4.609811911349869895, -16.64259677047479968 ) ) ;
#4743 = VERTEX_POINT ( 'NONE', #541 ) ;
#4744 = AXIS2_PLACEMENT_3D ( 'NONE', #4440, #3272, #739 ) ;
#4745 = EDGE_CURVE ( 'NONE', #2100, #2826, #3649, .T. ) ;
#4746 = CARTESIAN_POINT ( 'NONE',  ( 10.16000000000000014, 7.557776880929980123, -19.01886046992675006 ) ) ;
#4747 = DIRECTION ( 'NONE',  ( -1.000000000000000000, -0.000000000000000000, -0.000000000000000000 ) ) ;
#4748 = LINE ( 'NONE', #309, #409 ) ;
#4749 = ORIENTED_EDGE ( 'NONE', *, *, #3486, .T. ) ;
#4750 = CIRCLE ( 'NONE', #1960, 0.5079999999999997851 ) ;
#4751 = DIRECTION ( 'NONE',  ( 1.000000000000000000, 0.000000000000000000, 0.000000000000000000 ) ) ;
#4752 = VERTEX_POINT ( 'NONE', #2040 ) ;
#4753 = CARTESIAN_POINT ( 'NONE',  ( 3.251200000000000312, 6.630294768704969144, -26.78688693560660283 ) ) ;
#4754 = ORIENTED_EDGE ( 'NONE', *, *, #5852, .F. ) ;
#4755 = ADVANCED_FACE ( 'NONE', ( #3074 ), #1641, .F. ) ;
#4756 = DIRECTION ( 'NONE',  ( 0.000000000000000000, -1.577021341797095046E-15, 1.000000000000000000 ) ) ;
#4757 = CIRCLE ( 'NONE', #1973, 3.251199999999999424 ) ;
#4758 = LINE ( 'NONE', #2753, #279 ) ;
#4759 = TOROIDAL_SURFACE ( 'NONE', #6243, 1.016000000000000014, 0.5080000000000000071 ) ;
#4760 = ORIENTED_EDGE ( 'NONE', *, *, #4384, .T. ) ;
#4761 = CARTESIAN_POINT ( 'NONE',  ( 10.16000000000000014, -5.236805534435400311, -22.85771978476894972 ) ) ;
#4762 = EDGE_CURVE ( 'NONE', #1782, #2538, #2936, .T. ) ;
#4763 = DIRECTION ( 'NONE',  ( 1.000000000000000000, -0.000000000000000000, -0.000000000000000000 ) ) ;
#4764 = ORIENTED_EDGE ( 'NONE', *, *, #312, .F. ) ;
#4765 = CARTESIAN_POINT ( 'NONE',  ( 3.126535561560266796, 7.734835136607363992, 22.03796332491039323 ) ) ;
#4766 = ORIENTED_EDGE ( 'NONE', *, *, #4745, .F. ) ;
#4767 = CIRCLE ( 'NONE', #2396, 1.574999999999999956 ) ;
#4768 = CARTESIAN_POINT ( 'NONE',  ( 3.251200000000000312, 9.009748083972173305, -23.88693808080521563 ) ) ;
#4769 = CARTESIAN_POINT ( 'NONE',  ( 0.5000000000000052180, 52.35029476870499821, 36.82999999999999829 ) ) ;
#4770 = DIRECTION ( 'NONE',  ( 0.000000000000000000, 0.000000000000000000, 1.000000000000000000 ) ) ;
#4771 = DIRECTION ( 'NONE',  ( 0.000000000000000000, 0.000000000000000000, -1.000000000000000000 ) ) ;
#4772 = CIRCLE ( 'NONE', #948, 0.5079999999999997851 ) ;
#4773 = EDGE_CURVE ( 'NONE', #1664, #2499, #139, .T. ) ;
#4774 = VERTEX_POINT ( 'NONE', #1606 ) ;
#4775 = DIRECTION ( 'NONE',  ( -1.000000000000000000, 0.000000000000000000, 0.000000000000000000 ) ) ;
#4776 = CARTESIAN_POINT ( 'NONE',  ( 3.386771125445001918, 7.261106336097707725, 21.90634912268559731 ) ) ;
#4777 = AXIS2_PLACEMENT_3D ( 'NONE', #5470, #4034, #2134 ) ;
#4778 = CARTESIAN_POINT ( 'NONE',  ( 0.000000000000000000, 5.981494768704890497, 13.54500000001663018 ) ) ;
#4779 = CARTESIAN_POINT ( 'NONE',  ( 3.413061012010774498, 7.434152159210929867, -23.63663063877471515 ) ) ;
#4780 = AXIS2_PLACEMENT_3D ( 'NONE', #5664, #1760, #3741 ) ;
#4781 = CARTESIAN_POINT ( 'NONE',  ( 0.5000000000000056621, -2.452586502005110081, 0.000000000000000000 ) ) ;
#4782 = EDGE_LOOP ( 'NONE', ( #3951, #2119, #6105, #5630 ) ) ;
#4783 = DIRECTION ( 'NONE',  ( 0.000000000000000000, -3.110115820146107396E-16, -1.000000000000000000 ) ) ;
#4784 = FACE_OUTER_BOUND ( 'NONE', #6091, .T. ) ;
#4785 = EDGE_LOOP ( 'NONE', ( #3126, #3567, #129, #50 ) ) ;
#4786 = EDGE_CURVE ( 'NONE', #285, #4094, #6279, .T. ) ;
#4787 = ORIENTED_EDGE ( 'NONE', *, *, #673, .F. ) ;
#4788 = DIRECTION ( 'NONE',  ( -1.000000000000000000, 0.000000000000000000, 0.000000000000000000 ) ) ;
#4789 = ORIENTED_EDGE ( 'NONE', *, *, #5725, .T. ) ;
#4790 = CARTESIAN_POINT ( 'NONE',  ( 0.5000000000000004441, 48.10149476870488883, -28.32999999999983487 ) ) ;
#4791 = AXIS2_PLACEMENT_3D ( 'NONE', #2023, #3506, #5931 ) ;
#4792 = PRESENTATION_STYLE_ASSIGNMENT (( #4821 ) ) ;
#4793 = ADVANCED_FACE ( 'NONE', ( #2587 ), #4000, .F. ) ;
#4794 = AXIS2_PLACEMENT_3D ( 'NONE', #5632, #2678, #4714 ) ;
#4795 = DIRECTION ( 'NONE',  ( 0.000000000000000000, 0.000000000000000000, 1.000000000000000000 ) ) ;
#4796 = ORIENTED_EDGE ( 'NONE', *, *, #4855, .T. ) ;
#4797 = CARTESIAN_POINT ( 'NONE',  ( 3.361491145975813222, 7.305269494974246491, 21.91545655401661463 ) ) ;
#4798 = DIRECTION ( 'NONE',  ( 1.000000000000000000, 0.000000000000000000, 0.000000000000000000 ) ) ;
#4799 = DIRECTION ( 'NONE',  ( 0.7071067811865306973, 0.000000000000000000, -0.7071067811865644481 ) ) ;
#4800 = EDGE_CURVE ( 'NONE', #1533, #1026, #36, .T. ) ;
#4801 = CARTESIAN_POINT ( 'NONE',  ( 7.951199999999892576, 48.10149476870488883, 26.67000000000017224 ) ) ;
#4802 = ORIENTED_EDGE ( 'NONE', *, *, #3176, .F. ) ;
#4803 = DIRECTION ( 'NONE',  ( 0.000000000000000000, -1.000000000000000000, -2.056801944749074694E-16 ) ) ;
#4804 = CARTESIAN_POINT ( 'NONE',  ( 3.554053038781549212, 6.974529156289253073, 21.86282354724411547 ) ) ;
#4805 = EDGE_CURVE ( 'NONE', #4774, #908, #5104, .T. ) ;
#4806 = FACE_OUTER_BOUND ( 'NONE', #5869, .T. ) ;
#4807 = DIRECTION ( 'NONE',  ( 0.000000000000000000, 0.000000000000000000, -1.000000000000000000 ) ) ;
#4808 = DIRECTION ( 'NONE',  ( -1.000000000000000000, 0.000000000000000000, 0.000000000000000000 ) ) ;
#4809 = ORIENTED_EDGE ( 'NONE', *, *, #5284, .T. ) ;
#4810 = LINE ( 'NONE', #5838, #5945 ) ;
#4811 = CARTESIAN_POINT ( 'NONE',  ( 10.16000000000000014, -8.994361398043880129, -23.65299999999444935 ) ) ;
#4812 = ORIENTED_EDGE ( 'NONE', *, *, #773, .F. ) ;
#4813 = ADVANCED_FACE ( 'NONE', ( #4531 ), #2323, .T. ) ;
#4814 = AXIS2_PLACEMENT_3D ( 'NONE', #2706, #339, #4320 ) ;
#4815 = LINE ( 'NONE', #6342, #5796 ) ;
#4816 = VERTEX_POINT ( 'NONE', #4595 ) ;
#4817 = DIRECTION ( 'NONE',  ( 1.000000000000000000, 0.000000000000000000, 0.000000000000000000 ) ) ;
#4818 = VERTEX_POINT ( 'NONE', #2072 ) ;
#4819 = DIRECTION ( 'NONE',  ( 0.000000000000000000, 1.000000000000000000, 0.000000000000000000 ) ) ;
#4820 = VECTOR ( 'NONE', #4866, 1000.000000000000000 ) ;
#4821 = SURFACE_STYLE_USAGE ( .BOTH. , #6349 ) ;
#4822 = VECTOR ( 'NONE', #5636, 1000.000000000000000 ) ;
#4823 = DIRECTION ( 'NONE',  ( 1.000000000000000000, 0.000000000000000000, 0.000000000000000000 ) ) ;
#4824 = AXIS2_PLACEMENT_3D ( 'NONE', #193, #2114, #2179 ) ;
#4825 = CARTESIAN_POINT ( 'NONE',  ( 2.850931878332216396, 8.281485878663815470, -23.98553506318772222 ) ) ;
#4826 = ORIENTED_EDGE ( 'NONE', *, *, #3425, .F. ) ;
#4827 = CARTESIAN_POINT ( 'NONE',  ( 10.16000000000000014, -4.609811911349869895, -16.64259677047479968 ) ) ;
#4828 = VERTEX_POINT ( 'NONE', #5601 ) ;
#4829 = CARTESIAN_POINT ( 'NONE',  ( 3.572613632687527740, 7.353738392859780149, 21.88027346365508308 ) ) ;
#4830 = ADVANCED_FACE ( 'NONE', ( #3582 ), #5566, .F. ) ;
#4831 = DIRECTION ( 'NONE',  ( 0.7071067811865469066, 2.146342490545408353E-16, 0.7071067811865482389 ) ) ;
#4832 = VECTOR ( 'NONE', #777, 1000.000000000000000 ) ;
#4833 = CARTESIAN_POINT ( 'NONE',  ( 0.000000000000000000, 13.13269476870496177, -36.32999999999998408 ) ) ;
#4834 = DIRECTION ( 'NONE',  ( 1.000000000000000000, 0.000000000000000000, 0.000000000000000000 ) ) ;
#4835 = ORIENTED_EDGE ( 'NONE', *, *, #155, .F. ) ;
#4836 = CARTESIAN_POINT ( 'NONE',  ( 0.000000000000000000, -5.463622585859059910, 16.55380000001665408 ) ) ;
#4837 = EDGE_CURVE ( 'NONE', #433, #3179, #3455, .T. ) ;
#4838 = CARTESIAN_POINT ( 'NONE',  ( 3.681217571587691584, 6.760751575391982016, 21.84761292257757859 ) ) ;
#4839 = B_SPLINE_CURVE_WITH_KNOTS ( 'NONE', 3,
 ( #4779, #3391, #4842, #343, #5364, #5295, #2905, #1827, #6274, #440, #370, #4263, #4394, #5263, #6401, #2839, #2354, #1865, #1794 ),
 .UNSPECIFIED., .F., .F.,
 ( 4, 2, 1, 1, 2, 2, 1, 1, 1, 2, 2, 4 ),
 ( 0.000000000000000000, 0.2499999999999916178, 0.3749999999999856781, 0.4374999999999850675, 0.4687499999999871214, 0.4999999999999891198, 0.6249999999999844569, 0.6874999999999815703, 0.7187499999999801270, 0.7343749999999820144, 0.7499999999999839018, 1.000000000000000000 ),
 .UNSPECIFIED. ) ;
#4840 = VECTOR ( 'NONE', #4715, 1000.000000000000000 ) ;
#4841 = LINE ( 'NONE', #2388, #4328 ) ;
#4842 = CARTESIAN_POINT ( 'NONE',  ( 3.464721794275546607, 7.370337295285123602, -23.62083088424274990 ) ) ;
#4843 = ORIENTED_EDGE ( 'NONE', *, *, #4786, .F. ) ;
#4844 = DIRECTION ( 'NONE',  ( 1.000000000000000000, 0.000000000000000000, 0.000000000000000000 ) ) ;
#4845 = EDGE_CURVE ( 'NONE', #2428, #947, #3138, .T. ) ;
#4846 = EDGE_LOOP ( 'NONE', ( #4473, #3286 ) ) ;
#4847 = CARTESIAN_POINT ( 'NONE',  ( 3.251200000000000312, 6.630294768704969144, -26.78688693560660283 ) ) ;
#4848 = VERTEX_POINT ( 'NONE', #4100 ) ;
#4849 = AXIS2_PLACEMENT_3D ( 'NONE', #661, #591, #5062 ) ;
#4850 = ORIENTED_EDGE ( 'NONE', *, *, #589, .F. ) ;
#4851 = VECTOR ( 'NONE', #4234, 1000.000000000000000 ) ;
#4852 = DIRECTION ( 'NONE',  ( 0.000000000000000000, 0.000000000000000000, 1.000000000000000000 ) ) ;
#4853 = EDGE_LOOP ( 'NONE', ( #727, #3638, #3984, #5174 ) ) ;
#4854 = CARTESIAN_POINT ( 'NONE',  ( 10.16000000000000014, 0.000000000000000000, -24.65299999999444935 ) ) ;
#4855 = EDGE_CURVE ( 'NONE', #5948, #4569, #5204, .T. ) ;
#4856 = VERTEX_POINT ( 'NONE', #1672 ) ;
#4857 = VECTOR ( 'NONE', #3154, 1000.000000000000000 ) ;
#4858 = VECTOR ( 'NONE', #1436, 1000.000000000000000 ) ;
#4859 = CARTESIAN_POINT ( 'NONE',  ( 8.251199999999903056, 17.10149476870488527, 29.67000000000017579 ) ) ;
#4860 = DIRECTION ( 'NONE',  ( 0.000000000000000000, 0.000000000000000000, -1.000000000000000000 ) ) ;
#4861 = VERTEX_POINT ( 'NONE', #2713 ) ;
#4862 = AXIS2_PLACEMENT_3D ( 'NONE', #133, #6027, #2116 ) ;
#4863 = DIRECTION ( 'NONE',  ( 1.000000000000000000, 0.000000000000000000, 0.000000000000000000 ) ) ;
#4864 = ORIENTED_EDGE ( 'NONE', *, *, #53, .T. ) ;
#4865 = DIRECTION ( 'NONE',  ( 0.000000000000000000, 0.000000000000000000, -1.000000000000000000 ) ) ;
#4866 = DIRECTION ( 'NONE',  ( 0.000000000000000000, -1.134814917820289949E-16, 1.000000000000000000 ) ) ;
#4867 = CONICAL_SURFACE ( 'NONE', #4658, 1.574999999999999956, 0.7853981633974721488 ) ;
#4868 = EDGE_CURVE ( 'NONE', #1998, #5116, #3678, .T. ) ;
#4869 = DIRECTION ( 'NONE',  ( -1.000000000000000000, -0.000000000000000000, -0.000000000000000000 ) ) ;
#4870 = CARTESIAN_POINT ( 'NONE',  ( 10.16000000000000014, -3.418503319182129907, -23.41328918922000213 ) ) ;
#4871 = ORIENTED_EDGE ( 'NONE', *, *, #1008, .T. ) ;
#4872 = CONICAL_SURFACE ( 'NONE', #2082, 1.574999999999999956, 0.7853981633974721488 ) ;
#4873 = CYLINDRICAL_SURFACE ( 'NONE', #3549, 0.5080000000000015614 ) ;
#4874 = CYLINDRICAL_SURFACE ( 'NONE', #680, 1.574999999999999956 ) ;
#4875 = VECTOR ( 'NONE', #2372, 1000.000000000000000 ) ;
#4876 = ADVANCED_FACE ( 'NONE', ( #1255 ), #3244, .F. ) ;
#4877 = CARTESIAN_POINT ( 'NONE',  ( 3.759199999999999875, 9.373494768704970781, -22.65469112495100035 ) ) ;
#4878 = DIRECTION ( 'NONE',  ( 1.000000000000000000, 0.000000000000000000, 0.000000000000000000 ) ) ;
#4879 = LINE ( 'NONE', #5400, #2493 ) ;
#4880 = CARTESIAN_POINT ( 'NONE',  ( 0.5000000000000052180, 55.60149476870499541, 36.82999999999999829 ) ) ;
#4881 = VECTOR ( 'NONE', #905, 1000.000000000000000 ) ;
#4882 = DIRECTION ( 'NONE',  ( 0.7071067811865533459, 0.7071067811865416886, 0.000000000000000000 ) ) ;
#4883 = DIRECTION ( 'NONE',  ( 1.000000000000000000, 0.000000000000000000, 0.000000000000000000 ) ) ;
#4884 = ORIENTED_EDGE ( 'NONE', *, *, #3292, .T. ) ;
#4885 = EDGE_CURVE ( 'NONE', #5695, #718, #5524, .T. ) ;
#4886 = CARTESIAN_POINT ( 'NONE',  ( 10.16000000000000014, 0.000000000000000000, 15.53420000001659851 ) ) ;
#4887 = ORIENTED_EDGE ( 'NONE', *, *, #845, .T. ) ;
#4888 = DIRECTION ( 'NONE',  ( 0.000000000000000000, 0.000000000000000000, -1.000000000000000000 ) ) ;
#4889 = ORIENTED_EDGE ( 'NONE', *, *, #3820, .F. ) ;
#4890 = LINE ( 'NONE', #6382, #5505 ) ;
#4891 = ORIENTED_EDGE ( 'NONE', *, *, #5313, .F. ) ;
#4892 = CIRCLE ( 'NONE', #5953, 0.5080000000000015614 ) ;
#4893 = PRODUCT_DEFINITION_SHAPE ( 'NONE', 'NONE',  #6289 ) ;
#4894 = ADVANCED_FACE ( 'NONE', ( #5741 ), #771, .F. ) ;
#4895 = CARTESIAN_POINT ( 'NONE',  ( 3.189853195221088455, 7.722968366743971025, -23.72468527247085390 ) ) ;
#4896 = CARTESIAN_POINT ( 'NONE',  ( 0.5000000000000052180, 55.60149476870499541, 36.82999999999999829 ) ) ;
#4897 = CIRCLE ( 'NONE', #6272, 0.5079999999999997851 ) ;
#4898 = ORIENTED_EDGE ( 'NONE', *, *, #4025, .F. ) ;
#4899 = CARTESIAN_POINT ( 'NONE',  ( 0.000000000000000000, 4.808338672514605783, -20.72499819984043512 ) ) ;
#4900 = ORIENTED_EDGE ( 'NONE', *, *, #3116, .F. ) ;
#4901 = LINE ( 'NONE', #2829, #5555 ) ;
#4902 = AXIS2_PLACEMENT_3D ( 'NONE', #4943, #6435, #4363 ) ;
#4903 = PLANE ( 'NONE',  #6340 ) ;
#4904 = ORIENTED_EDGE ( 'NONE', *, *, #3255, .F. ) ;
#4905 = FACE_OUTER_BOUND ( 'NONE', #280, .T. ) ;
#4906 = DIRECTION ( 'NONE',  ( 0.000000000000000000, 0.000000000000000000, -1.000000000000000000 ) ) ;
#4907 = EDGE_CURVE ( 'NONE', #4202, #5695, #4231, .T. ) ;
#4908 = CARTESIAN_POINT ( 'NONE',  ( 0.000000000000000000, -3.926503319182135243, -24.15299999999443870 ) ) ;
#4909 = DIRECTION ( 'NONE',  ( 1.000000000000000000, 0.000000000000000000, 0.000000000000000000 ) ) ;
#4910 = CARTESIAN_POINT ( 'NONE',  ( 0.5000000000000056621, 5.300326274489515654, -22.99467494742458840 ) ) ;
#4911 = VERTEX_POINT ( 'NONE', #2742 ) ;
#4912 = CYLINDRICAL_SURFACE ( 'NONE', #225, 1.574999999999999956 ) ;
#4913 = LINE ( 'NONE', #412, #3962 ) ;
#4914 = EDGE_CURVE ( 'NONE', #3829, #5371, #1188, .T. ) ;
#4915 = EDGE_LOOP ( 'NONE', ( #970, #997 ) ) ;
#4916 = DIRECTION ( 'NONE',  ( -1.000000000000000000, -0.000000000000000000, -0.000000000000000000 ) ) ;
#4917 = VERTEX_POINT ( 'NONE', #2295 ) ;
#4918 = CARTESIAN_POINT ( 'NONE',  ( 10.16000000000000014, -4.780767527950259550E-15, 21.84500000001660069 ) ) ;
#4919 = ORIENTED_EDGE ( 'NONE', *, *, #3500, .T. ) ;
#4920 = EDGE_CURVE ( 'NONE', #937, #2192, #2331, .T. ) ;
#4921 = AXIS2_PLACEMENT_3D ( 'NONE', #3608, #566, #596 ) ;
#4922 = CARTESIAN_POINT ( 'NONE',  ( 2.947673445824285920, 8.091952400496394304, -23.88273390886777747 ) ) ;
#4923 = CONICAL_SURFACE ( 'NONE', #2551, 1.574999999999999956, 0.7853981633974721488 ) ;
#4924 = EDGE_LOOP ( 'NONE', ( #180, #3552, #2361, #1744 ) ) ;
#4925 = FACE_OUTER_BOUND ( 'NONE', #4661, .T. ) ;
#4926 = ORIENTED_EDGE ( 'NONE', *, *, #120, .T. ) ;
#4927 = EDGE_CURVE ( 'NONE', #1015, #158, #3165, .T. ) ;
#4928 = VERTEX_POINT ( 'NONE', #4268 ) ;
#4929 = CARTESIAN_POINT ( 'NONE',  ( 2.802421843916337973, 8.408110688506498676, -24.06463457578714937 ) ) ;
#4930 = VECTOR ( 'NONE', #3238, 1000.000000000000000 ) ;
#4931 = CARTESIAN_POINT ( 'NONE',  ( 8.251199999999903056, 17.10149476870488527, 31.54500000000019000 ) ) ;
#4932 = DIRECTION ( 'NONE',  ( 1.000000000000000000, 0.000000000000000000, 0.000000000000000000 ) ) ;
#4933 = ORIENTED_EDGE ( 'NONE', *, *, #313, .T. ) ;
#4934 = CARTESIAN_POINT ( 'NONE',  ( 0.5080000000000000071, 6.473494768704890490, 16.04220000001659940 ) ) ;
#4935 = EDGE_CURVE ( 'NONE', #947, #328, #347, .T. ) ;
#4936 = CARTESIAN_POINT ( 'NONE',  ( 2.751199999999998536, 13.13269476870496177, -33.57880000000000109 ) ) ;
#4937 = CARTESIAN_POINT ( 'NONE',  ( 0.000000000000000000, -0.8478152246254414548, -23.51627769045470728 ) ) ;
#4938 = CARTESIAN_POINT ( 'NONE',  ( 3.251200000000000312, 10.38149476870496457, 25.09620000001660145 ) ) ;
#4939 = DIRECTION ( 'NONE',  ( 0.000000000000000000, 0.000000000000000000, 1.000000000000000000 ) ) ;
#4940 = ORIENTED_EDGE ( 'NONE', *, *, #3219, .T. ) ;
#4941 = DIRECTION ( 'NONE',  ( 0.000000000000000000, -1.000000000000000000, 0.000000000000000000 ) ) ;
#4942 = EDGE_LOOP ( 'NONE', ( #1180, #2923, #521, #5438 ) ) ;
#4943 = CARTESIAN_POINT ( 'NONE',  ( 0.5000000000000056621, 0.000000000000000000, -17.14499999999999957 ) ) ;
#4944 = ORIENTED_EDGE ( 'NONE', *, *, #1270, .F. ) ;
#4945 = EDGE_CURVE ( 'NONE', #4368, #718, #4689, .T. ) ;
#4946 = CARTESIAN_POINT ( 'NONE',  ( 5.751199999999999868, 17.10149476870488527, 32.67000000000017934 ) ) ;
#4947 = VERTEX_POINT ( 'NONE', #1218 ) ;
#4948 = VECTOR ( 'NONE', #124, 1000.000000000000000 ) ;
#4949 = AXIS2_PLACEMENT_3D ( 'NONE', #3081, #4076, #4542 ) ;
#4950 = FACE_OUTER_BOUND ( 'NONE', #4400, .T. ) ;
#4951 = ORIENTED_EDGE ( 'NONE', *, *, #5202, .F. ) ;
#4952 = CARTESIAN_POINT ( 'NONE',  ( 3.340604103428417293, 8.386312208211077035, 22.06465729725439928 ) ) ;
#4953 = CIRCLE ( 'NONE', #922, 0.5079999999999997851 ) ;
#4954 = AXIS2_PLACEMENT_3D ( 'NONE', #584, #5088, #1651 ) ;
#4955 = CARTESIAN_POINT ( 'NONE',  ( 3.251200000000000312, 17.10149476870488527, -28.32999999999983487 ) ) ;
#4956 = EDGE_CURVE ( 'NONE', #3007, #3337, #6277, .T. ) ;
#4957 = CARTESIAN_POINT ( 'NONE',  ( 2.829474226550228178, 8.332512665040772148, -24.01630015132267815 ) ) ;
#4958 = ORIENTED_EDGE ( 'NONE', *, *, #1585, .T. ) ;
#4959 = CARTESIAN_POINT ( 'NONE',  ( 0.5000000000000004441, 17.10149476870488527, 31.24500000000017508 ) ) ;
#4960 = VERTEX_POINT ( 'NONE', #1798 ) ;
#4961 = AXIS2_PLACEMENT_3D ( 'NONE', #264, #3253, #2798 ) ;
#4962 = AXIS2_PLACEMENT_3D ( 'NONE', #1313, #2743, #5232 ) ;
#4963 = CARTESIAN_POINT ( 'NONE',  ( 3.133633514450693269, 7.800672188277870234, -23.75313398910592610 ) ) ;
#4964 = TOROIDAL_SURFACE ( 'NONE', #511, 1.016000000000000014, 0.5080000000000000071 ) ;
#4965 = ADVANCED_FACE ( 'NONE', ( #6240 ), #3042, .T. ) ;
#4966 = CARTESIAN_POINT ( 'NONE',  ( 3.251200000000000312, 10.38149476870496457, 0.000000000000000000 ) ) ;
#4967 = LINE ( 'NONE', #2381, #2890 ) ;
#4968 = ORIENTED_EDGE ( 'NONE', *, *, #4243, .F. ) ;
#4969 = CYLINDRICAL_SURFACE ( 'NONE', #3242, 3.251199999999999424 ) ;
#4970 = ORIENTED_EDGE ( 'NONE', *, *, #4786, .T. ) ;
#4971 = AXIS2_PLACEMENT_3D ( 'NONE', #6409, #1942, #4431 ) ;
#4972 = DIRECTION ( 'NONE',  ( 1.000000000000000000, 0.000000000000000000, 0.000000000000000000 ) ) ;
#4973 = EDGE_CURVE ( 'NONE', #2278, #4593, #2625, .T. ) ;
#4974 = CARTESIAN_POINT ( 'NONE',  ( 3.423814677648393090, 8.089746764288880954, -23.68672757537040141 ) ) ;
#4975 = DIRECTION ( 'NONE',  ( 0.000000000000000000, 0.000000000000000000, -1.000000000000000000 ) ) ;
#4976 = DIRECTION ( 'NONE',  ( 1.000000000000000000, 0.000000000000000000, 0.000000000000000000 ) ) ;
#4977 = ORIENTED_EDGE ( 'NONE', *, *, #5219, .F. ) ;
#4978 = FACE_OUTER_BOUND ( 'NONE', #534, .T. ) ;
#4979 = FACE_OUTER_BOUND ( 'NONE', #3977, .T. ) ;
#4980 = EDGE_LOOP ( 'NONE', ( #1813, #4127, #1669, #1191 ) ) ;
#4981 = CONICAL_SURFACE ( 'NONE', #6043, 4.071999999999988518, 0.7853981633974533860 ) ;
#4982 = DIRECTION ( 'NONE',  ( 0.000000000000000000, 0.000000000000000000, -1.000000000000000000 ) ) ;
#4983 = FACE_OUTER_BOUND ( 'NONE', #6230, .T. ) ;
#4984 = ORIENTED_EDGE ( 'NONE', *, *, #3878, .F. ) ;
#4985 = CIRCLE ( 'NONE', #2707, 2.074999999999993516 ) ;
#4986 = DIRECTION ( 'NONE',  ( 0.000000000000000000, -2.056801944749074694E-16, 1.000000000000000000 ) ) ;
#4987 = CARTESIAN_POINT ( 'NONE',  ( 10.16000000000000014, 6.981494768704890497, 16.04220000001659940 ) ) ;
#4988 = ADVANCED_FACE ( 'NONE', ( #5771 ), #5961, .F. ) ;
#4989 = CARTESIAN_POINT ( 'NONE',  ( 0.5000000000000052180, 52.35029476870499821, 33.57880000000000109 ) ) ;
#4990 = PLANE ( 'NONE',  #1952 ) ;
#4991 = ORIENTED_EDGE ( 'NONE', *, *, #3946, .T. ) ;
#4992 = CARTESIAN_POINT ( 'NONE',  ( 7.951199999999901458, 17.10149476870488527, 28.09500000000017650 ) ) ;
#4993 = ORIENTED_EDGE ( 'NONE', *, *, #278, .F. ) ;
#4994 = AXIS2_PLACEMENT_3D ( 'NONE', #4524, #626, #4026 ) ;
#4995 = ADVANCED_FACE ( 'NONE', ( #5136 ), #248, .T. ) ;
#4996 = CARTESIAN_POINT ( 'NONE',  ( 9.652000000000001023, -5.473161398043879800, -19.63224960392044949 ) ) ;
#4997 = CARTESIAN_POINT ( 'NONE',  ( 8.251199999999903056, 17.10149476870488527, 32.37000000000015376 ) ) ;
#4998 = ORIENTED_EDGE ( 'NONE', *, *, #2949, .T. ) ;
#4999 = DIRECTION ( 'NONE',  ( 0.000000000000000000, 0.000000000000000000, 1.000000000000000000 ) ) ;
#5000 = ORIENTED_EDGE ( 'NONE', *, *, #5835, .T. ) ;
#5001 = CIRCLE ( 'NONE', #1683, 0.5079999999999997851 ) ;
#5002 = DIRECTION ( 'NONE',  ( 1.000000000000000000, 0.000000000000000000, 0.000000000000000000 ) ) ;
#5003 = ADVANCED_FACE ( 'NONE', ( #6306 ), #638, .T. ) ;
#5004 = CARTESIAN_POINT ( 'NONE',  ( 0.000000000000000000, -1.952586502005099423, -12.46299999998337960 ) ) ;
#5005 = VERTEX_POINT ( 'NONE', #6204 ) ;
#5006 = DIRECTION ( 'NONE',  ( 1.000000000000000000, 0.000000000000000000, 0.000000000000000000 ) ) ;
#5007 = DIRECTION ( 'NONE',  ( 0.000000000000000000, 0.000000000000000000, -1.000000000000000000 ) ) ;
#5008 = VERTEX_POINT ( 'NONE', #5404 ) ;
#5009 = CARTESIAN_POINT ( 'NONE',  ( 3.675571927693968899, 7.273766400146349120, -23.58897493492571940 ) ) ;
#5010 = DIRECTION ( 'NONE',  ( 0.000000000000000000, -1.000000000000000000, 0.000000000000000000 ) ) ;
#5011 = ADVANCED_FACE ( 'NONE', ( #4329 ), #3862, .F. ) ;
#5012 = ORIENTED_EDGE ( 'NONE', *, *, #1483, .T. ) ;
#5013 = LINE ( 'NONE', #1572, #3209 ) ;
#5014 = ORIENTED_EDGE ( 'NONE', *, *, #4317, .F. ) ;
#5015 = LINE ( 'NONE', #3972, #5403 ) ;
#5016 = DIRECTION ( 'NONE',  ( 0.000000000000000000, 1.000000000000000000, 0.000000000000000000 ) ) ;
#5017 = CARTESIAN_POINT ( 'NONE',  ( 0.5000000000000056621, 0.9359217687046109679, -21.84204960392050054 ) ) ;
#5018 = DIRECTION ( 'NONE',  ( -1.000000000000000000, 0.000000000000000000, 0.000000000000000000 ) ) ;
#5019 = ORIENTED_EDGE ( 'NONE', *, *, #5565, .F. ) ;
#5020 = CARTESIAN_POINT ( 'NONE',  ( 3.415844321217380575, 8.015418552101770899, 21.97858294117663647 ) ) ;
#5021 = CARTESIAN_POINT ( 'NONE',  ( 3.251205540841493935, 8.960168614806670817, -23.86876130323870626 ) ) ;
#5022 = AXIS2_PLACEMENT_3D ( 'NONE', #3218, #3666, #1139 ) ;
#5023 = CARTESIAN_POINT ( 'NONE',  ( 0.5000000000000056621, 0.000000000000000000, 17.14499999999999957 ) ) ;
#5024 = EDGE_CURVE ( 'NONE', #1847, #5944, #4913, .T. ) ;
#5025 = EDGE_LOOP ( 'NONE', ( #4958, #5467, #5112, #5237 ) ) ;
#5026 = ORIENTED_EDGE ( 'NONE', *, *, #939, .F. ) ;
#5027 = AXIS2_PLACEMENT_3D ( 'NONE', #360, #912, #4865 ) ;
#5028 = CARTESIAN_POINT ( 'NONE',  ( 2.885993526985562774, 8.258307884468955251, 22.28177117748645131 ) ) ;
#5029 = CARTESIAN_POINT ( 'NONE',  ( 3.251200000000000312, 55.10149476870500251, 33.57880000000000109 ) ) ;
#5030 = DIRECTION ( 'NONE',  ( 0.000000000000000000, 0.000000000000000000, 1.000000000000000000 ) ) ;
#5031 = ADVANCED_FACE ( 'NONE', ( #4428 ), #992, .F. ) ;
#5032 = VECTOR ( 'NONE', #3563, 1000.000000000000000 ) ;
#5033 = CARTESIAN_POINT ( 'NONE',  ( 10.16000000000000014, -5.971622585859059029, 18.59380000001660349 ) ) ;
#5034 = VERTEX_POINT ( 'NONE', #3903 ) ;
#5035 = CARTESIAN_POINT ( 'NONE',  ( 3.584756938592730702, 7.557776880929980123, -23.62175081971323820 ) ) ;
#5036 = DIRECTION ( 'NONE',  ( 1.000000000000000000, 0.000000000000000000, 0.000000000000000000 ) ) ;
#5037 = ORIENTED_EDGE ( 'NONE', *, *, #3507, .F. ) ;
#5038 = AXIS2_PLACEMENT_3D ( 'NONE', #3145, #6087, #4140 ) ;
#5039 = ADVANCED_FACE ( 'NONE', ( #5906 ), #2453, .F. ) ;
#5040 = DIRECTION ( 'NONE',  ( 0.000000000000000000, 1.000000000000000000, 2.188495091758580164E-16 ) ) ;
#5041 = ORIENTED_EDGE ( 'NONE', *, *, #5243, .F. ) ;
#5042 = CARTESIAN_POINT ( 'NONE',  ( 0.5080000000000000071, -5.473161398043879800, -18.64164960392049863 ) ) ;
#5043 = DIRECTION ( 'NONE',  ( 0.000000000000000000, 0.000000000000000000, 1.000000000000000000 ) ) ;
#5044 = CIRCLE ( 'NONE', #3595, 0.5079999999999997851 ) ;
#5045 = EDGE_CURVE ( 'NONE', #990, #1385, #5312, .T. ) ;
#5046 = DIRECTION ( 'NONE',  ( 0.000000000000000000, 0.000000000000000000, 1.000000000000000000 ) ) ;
#5047 = ORIENTED_EDGE ( 'NONE', *, *, #2137, .F. ) ;
#5048 = DIRECTION ( 'NONE',  ( -1.000000000000000000, -0.000000000000000000, -0.000000000000000000 ) ) ;
#5049 = ORIENTED_EDGE ( 'NONE', *, *, #3396, .F. ) ;
#5050 = CIRCLE ( 'NONE', #2985, 2.751199999999988322 ) ;
#5051 = AXIS2_PLACEMENT_3D ( 'NONE', #713, #3626, #3146 ) ;
#5052 = CARTESIAN_POINT ( 'NONE',  ( 3.027551816281087937, 7.958365296082134499, -23.81875707817754417 ) ) ;
#5053 = DIRECTION ( 'NONE',  ( 0.000000000000000000, -1.134814917820289949E-16, 1.000000000000000000 ) ) ;
#5054 = AXIS2_PLACEMENT_3D ( 'NONE', #4635, #1351, #2464 ) ;
#5055 = VERTEX_POINT ( 'NONE', #1435 ) ;
#5056 = CARTESIAN_POINT ( 'NONE',  ( 16.73648137423847970, 48.10149476870488883, 28.09500000000017650 ) ) ;
#5057 = EDGE_LOOP ( 'NONE', ( #1914, #2642, #3442, #1379 ) ) ;
#5058 = CARTESIAN_POINT ( 'NONE',  ( 2.751199999999998536, 13.13269476870496177, -36.82999999999999829 ) ) ;
#5059 = AXIS2_PLACEMENT_3D ( 'NONE', #3797, #5728, #4770 ) ;
#5060 = EDGE_CURVE ( 'NONE', #2897, #769, #1869, .T. ) ;
#5061 = LINE ( 'NONE', #4643, #3711 ) ;
#5062 = DIRECTION ( 'NONE',  ( 0.000000000000000000, 0.000000000000000000, -1.000000000000000000 ) ) ;
#5063 = EDGE_LOOP ( 'NONE', ( #5877, #5611 ) ) ;
#5064 = VECTOR ( 'NONE', #1908, 1000.000000000000000 ) ;
#5065 = CARTESIAN_POINT ( 'NONE',  ( 0.5000000000000056621, -3.926503319182135243, -24.14499999999445023 ) ) ;
#5066 = ORIENTED_EDGE ( 'NONE', *, *, #3219, .F. ) ;
#5067 = CARTESIAN_POINT ( 'NONE',  ( 9.652000000000001023, 6.473494768704890490, 18.84780000001660127 ) ) ;
#5068 = EDGE_LOOP ( 'NONE', ( #878, #5151 ) ) ;
#5069 = DIRECTION ( 'NONE',  ( 0.000000000000000000, 0.000000000000000000, 1.000000000000000000 ) ) ;
#5070 = EDGE_CURVE ( 'NONE', #3273, #5827, #1463, .T. ) ;
#5071 = AXIS2_PLACEMENT_3D ( 'NONE', #1477, #2771, #5629 ) ;
#5072 = DIRECTION ( 'NONE',  ( 0.000000000000000000, 1.000000000000000000, 0.000000000000000000 ) ) ;
#5073 = ORIENTED_EDGE ( 'NONE', *, *, #2332, .F. ) ;
#5074 = DIRECTION ( 'NONE',  ( -1.000000000000000000, 0.000000000000000000, 0.000000000000000000 ) ) ;
#5075 = VECTOR ( 'NONE', #3991, 1000.000000000000000 ) ;
#5076 = DIRECTION ( 'NONE',  ( 1.000000000000000000, 0.000000000000000000, 0.000000000000000000 ) ) ;
#5077 = EDGE_CURVE ( 'NONE', #1664, #3746, #3426, .T. ) ;
#5078 = LINE ( 'NONE', #2012, #4109 ) ;
#5079 = DIRECTION ( 'NONE',  ( -1.000000000000000000, 0.000000000000000000, 0.000000000000000000 ) ) ;
#5080 = ORIENTED_EDGE ( 'NONE', *, *, #1892, .T. ) ;
#5081 = CARTESIAN_POINT ( 'NONE',  ( 3.370646808526040594, 8.230349165073162609, 22.02537387730560070 ) ) ;
#5082 = VERTEX_POINT ( 'NONE', #964 ) ;
#5083 = AXIS2_PLACEMENT_3D ( 'NONE', #3615, #4530, #1574 ) ;
#5084 = EDGE_CURVE ( 'NONE', #3257, #283, #4810, .T. ) ;
#5085 = DIRECTION ( 'NONE',  ( 0.000000000000000000, 0.000000000000000000, -1.000000000000000000 ) ) ;
#5086 = DIRECTION ( 'NONE',  ( 0.000000000000000000, 0.000000000000000000, -1.000000000000000000 ) ) ;
#5087 = AXIS2_PLACEMENT_3D ( 'NONE', #931, #2841, #3874 ) ;
#5088 = DIRECTION ( 'NONE',  ( 1.000000000000000000, 0.000000000000000000, 0.000000000000000000 ) ) ;
#5089 = AXIS2_PLACEMENT_3D ( 'NONE', #3556, #121, #1093 ) ;
#5090 = ORIENTED_EDGE ( 'NONE', *, *, #5883, .T. ) ;
#5091 = DIRECTION ( 'NONE',  ( -1.000000000000000000, 0.000000000000000000, 0.000000000000000000 ) ) ;
#5092 = ORIENTED_EDGE ( 'NONE', *, *, #1082, .T. ) ;
#5093 = CARTESIAN_POINT ( 'NONE',  ( 3.759199999999999875, 9.373494768704960123, 21.33700000001659802 ) ) ;
#5094 = ADVANCED_FACE ( 'NONE', ( #374 ), #1906, .T. ) ;
#5095 = VECTOR ( 'NONE', #1247, 1000.000000000000000 ) ;
#5096 = DIRECTION ( 'NONE',  ( 0.000000000000000000, 0.000000000000000000, -1.000000000000000000 ) ) ;
#5097 = CARTESIAN_POINT ( 'NONE',  ( 0.5000000000000056621, -8.994361398043880129, -23.65299999999444935 ) ) ;
#5098 = ORIENTED_EDGE ( 'NONE', *, *, #2620, .T. ) ;
#5099 = AXIS2_PLACEMENT_3D ( 'NONE', #463, #5394, #954 ) ;
#5100 = CARTESIAN_POINT ( 'NONE',  ( 0.5080000000000000071, 5.614294768704970018, -15.13619999998369892 ) ) ;
#5101 = ORIENTED_EDGE ( 'NONE', *, *, #773, .T. ) ;
#5102 = DIRECTION ( 'NONE',  ( 0.000000000000000000, 0.000000000000000000, -1.000000000000000000 ) ) ;
#5103 = ORIENTED_EDGE ( 'NONE', *, *, #565, .T. ) ;
#5104 = CIRCLE ( 'NONE', #5848, 27.00000000000165556 ) ;
#5105 = CARTESIAN_POINT ( 'NONE',  ( 0.000000000000000000, -5.473161398043879800, -19.63224960392044949 ) ) ;
#5106 = VERTEX_POINT ( 'NONE', #472 ) ;
#5107 = EDGE_CURVE ( 'NONE', #5944, #5116, #3460, .T. ) ;
#5108 = FACE_OUTER_BOUND ( 'NONE', #6070, .T. ) ;
#5109 = DIRECTION ( 'NONE',  ( 0.7071067811865512365, 0.7071067811865439090, 0.000000000000000000 ) ) ;
#5110 = DIRECTION ( 'NONE',  ( -1.000000000000000000, -0.000000000000000000, -0.000000000000000000 ) ) ;
#5111 = DIRECTION ( 'NONE',  ( 0.000000000000000000, 0.000000000000000000, -1.000000000000000000 ) ) ;
#5112 = ORIENTED_EDGE ( 'NONE', *, *, #4762, .F. ) ;
#5113 = EDGE_CURVE ( 'NONE', #1306, #1590, #3393, .T. ) ;
#5114 = CARTESIAN_POINT ( 'NONE',  ( 3.439654060133479518, 7.907865325374421772, 21.95780691187929889 ) ) ;
#5115 = ORIENTED_EDGE ( 'NONE', *, *, #6229, .F. ) ;
#5116 = VERTEX_POINT ( 'NONE', #3331 ) ;
#5117 = DIRECTION ( 'NONE',  ( -1.000000000000000000, 0.000000000000000000, 0.000000000000000000 ) ) ;
#5118 = FACE_OUTER_BOUND ( 'NONE', #1271, .T. ) ;
#5119 = EDGE_CURVE ( 'NONE', #6268, #3476, #3128, .T. ) ;
#5120 = ORIENTED_EDGE ( 'NONE', *, *, #4424, .T. ) ;
#5121 = DIRECTION ( 'NONE',  ( -0.7071067811865411334, 0.000000000000000000, -0.7071067811865539010 ) ) ;
#5122 = ORIENTED_EDGE ( 'NONE', *, *, #3537, .F. ) ;
#5123 = DIRECTION ( 'NONE',  ( -1.000000000000000000, 0.000000000000000000, 0.000000000000000000 ) ) ;
#5124 = VECTOR ( 'NONE', #177, 1000.000000000000000 ) ;
#5125 = FACE_OUTER_BOUND ( 'NONE', #2113, .T. ) ;
#5126 = CARTESIAN_POINT ( 'NONE',  ( 0.5000000000000052180, 9.881494768704969900, 36.82999999999999829 ) ) ;
#5127 = EDGE_CURVE ( 'NONE', #927, #2262, #2486, .T. ) ;
#5128 = ORIENTED_EDGE ( 'NONE', *, *, #5678, .F. ) ;
#5129 = DIRECTION ( 'NONE',  ( 0.000000000000000000, 0.000000000000000000, -1.000000000000000000 ) ) ;
#5130 = ORIENTED_EDGE ( 'NONE', *, *, #1601, .T. ) ;
#5131 = FACE_OUTER_BOUND ( 'NONE', #1109, .T. ) ;
#5132 = CIRCLE ( 'NONE', #999, 3.751199999999996315 ) ;
#5133 = CIRCLE ( 'NONE', #4201, 0.9906000000000012573 ) ;
#5134 = EDGE_LOOP ( 'NONE', ( #4619, #6074, #2752, #5770 ) ) ;
#5135 = DIRECTION ( 'NONE',  ( 0.000000000000000000, 0.000000000000000000, -1.000000000000000000 ) ) ;
#5136 = FACE_OUTER_BOUND ( 'NONE', #1777, .T. ) ;
#5137 = CARTESIAN_POINT ( 'NONE',  ( 0.000000000000000000, 6.630294768704969144, 21.34500000001659004 ) ) ;
#5138 = PRESENTATION_LAYER_ASSIGNMENT (  '', '', ( #2765 ) ) ;
#5139 = EDGE_CURVE ( 'NONE', #2222, #2772, #5368, .T. ) ;
#5140 = ORIENTED_EDGE ( 'NONE', *, *, #3796, .F. ) ;
#5141 = DIRECTION ( 'NONE',  ( 0.000000000000000000, -3.252606517460313466E-13, -1.000000000000000000 ) ) ;
#5142 = ORIENTED_EDGE ( 'NONE', *, *, #1614, .F. ) ;
#5143 = CARTESIAN_POINT ( 'NONE',  ( 3.644558645389347262, 7.071153772254975323, 21.85799734972575692 ) ) ;
#5144 = CARTESIAN_POINT ( 'NONE',  ( 0.5080000000000000071, -5.473161398043879800, -19.63224960392044949 ) ) ;
#5145 = TOROIDAL_SURFACE ( 'NONE', #4018, 1.016000000000000014, 0.5080000000000000071 ) ;
#5146 = EDGE_CURVE ( 'NONE', #750, #656, #1339, .T. ) ;
#5147 = DIRECTION ( 'NONE',  ( -1.000000000000000000, 0.000000000000000000, 0.000000000000000000 ) ) ;
#5148 = DIRECTION ( 'NONE',  ( -1.000000000000000000, -0.000000000000000000, -0.000000000000000000 ) ) ;
#5149 = VECTOR ( 'NONE', #5657, 1000.000000000000114 ) ;
#5150 = FACE_OUTER_BOUND ( 'NONE', #6077, .T. ) ;
#5151 = ORIENTED_EDGE ( 'NONE', *, *, #1843, .T. ) ;
#5152 = CARTESIAN_POINT ( 'NONE',  ( 1.423717887752715905, -3.199852626895793417, -16.22128211224728034 ) ) ;
#5153 = EDGE_CURVE ( 'NONE', #5569, #328, #4397, .T. ) ;
#5154 = CIRCLE ( 'NONE', #2988, 0.5080000000000015614 ) ;
#5155 = AXIS2_PLACEMENT_3D ( 'NONE', #4886, #5333, #3876 ) ;
#5156 = LINE ( 'NONE', #590, #2478 ) ;
#5157 = EDGE_LOOP ( 'NONE', ( #4080, #4249, #579, #587 ) ) ;
#5158 = CARTESIAN_POINT ( 'NONE',  ( 0.5000000000000056621, -10.22387382247591958, -5.902756303567260332 ) ) ;
#5159 = EDGE_LOOP ( 'NONE', ( #5808, #4835, #383, #2435 ) ) ;
#5160 = AXIS2_PLACEMENT_3D ( 'NONE', #4877, #1995, #2935 ) ;
#5161 = VECTOR ( 'NONE', #5704, 1000.000000000000000 ) ;
#5162 = EDGE_CURVE ( 'NONE', #5241, #2897, #852, .T. ) ;
#5163 = VECTOR ( 'NONE', #165, 1000.000000000000000 ) ;
#5164 = CARTESIAN_POINT ( 'NONE',  ( 3.251200000000000312, 9.881494768704969900, 36.82999999999999829 ) ) ;
#5165 = VERTEX_POINT ( 'NONE', #4615 ) ;
#5166 = CARTESIAN_POINT ( 'NONE',  ( 10.16000000000000014, 1.814613497994890023, 18.84780000001660127 ) ) ;
#5167 = DIRECTION ( 'NONE',  ( 0.7071067811865512365, -0.000000000000000000, 0.7071067811865439090 ) ) ;
#5168 = CARTESIAN_POINT ( 'NONE',  ( 9.652000000000001023, 1.306613497994890016, 18.84780000001660127 ) ) ;
#5169 = AXIS2_PLACEMENT_3D ( 'NONE', #5466, #3463, #5535 ) ;
#5170 = CARTESIAN_POINT ( 'NONE',  ( -1.084202172485503941E-16, 5.614294768704970018, -16.84419999998399931 ) ) ;
#5171 = ORIENTED_EDGE ( 'NONE', *, *, #3859, .T. ) ;
#5172 = AXIS2_PLACEMENT_3D ( 'NONE', #5164, #3613, #4686 ) ;
#5173 = CARTESIAN_POINT ( 'NONE',  ( 10.16000000000000014, -5.473161398043879800, -19.63224960392044949 ) ) ;
#5174 = ORIENTED_EDGE ( 'NONE', *, *, #4253, .F. ) ;
#5175 = VERTEX_POINT ( 'NONE', #2579 ) ;
#5176 = ADVANCED_FACE ( 'NONE', ( #2099 ), #1387, .F. ) ;
#5177 = FACE_OUTER_BOUND ( 'NONE', #3471, .T. ) ;
#5178 = AXIS2_PLACEMENT_3D ( 'NONE', #2852, #1418, #1513 ) ;
#5179 = CARTESIAN_POINT ( 'NONE',  ( 0.5000000000000056621, 0.000000000000000000, -24.65299999999444935 ) ) ;
#5180 = FACE_OUTER_BOUND ( 'NONE', #486, .T. ) ;
#5181 = CARTESIAN_POINT ( 'NONE',  ( 10.16000000000000014, -9.994361398043869471, 0.000000000000000000 ) ) ;
#5182 = ORIENTED_EDGE ( 'NONE', *, *, #3878, .T. ) ;
#5183 = CIRCLE ( 'NONE', #2405, 1.498599999999999266 ) ;
#5184 = EDGE_CURVE ( 'NONE', #6248, #4031, #5294, .T. ) ;
#5185 = DIRECTION ( 'NONE',  ( 0.000000000000000000, 0.000000000000000000, -1.000000000000000000 ) ) ;
#5186 = EDGE_CURVE ( 'NONE', #2550, #2465, #3260, .T. ) ;
#5187 = ORIENTED_EDGE ( 'NONE', *, *, #484, .F. ) ;
#5188 = DIRECTION ( 'NONE',  ( 0.000000000000000000, 0.000000000000000000, -1.000000000000000000 ) ) ;
#5189 = AXIS2_PLACEMENT_3D ( 'NONE', #5631, #2741, #4620 ) ;
#5190 = CARTESIAN_POINT ( 'NONE',  ( 10.16000000000000014, 9.881494768704969900, 21.33700000001659802 ) ) ;
#5191 = DIRECTION ( 'NONE',  ( 0.7071067811865439090, -0.7071067811865512365, 0.000000000000000000 ) ) ;
#5192 = ORIENTED_EDGE ( 'NONE', *, *, #994, .F. ) ;
#5193 = DIRECTION ( 'NONE',  ( 0.000000000000000000, 0.000000000000000000, -1.000000000000000000 ) ) ;
#5194 = ADVANCED_FACE ( 'NONE', ( #4588 ), #2745, .T. ) ;
#5195 = LINE ( 'NONE', #3188, #5149 ) ;
#5196 = EDGE_LOOP ( 'NONE', ( #5563, #1644, #3744, #458 ) ) ;
#5197 = CONICAL_SURFACE ( 'NONE', #5834, 1.574999999999999956, 0.7853981633974418397 ) ;
#5198 = DIRECTION ( 'NONE',  ( 0.000000000000000000, -1.000000000000000000, 3.110115820146109861E-16 ) ) ;
#5199 = DIRECTION ( 'NONE',  ( 0.000000000000000000, 0.000000000000000000, -1.000000000000000000 ) ) ;
#5200 = ORIENTED_EDGE ( 'NONE', *, *, #4478, .T. ) ;
#5201 = DIRECTION ( 'NONE',  ( 1.000000000000000000, 0.000000000000000000, 0.000000000000000000 ) ) ;
#5202 = EDGE_CURVE ( 'NONE', #4107, #5989, #6190, .T. ) ;
#5203 = DIRECTION ( 'NONE',  ( 0.000000000000000000, 3.771137991253929806E-17, -1.000000000000000000 ) ) ;
#5204 = CIRCLE ( 'NONE', #3753, 1.574999999999999956 ) ;
#5205 = DIRECTION ( 'NONE',  ( -1.000000000000000000, 0.000000000000000000, 0.000000000000000000 ) ) ;
#5206 = CARTESIAN_POINT ( 'NONE',  ( 0.000000000000000000, -1.952586502005099423, 0.000000000000000000 ) ) ;
#5207 = EDGE_LOOP ( 'NONE', ( #3189, #2266, #4720, #3944 ) ) ;
#5208 = DIRECTION ( 'NONE',  ( -1.000000000000000000, -0.000000000000000000, -0.000000000000000000 ) ) ;
#5209 = ORIENTED_EDGE ( 'NONE', *, *, #2721, .F. ) ;
#5210 = EDGE_LOOP ( 'NONE', ( #5637, #3809, #1521, #1752 ) ) ;
#5211 = FACE_OUTER_BOUND ( 'NONE', #2475, .T. ) ;
#5212 = DIRECTION ( 'NONE',  ( 1.000000000000000000, 0.000000000000000000, 0.000000000000000000 ) ) ;
#5213 = DIRECTION ( 'NONE',  ( -0.7071067811865521247, 0.000000000000000000, 0.7071067811865430208 ) ) ;
#5214 = FACE_OUTER_BOUND ( 'NONE', #5621, .T. ) ;
#5215 = ORIENTED_EDGE ( 'NONE', *, *, #589, .T. ) ;
#5216 = CARTESIAN_POINT ( 'NONE',  ( 3.614578870595653193, 6.872492868797158039, 21.85367177967875563 ) ) ;
#5217 = ORIENTED_EDGE ( 'NONE', *, *, #4907, .F. ) ;
#5218 = CARTESIAN_POINT ( 'NONE',  ( 0.000000000000000000, 48.10149476870488883, -30.40499999999982705 ) ) ;
#5219 = EDGE_CURVE ( 'NONE', #1277, #4318, #3060, .T. ) ;
#5220 = DIRECTION ( 'NONE',  ( -1.000000000000000000, -0.000000000000000000, -0.000000000000000000 ) ) ;
#5221 = ORIENTED_EDGE ( 'NONE', *, *, #1034, .F. ) ;
#5222 = CARTESIAN_POINT ( 'NONE',  ( 3.251200000000000312, 13.13269476870496177, -33.57880000000000109 ) ) ;
#5223 = AXIS2_PLACEMENT_3D ( 'NONE', #5292, #5325, #2419 ) ;
#5224 = CARTESIAN_POINT ( 'NONE',  ( 3.759199999999999875, 7.557776880929980123, -19.01886046992675006 ) ) ;
#5225 = EDGE_CURVE ( 'NONE', #2125, #5747, #3994, .T. ) ;
#5226 = DIRECTION ( 'NONE',  ( 0.000000000000000000, 0.000000000000000000, -1.000000000000000000 ) ) ;
#5227 = DIRECTION ( 'NONE',  ( -0.7071067811865521247, 8.659560562354877391E-17, -0.7071067811865430208 ) ) ;
#5228 = ORIENTED_EDGE ( 'NONE', *, *, #2380, .F. ) ;
#5229 = CARTESIAN_POINT ( 'NONE',  ( 0.5000000000000052180, 52.35029476870499821, -33.57880000000000109 ) ) ;
#5230 = ORIENTED_EDGE ( 'NONE', *, *, #484, .T. ) ;
#5231 = CARTESIAN_POINT ( 'NONE',  ( 10.16000000000000014, 13.65069425659989832, 9.380249238660770317 ) ) ;
#5232 = DIRECTION ( 'NONE',  ( 0.000000000000000000, 0.000000000000000000, -1.000000000000000000 ) ) ;
#5233 = AXIS2_PLACEMENT_3D ( 'NONE', #816, #5286, #2828 ) ;
#5234 = ORIENTED_EDGE ( 'NONE', *, *, #46, .F. ) ;
#5235 = AXIS2_PLACEMENT_3D ( 'NONE', #1815, #2892, #5320 ) ;
#5236 = ADVANCED_FACE ( 'NONE', ( #4979 ), #6041, .F. ) ;
#5237 = ORIENTED_EDGE ( 'NONE', *, *, #1731, .F. ) ;
#5238 = CARTESIAN_POINT ( 'NONE',  ( 0.5000000000000004441, 48.10149476870488883, -26.75499999999983558 ) ) ;
#5239 = VERTEX_POINT ( 'NONE', #2002 ) ;
#5240 = CARTESIAN_POINT ( 'NONE',  ( 0.5080000000000000071, 2.065286086174685121, -14.44419999998338078 ) ) ;
#5241 = VERTEX_POINT ( 'NONE', #2128 ) ;
#5242 = DIRECTION ( 'NONE',  ( 0.000000000000000000, 0.000000000000000000, 1.000000000000000000 ) ) ;
#5243 = EDGE_CURVE ( 'NONE', #2408, #2053, #2338, .T. ) ;
#5244 = FACE_OUTER_BOUND ( 'NONE', #3121, .T. ) ;
#5245 = DIRECTION ( 'NONE',  ( 1.000000000000000000, 0.000000000000000000, 0.000000000000000000 ) ) ;
#5246 = DIRECTION ( 'NONE',  ( -1.000000000000000000, -0.000000000000000000, -0.000000000000000000 ) ) ;
#5247 = VERTEX_POINT ( 'NONE', #1501 ) ;
#5248 = CARTESIAN_POINT ( 'NONE',  ( 3.251200000000000312, 10.38949476870496014, 8.045702212164499784E-16 ) ) ;
#5249 = DIRECTION ( 'NONE',  ( 0.000000000000000000, 0.000000000000000000, -1.000000000000000000 ) ) ;
#5250 = ORIENTED_EDGE ( 'NONE', *, *, #2306, .F. ) ;
#5251 = CARTESIAN_POINT ( 'NONE',  ( 3.478208715253467087, 7.740765603652950411, 21.92950122818178826 ) ) ;
#5252 = EDGE_LOOP ( 'NONE', ( #34, #6085, #3731, #2970 ) ) ;
#5253 = CARTESIAN_POINT ( 'NONE',  ( 0.000000000000000000, 17.10149476870488527, 29.67000000000017579 ) ) ;
#5254 = DIRECTION ( 'NONE',  ( 0.000000000000000000, -1.000000000000000000, -2.188495091758580164E-16 ) ) ;
#5255 = CARTESIAN_POINT ( 'NONE',  ( 3.251200000000000312, 52.35029476870499821, -36.33000000000000540 ) ) ;
#5256 = CONICAL_SURFACE ( 'NONE', #2055, 1.574999999999999956, 0.7853981633974721488 ) ;
#5257 = EDGE_LOOP ( 'NONE', ( #5365, #4654, #6156, #5778 ) ) ;
#5258 = FACE_OUTER_BOUND ( 'NONE', #1362, .T. ) ;
#5259 = DIRECTION ( 'NONE',  ( 0.000000000000000000, -1.000000000000000000, -3.035386659626960118E-16 ) ) ;
#5260 = EDGE_CURVE ( 'NONE', #2728, #469, #51, .T. ) ;
#5261 = CIRCLE ( 'NONE', #710, 0.5080000000000015614 ) ;
#5262 = CARTESIAN_POINT ( 'NONE',  ( 7.951199999999901458, 17.10149476870488527, 29.67000000000017579 ) ) ;
#5263 = CARTESIAN_POINT ( 'NONE',  ( 3.663499442084894309, 7.130268364133022452, -23.57435931160607723 ) ) ;
#5264 = AXIS2_PLACEMENT_3D ( 'NONE', #5619, #4085, #4019 ) ;
#5265 = CIRCLE ( 'NONE', #1737, 3.251199999999999424 ) ;
#5266 = FACE_OUTER_BOUND ( 'NONE', #3095, .T. ) ;
#5267 = ORIENTED_EDGE ( 'NONE', *, *, #2357, .F. ) ;
#5268 = DIRECTION ( 'NONE',  ( 0.000000000000000000, -1.000000000000000000, 3.110115820146109861E-16 ) ) ;
#5269 = PLANE ( 'NONE',  #1855 ) ;
#5270 = EDGE_CURVE ( 'NONE', #4194, #5239, #4609, .T. ) ;
#5271 = VERTEX_POINT ( 'NONE', #6073 ) ;
#5272 = ORIENTED_EDGE ( 'NONE', *, *, #4485, .F. ) ;
#5273 = CARTESIAN_POINT ( 'NONE',  ( 0.5000000000000004441, 17.10149476870488527, -28.32999999999983487 ) ) ;
#5274 = ORIENTED_EDGE ( 'NONE', *, *, #2386, .T. ) ;
#5275 = FACE_OUTER_BOUND ( 'NONE', #4625, .T. ) ;
#5276 = CIRCLE ( 'NONE', #4971, 0.5080000000000015614 ) ;
#5277 = EDGE_CURVE ( 'NONE', #1634, #1690, #1147, .T. ) ;
#5278 = CIRCLE ( 'NONE', #2805, 3.251199999999999424 ) ;
#5279 = FACE_OUTER_BOUND ( 'NONE', #3129, .T. ) ;
#5280 = DIRECTION ( 'NONE',  ( 0.7071067811865439090, 0.000000000000000000, -0.7071067811865512365 ) ) ;
#5281 = DIRECTION ( 'NONE',  ( 0.000000000000000000, 0.000000000000000000, -1.000000000000000000 ) ) ;
#5282 = VERTEX_POINT ( 'NONE', #81 ) ;
#5283 = CARTESIAN_POINT ( 'NONE',  ( 8.251199999999903056, 32.60149476870488883, 0.6700000000001704592 ) ) ;
#5284 = EDGE_CURVE ( 'NONE', #4188, #775, #2545, .T. ) ;
#5285 = AXIS2_PLACEMENT_3D ( 'NONE', #2592, #5048, #3560 ) ;
#5286 = DIRECTION ( 'NONE',  ( 1.000000000000000000, 0.000000000000000000, 0.000000000000000000 ) ) ;
#5287 = CARTESIAN_POINT ( 'NONE',  ( 0.000000000000000000, -1.944586502005110074, 13.54500000001663018 ) ) ;
#5288 = CARTESIAN_POINT ( 'NONE',  ( 3.251200000000000312, 17.10149476870488527, -28.32999999999983487 ) ) ;
#5289 = ORIENTED_EDGE ( 'NONE', *, *, #6244, .F. ) ;
#5290 = FACE_OUTER_BOUND ( 'NONE', #4005, .T. ) ;
#5291 = EDGE_CURVE ( 'NONE', #167, #5239, #2645, .T. ) ;
#5292 = CARTESIAN_POINT ( 'NONE',  ( 10.16000000000000014, 6.473494768704890490, 18.84780000001660127 ) ) ;
#5293 = DIRECTION ( 'NONE',  ( 1.000000000000000000, 0.000000000000000000, 0.000000000000000000 ) ) ;
#5294 = CIRCLE ( 'NONE', #3270, 2.699999999999980194 ) ;
#5295 = CARTESIAN_POINT ( 'NONE',  ( 3.556624981953870002, 7.258648030399537099, -23.59695965531015815 ) ) ;
#5296 = VECTOR ( 'NONE', #4844, 1000.000000000000000 ) ;
#5297 = DIRECTION ( 'NONE',  ( 0.000000000000000000, 0.000000000000000000, -1.000000000000000000 ) ) ;
#5298 = EDGE_LOOP ( 'NONE', ( #1723, #2846, #5101, #419 ) ) ;
#5299 = CARTESIAN_POINT ( 'NONE',  ( 10.16000000000000014, 5.981494768704890497, -10.95499999998338048 ) ) ;
#5300 = CARTESIAN_POINT ( 'NONE',  ( 7.951199999999892576, 48.10149476870488883, -28.32999999999983487 ) ) ;
#5301 = VERTEX_POINT ( 'NONE', #3575 ) ;
#5302 = AXIS2_PLACEMENT_3D ( 'NONE', #17, #3966, #4119 ) ;
#5303 = DIRECTION ( 'NONE',  ( 1.000000000000000000, -0.000000000000000000, -0.000000000000000000 ) ) ;
#5304 = EDGE_LOOP ( 'NONE', ( #2276, #2382, #4097, #4984 ) ) ;
#5305 = EDGE_CURVE ( 'NONE', #3461, #2912, #4182, .T. ) ;
#5306 = DIRECTION ( 'NONE',  ( 0.000000000000000000, 0.000000000000000000, 1.000000000000000000 ) ) ;
#5307 = ORIENTED_EDGE ( 'NONE', *, *, #5461, .F. ) ;
#5308 = DIRECTION ( 'NONE',  ( 1.000000000000000000, 0.000000000000000000, 0.000000000000000000 ) ) ;
#5309 = VERTEX_POINT ( 'NONE', #665 ) ;
#5310 = CIRCLE ( 'NONE', #5417, 1.015999999999999570 ) ;
#5311 = DIRECTION ( 'NONE',  ( 0.7071067811865509034, 0.7071067811865442421, 0.000000000000000000 ) ) ;
#5312 = CIRCLE ( 'NONE', #3441, 8.839199999999998170 ) ;
#5313 = EDGE_CURVE ( 'NONE', #3490, #4325, #6300, .T. ) ;
#5314 = CARTESIAN_POINT ( 'NONE',  ( 2.751199999999998980, 8.692589132800922158, -24.27347423654222780 ) ) ;
#5315 = EDGE_LOOP ( 'NONE', ( #1144, #5215, #152, #2427 ) ) ;
#5316 = LINE ( 'NONE', #388, #4875 ) ;
#5317 = VERTEX_POINT ( 'NONE', #2670 ) ;
#5318 = CARTESIAN_POINT ( 'NONE',  ( 3.280401817379820617, 7.449065294816438865, 21.94939344149111804 ) ) ;
#5319 = CARTESIAN_POINT ( 'NONE',  ( 0.5000000000000056621, 5.981494768704890497, 12.04500000001662130 ) ) ;
#5320 = DIRECTION ( 'NONE',  ( 0.000000000000000000, 0.000000000000000000, 1.000000000000000000 ) ) ;
#5321 = EDGE_CURVE ( 'NONE', #5271, #4605, #2768, .T. ) ;
#5322 = FACE_OUTER_BOUND ( 'NONE', #310, .T. ) ;
#5323 = ORIENTED_EDGE ( 'NONE', *, *, #4033, .F. ) ;
#5324 = FACE_BOUND ( 'NONE', #835, .T. ) ;
#5325 = DIRECTION ( 'NONE',  ( 1.000000000000000000, 0.000000000000000000, 0.000000000000000000 ) ) ;
#5326 = ADVANCED_FACE ( 'NONE', ( #4219 ), #467, .F. ) ;
#5327 = CARTESIAN_POINT ( 'NONE',  ( 0.000000000000000000, -2.720422585859060050, 18.59380000001660349 ) ) ;
#5328 = FACE_OUTER_BOUND ( 'NONE', #5663, .T. ) ;
#5329 = DIRECTION ( 'NONE',  ( 0.000000000000000000, 0.000000000000000000, -1.000000000000000000 ) ) ;
#5330 = ORIENTED_EDGE ( 'NONE', *, *, #1493, .F. ) ;
#5331 = CARTESIAN_POINT ( 'NONE',  ( 0.5000000000000052180, 55.60149476870499541, 33.57880000000000109 ) ) ;
#5332 = ORIENTED_EDGE ( 'NONE', *, *, #1008, .F. ) ;
#5333 = DIRECTION ( 'NONE',  ( 0.000000000000000000, 0.000000000000000000, -1.000000000000000000 ) ) ;
#5334 = ORIENTED_EDGE ( 'NONE', *, *, #2397, .F. ) ;
#5335 = DIRECTION ( 'NONE',  ( 0.000000000000000000, -1.000000000000000000, 3.035386659626960118E-16 ) ) ;
#5336 = ORIENTED_EDGE ( 'NONE', *, *, #497, .T. ) ;
#5337 = DIRECTION ( 'NONE',  ( 0.000000000000000000, 0.000000000000000000, 1.000000000000000000 ) ) ;
#5338 = VECTOR ( 'NONE', #2960, 1000.000000000000000 ) ;
#5339 = ORIENTED_EDGE ( 'NONE', *, *, #5648, .F. ) ;
#5340 = CONICAL_SURFACE ( 'NONE', #5235, 2.699999999999980194, 0.7853981633974670418 ) ;
#5341 = EDGE_CURVE ( 'NONE', #5729, #5378, #6234, .T. ) ;
#5342 = DIRECTION ( 'NONE',  ( 1.000000000000000000, 0.000000000000000000, 0.000000000000000000 ) ) ;
#5343 = VECTOR ( 'NONE', #4313, 1000.000000000000000 ) ;
#5344 = CIRCLE ( 'NONE', #3173, 3.751200000000010082 ) ;
#5345 = DIRECTION ( 'NONE',  ( -1.000000000000000000, 0.000000000000000000, 0.000000000000000000 ) ) ;
#5346 = ORIENTED_EDGE ( 'NONE', *, *, #3434, .T. ) ;
#5347 = PLANE ( 'NONE',  #5178 ) ;
#5348 = ORIENTED_EDGE ( 'NONE', *, *, #1283, .F. ) ;
#5349 = CARTESIAN_POINT ( 'NONE',  ( 2.841947687943936263, 8.379331612498569726, 22.35503274815466312 ) ) ;
#5350 = ORIENTED_EDGE ( 'NONE', *, *, #6305, .F. ) ;
#5351 = CARTESIAN_POINT ( 'NONE',  ( 8.251199999999903056, 48.10149476870488883, -31.02999999999981640 ) ) ;
#5352 = EDGE_CURVE ( 'NONE', #5317, #5975, #58, .T. ) ;
#5353 = AXIS2_PLACEMENT_3D ( 'NONE', #3174, #1681, #3661 ) ;
#5354 = CARTESIAN_POINT ( 'NONE',  ( 3.084533333333333349, 9.075200883048449185, 22.47488099809721973 ) ) ;
#5355 = DIRECTION ( 'NONE',  ( 0.000000000000000000, 0.000000000000000000, 1.000000000000000000 ) ) ;
#5356 = CARTESIAN_POINT ( 'NONE',  ( 0.5000000000000052180, 13.13269476870496177, -36.82999999999999829 ) ) ;
#5357 = ORIENTED_EDGE ( 'NONE', *, *, #4210, .F. ) ;
#5358 = CARTESIAN_POINT ( 'NONE',  ( 16.73648137423847970, 17.10149476870488527, -28.32999999999983487 ) ) ;
#5359 = CARTESIAN_POINT ( 'NONE',  ( 3.125597207824059254, 7.737008193753920793, 22.03913756682482372 ) ) ;
#5360 = EDGE_CURVE ( 'NONE', #2897, #5034, #5733, .T. ) ;
#5361 = AXIS2_PLACEMENT_3D ( 'NONE', #3280, #5245, #809 ) ;
#5362 = LINE ( 'NONE', #1430, #1027 ) ;
#5363 = CARTESIAN_POINT ( 'NONE',  ( 16.73648137423847970, 48.10149476870488883, 32.67000000000017934 ) ) ;
#5364 = CARTESIAN_POINT ( 'NONE',  ( 3.529652285220643115, 7.291256868130985502, -23.60348448319718884 ) ) ;
#5365 = ORIENTED_EDGE ( 'NONE', *, *, #3761, .T. ) ;
#5366 = CARTESIAN_POINT ( 'NONE',  ( 2.751199999999998536, 9.881494768704969900, 25.09620000001660145 ) ) ;
#5367 = CIRCLE ( 'NONE', #5790, 0.5080000000000000071 ) ;
#5368 = LINE ( 'NONE', #3808, #4375 ) ;
#5369 = CARTESIAN_POINT ( 'NONE',  ( 0.5000000000000056621, 5.981494768704890497, -11.95499999998338048 ) ) ;
#5370 = EDGE_CURVE ( 'NONE', #1070, #4752, #1090, .T. ) ;
#5371 = VERTEX_POINT ( 'NONE', #1212 ) ;
#5372 = AXIS2_PLACEMENT_3D ( 'NONE', #3094, #1627, #5030 ) ;
#5373 = ORIENTED_EDGE ( 'NONE', *, *, #1220, .T. ) ;
#5374 = CIRCLE ( 'NONE', #4124, 1.875000000000015543 ) ;
#5375 = LINE ( 'NONE', #380, #725 ) ;
#5376 = ORIENTED_EDGE ( 'NONE', *, *, #3761, .F. ) ;
#5377 = CARTESIAN_POINT ( 'NONE',  ( 0.000000000000000000, -4.614219561762243238, -16.63592049772405090 ) ) ;
#5378 = VERTEX_POINT ( 'NONE', #765 ) ;
#5379 = ORIENTED_EDGE ( 'NONE', *, *, #3769, .F. ) ;
#5380 = AXIS2_PLACEMENT_3D ( 'NONE', #3419, #5863, #1524 ) ;
#5381 = CARTESIAN_POINT ( 'NONE',  ( 0.5000000000000056621, -4.609811911349869895, -16.13459677047480056 ) ) ;
#5382 = PLANE ( 'NONE',  #606 ) ;
#5383 = ORIENTED_EDGE ( 'NONE', *, *, #4104, .F. ) ;
#5384 = CIRCLE ( 'NONE', #2685, 0.5079999999999997851 ) ;
#5385 = DIRECTION ( 'NONE',  ( 0.000000000000000000, 0.000000000000000000, -1.000000000000000000 ) ) ;
#5386 = LINE ( 'NONE', #2799, #2173 ) ;
#5387 = ORIENTED_EDGE ( 'NONE', *, *, #1985, .F. ) ;
#5388 = LINE ( 'NONE', #4349, #3069 ) ;
#5389 = VECTOR ( 'NONE', #6045, 999.9999999999998863 ) ;
#5390 = CARTESIAN_POINT ( 'NONE',  ( 16.73648137423847970, 17.10149476870488527, 28.09500000000017650 ) ) ;
#5391 = EDGE_CURVE ( 'NONE', #3195, #6175, #243, .T. ) ;
#5392 = ORIENTED_EDGE ( 'NONE', *, *, #5107, .F. ) ;
#5393 = AXIS2_PLACEMENT_3D ( 'NONE', #4056, #498, #5007 ) ;
#5394 = DIRECTION ( 'NONE',  ( 1.000000000000000000, 0.000000000000000000, 0.000000000000000000 ) ) ;
#5395 = DIRECTION ( 'NONE',  ( -1.000000000000000000, -0.000000000000000000, -0.000000000000000000 ) ) ;
#5396 = CIRCLE ( 'NONE', #6252, 0.5080000000000015614 ) ;
#5397 = DIRECTION ( 'NONE',  ( 0.000000000000000000, 0.000000000000000000, -1.000000000000000000 ) ) ;
#5398 = LINE ( 'NONE', #2028, #1228 ) ;
#5399 = EDGE_CURVE ( 'NONE', #3483, #5903, #1496, .T. ) ;
#5400 = CARTESIAN_POINT ( 'NONE',  ( 3.251200000000000312, 9.881494768704969900, -22.65469112495100035 ) ) ;
#5401 = ORIENTED_EDGE ( 'NONE', *, *, #3057, .F. ) ;
#5402 = DIRECTION ( 'NONE',  ( 0.000000000000000000, -1.000000000000000000, 0.000000000000000000 ) ) ;
#5403 = VECTOR ( 'NONE', #540, 1000.000000000000114 ) ;
#5404 = CARTESIAN_POINT ( 'NONE',  ( 3.251200000000000312, 10.38949476870496014, -22.65469112495100035 ) ) ;
#5405 = CARTESIAN_POINT ( 'NONE',  ( 0.000000000000000000, -2.720422585859064935, 21.34500000001659004 ) ) ;
#5406 = ORIENTED_EDGE ( 'NONE', *, *, #4591, .F. ) ;
#5407 = CIRCLE ( 'NONE', #2411, 0.5080000000000013394 ) ;
#5408 = EDGE_CURVE ( 'NONE', #873, #4960, #677, .T. ) ;
#5409 = CARTESIAN_POINT ( 'NONE',  ( 8.251199999999903056, 48.10149476870488883, -28.32999999999983487 ) ) ;
#5410 = ORIENTED_EDGE ( 'NONE', *, *, #1043, .T. ) ;
#5411 = DIRECTION ( 'NONE',  ( 0.000000000000000000, 0.000000000000000000, -1.000000000000000000 ) ) ;
#5412 = EDGE_LOOP ( 'NONE', ( #2438, #3714, #2244, #55 ) ) ;
#5413 = AXIS2_PLACEMENT_3D ( 'NONE', #2641, #5694, #2193 ) ;
#5414 = DIRECTION ( 'NONE',  ( 1.000000000000000000, 0.000000000000000000, 0.000000000000000000 ) ) ;
#5415 = EDGE_CURVE ( 'NONE', #4031, #6064, #1791, .T. ) ;
#5416 = CARTESIAN_POINT ( 'NONE',  ( 9.652000000000001023, 1.814613497994890023, 18.84780000001660127 ) ) ;
#5417 = AXIS2_PLACEMENT_3D ( 'NONE', #168, #4110, #1685 ) ;
#5418 = ORIENTED_EDGE ( 'NONE', *, *, #4068, .F. ) ;
#5419 = PLANE ( 'NONE',  #5603 ) ;
#5420 = DIRECTION ( 'NONE',  ( 0.000000000000000000, -1.000000000000000000, 0.000000000000000000 ) ) ;
#5421 = ORIENTED_EDGE ( 'NONE', *, *, #3300, .F. ) ;
#5422 = CARTESIAN_POINT ( 'NONE',  ( 3.413061012010774498, 7.434152159210929867, -23.63663063877471515 ) ) ;
#5423 = AXIS2_PLACEMENT_3D ( 'NONE', #4296, #735, #276 ) ;
#5424 = DIRECTION ( 'NONE',  ( -1.000000000000000000, 0.000000000000000000, 0.000000000000000000 ) ) ;
#5425 = ORIENTED_EDGE ( 'NONE', *, *, #5634, .F. ) ;
#5426 = CARTESIAN_POINT ( 'NONE',  ( 10.16000000000000014, -1.944586502005110074, 13.04500000001661952 ) ) ;
#5427 = CARTESIAN_POINT ( 'NONE',  ( 3.438552823603411746, 7.171601193694549181, 21.89034537709265749 ) ) ;
#5428 = EDGE_CURVE ( 'NONE', #4325, #4752, #1704, .T. ) ;
#5429 = DIRECTION ( 'NONE',  ( 0.000000000000000000, 0.000000000000000000, -1.000000000000000000 ) ) ;
#5430 = DIRECTION ( 'NONE',  ( -1.000000000000000000, 0.000000000000000000, 0.000000000000000000 ) ) ;
#5431 = CARTESIAN_POINT ( 'NONE',  ( 0.000000000000000000, 5.981494768704890497, -12.45499999998339113 ) ) ;
#5432 = ORIENTED_EDGE ( 'NONE', *, *, #2544, .T. ) ;
#5433 = CARTESIAN_POINT ( 'NONE',  ( 3.759199999999999875, 6.630294768704969144, 21.84500000001660069 ) ) ;
#5434 = DIRECTION ( 'NONE',  ( -0.7071067811865463515, 0.000000000000000000, 0.7071067811865487940 ) ) ;
#5435 = EDGE_LOOP ( 'NONE', ( #1449, #6010, #4639, #3385 ) ) ;
#5436 = ADVANCED_FACE ( 'NONE', ( #6133 ), #5542, .F. ) ;
#5437 = LINE ( 'NONE', #4030, #5389 ) ;
#5438 = ORIENTED_EDGE ( 'NONE', *, *, #4773, .F. ) ;
#5439 = DIRECTION ( 'NONE',  ( -1.000000000000000000, 0.000000000000000000, 0.000000000000000000 ) ) ;
#5440 = ORIENTED_EDGE ( 'NONE', *, *, #3151, .T. ) ;
#5441 = AXIS2_PLACEMENT_3D ( 'NONE', #4708, #270, #1278 ) ;
#5442 = EDGE_CURVE ( 'NONE', #5082, #937, #4156, .T. ) ;
#5443 = AXIS2_PLACEMENT_3D ( 'NONE', #2246, #720, #658 ) ;
#5444 = ORIENTED_EDGE ( 'NONE', *, *, #2778, .F. ) ;
#5445 = DIRECTION ( 'NONE',  ( -1.000000000000000000, -0.000000000000000000, -0.000000000000000000 ) ) ;
#5446 = ORIENTED_EDGE ( 'NONE', *, *, #5370, .T. ) ;
#5447 = ADVANCED_FACE ( 'NONE', ( #3673 ), #3770, .T. ) ;
#5448 = CARTESIAN_POINT ( 'NONE',  ( 3.390472542335664752, 8.210409702814416733, -23.70374991212420923 ) ) ;
#5449 = CIRCLE ( 'NONE', #67, 0.007999999999990653476 ) ;
#5450 = DIRECTION ( 'NONE',  ( 0.000000000000000000, 0.000000000000000000, -1.000000000000000000 ) ) ;
#5451 = CARTESIAN_POINT ( 'NONE',  ( 5.751199999999999868, 48.10149476870488883, 35.17000000000017224 ) ) ;
#5452 = ORIENTED_EDGE ( 'NONE', *, *, #2198, .T. ) ;
#5453 = CARTESIAN_POINT ( 'NONE',  ( 0.5000000000000056621, -2.452586502005110081, 17.14499999999999957 ) ) ;
#5454 = AXIS2_PLACEMENT_3D ( 'NONE', #4105, #4602, #6180 ) ;
#5455 = ORIENTED_EDGE ( 'NONE', *, *, #3425, .T. ) ;
#5456 = CARTESIAN_POINT ( 'NONE',  ( 3.108941610213412865, 7.769399298126152154, 22.05105351169731875 ) ) ;
#5457 = DIRECTION ( 'NONE',  ( 0.000000000000000000, 0.000000000000000000, -1.000000000000000000 ) ) ;
#5458 = DIRECTION ( 'NONE',  ( 0.000000000000000000, 0.000000000000000000, 1.000000000000000000 ) ) ;
#5459 = CARTESIAN_POINT ( 'NONE',  ( 10.16000000000000014, 23.78149476870569856, 31.39999999999335145 ) ) ;
#5460 = ORIENTED_EDGE ( 'NONE', *, *, #2238, .F. ) ;
#5461 = EDGE_CURVE ( 'NONE', #1262, #1414, #3291, .T. ) ;
#5462 = CARTESIAN_POINT ( 'NONE',  ( 3.251200000000000312, 9.827424240648710452, -23.56364878870704871 ) ) ;
#5463 = CARTESIAN_POINT ( 'NONE',  ( 10.16000000000000014, -3.926503319182135243, -24.65299999999444935 ) ) ;
#5464 = ORIENTED_EDGE ( 'NONE', *, *, #981, .T. ) ;
#5465 = VECTOR ( 'NONE', #5943, 1000.000000000000000 ) ;
#5466 = CARTESIAN_POINT ( 'NONE',  ( 10.16000000000000014, -0.8298007924204280350, -23.01660231560385128 ) ) ;
#5467 = ORIENTED_EDGE ( 'NONE', *, *, #1082, .F. ) ;
#5468 = AXIS2_PLACEMENT_3D ( 'NONE', #2770, #272, #4261 ) ;
#5469 = ADVANCED_FACE ( 'NONE', ( #825 ), #5651, .F. ) ;
#5470 = CARTESIAN_POINT ( 'NONE',  ( 0.000000000000000000, 6.630294768704969144, 25.09620000001660145 ) ) ;
#5471 = CARTESIAN_POINT ( 'NONE',  ( 9.652000000000001023, 6.473494768704890490, 16.04220000001659940 ) ) ;
#5472 = CIRCLE ( 'NONE', #6016, 2.751200000000009194 ) ;
#5473 = AXIS2_PLACEMENT_3D ( 'NONE', #4574, #3054, #2632 ) ;
#5474 = CARTESIAN_POINT ( 'NONE',  ( 0.000000000000000000, -3.926503319182135243, -24.14499999999445023 ) ) ;
#5475 = ORIENTED_EDGE ( 'NONE', *, *, #3041, .T. ) ;
#5476 = ADVANCED_FACE ( 'NONE', ( #5131 ), #1602, .F. ) ;
#5477 = CARTESIAN_POINT ( 'NONE',  ( 16.73648137423847970, 48.10149476870488883, -28.32999999999983487 ) ) ;
#5478 = ORIENTED_EDGE ( 'NONE', *, *, #3911, .F. ) ;
#5479 = ORIENTED_EDGE ( 'NONE', *, *, #2856, .T. ) ;
#5480 = CIRCLE ( 'NONE', #1534, 1.875000000000015543 ) ;
#5481 = VECTOR ( 'NONE', #2321, 1000.000000000000000 ) ;
#5482 = CARTESIAN_POINT ( 'NONE',  ( 3.425492265410238879, 8.083861729221917258, -23.68592332086382868 ) ) ;
#5483 = TOROIDAL_SURFACE ( 'NONE', #6026, 1.708000000000315266, 0.5080000000000000071 ) ;
#5484 = DIRECTION ( 'NONE',  ( -1.000000000000000000, 0.000000000000000000, 0.000000000000000000 ) ) ;
#5485 = DIRECTION ( 'NONE',  ( -1.000000000000000000, -0.000000000000000000, -0.000000000000000000 ) ) ;
#5486 = ADVANCED_FACE ( 'NONE', ( #728 ), #6301, .F. ) ;
#5487 = ORIENTED_EDGE ( 'NONE', *, *, #692, .T. ) ;
#5488 = CARTESIAN_POINT ( 'NONE',  ( 3.251200000000000312, -1.102755973442474499E-14, -36.32999999999999119 ) ) ;
#5489 = ORIENTED_EDGE ( 'NONE', *, *, #3603, .F. ) ;
#5490 = VECTOR ( 'NONE', #2103, 1000.000000000000000 ) ;
#5491 = DIRECTION ( 'NONE',  ( 0.000000000000000000, -4.439252989704426399E-15, -1.000000000000000000 ) ) ;
#5492 = DIRECTION ( 'NONE',  ( -1.000000000000000000, -0.000000000000000000, -0.000000000000000000 ) ) ;
#5493 = ORIENTED_EDGE ( 'NONE', *, *, #4084, .F. ) ;
#5494 = CARTESIAN_POINT ( 'NONE',  ( 3.251200000000000312, 55.60149476870499541, 33.57880000000000109 ) ) ;
#5495 = ADVANCED_FACE ( 'NONE', ( #6426 ), #4874, .F. ) ;
#5496 = LINE ( 'NONE', #2030, #5075 ) ;
#5497 = ORIENTED_EDGE ( 'NONE', *, *, #5940, .T. ) ;
#5498 = CARTESIAN_POINT ( 'NONE',  ( 3.700644794696495321, 7.196164030234648123, -23.57993703588423884 ) ) ;
#5499 = ORIENTED_EDGE ( 'NONE', *, *, #4033, .T. ) ;
#5500 = DIRECTION ( 'NONE',  ( 0.000000000000000000, 0.000000000000000000, 1.000000000000000000 ) ) ;
#5501 = ORIENTED_EDGE ( 'NONE', *, *, #59, .T. ) ;
#5502 = VECTOR ( 'NONE', #4474, 1000.000000000000114 ) ;
#5503 = DIRECTION ( 'NONE',  ( 0.000000000000000000, 0.4295402710562665205, 0.9030477039120963223 ) ) ;
#5504 = ORIENTED_EDGE ( 'NONE', *, *, #2831, .T. ) ;
#5505 = VECTOR ( 'NONE', #1348, 1000.000000000000000 ) ;
#5506 = CYLINDRICAL_SURFACE ( 'NONE', #5089, 3.000000000000002665 ) ;
#5507 = CARTESIAN_POINT ( 'NONE',  ( 2.751199999999998536, 13.13269476870496177, 33.57880000000000109 ) ) ;
#5508 = VECTOR ( 'NONE', #2586, 1000.000000000000000 ) ;
#5509 = EDGE_CURVE ( 'NONE', #5975, #4947, #5933, .T. ) ;
#5510 = LINE ( 'NONE', #3530, #1017 ) ;
#5511 = CARTESIAN_POINT ( 'NONE',  ( 10.16000000000000014, -3.926503319182135243, -24.65299999999444935 ) ) ;
#5512 = VERTEX_POINT ( 'NONE', #921 ) ;
#5513 = DIRECTION ( 'NONE',  ( -1.000000000000000000, 0.000000000000000000, 0.000000000000000000 ) ) ;
#5514 = ORIENTED_EDGE ( 'NONE', *, *, #4260, .T. ) ;
#5515 = CIRCLE ( 'NONE', #3645, 0.5080000000000015614 ) ;
#5516 = CARTESIAN_POINT ( 'NONE',  ( 10.16000000000000014, -4.780767527950259550E-15, 21.84500000001660069 ) ) ;
#5517 = ADVANCED_FACE ( 'NONE', ( #2933 ), #4355, .F. ) ;
#5518 = AXIS2_PLACEMENT_3D ( 'NONE', #3924, #2992, #1079 ) ;
#5519 = CARTESIAN_POINT ( 'NONE',  ( 7.951199999999901458, 17.10149476870488527, -29.90499999999983416 ) ) ;
#5520 = CARTESIAN_POINT ( 'NONE',  ( 8.251199999999903056, 17.10149476870488527, 29.67000000000017579 ) ) ;
#5521 = ORIENTED_EDGE ( 'NONE', *, *, #5305, .T. ) ;
#5522 = CARTESIAN_POINT ( 'NONE',  ( 0.000000000000000000, 10.38149476870497168, -33.57880000000000109 ) ) ;
#5523 = ORIENTED_EDGE ( 'NONE', *, *, #3796, .T. ) ;
#5524 = CIRCLE ( 'NONE', #3553, 1.000000000000000888 ) ;
#5525 = CARTESIAN_POINT ( 'NONE',  ( 10.16000000000000014, -5.971622585859059029, 16.56180000001660346 ) ) ;
#5526 = ADVANCED_FACE ( 'NONE', ( #3896 ), #1861, .F. ) ;
#5527 = CARTESIAN_POINT ( 'NONE',  ( 3.302244663778389100, 8.579353938720460704, -23.76796900899843479 ) ) ;
#5528 = DIRECTION ( 'NONE',  ( 0.000000000000000000, 1.000000000000000000, 0.000000000000000000 ) ) ;
#5529 = CARTESIAN_POINT ( 'NONE',  ( 0.000000000000000000, -1.944586502005110074, 13.55300000001662042 ) ) ;
#5530 = ORIENTED_EDGE ( 'NONE', *, *, #1112, .F. ) ;
#5531 = CARTESIAN_POINT ( 'NONE',  ( 0.5000000000000056621, -1.231306529126639981E-14, -21.84204960392050054 ) ) ;
#5532 = DIRECTION ( 'NONE',  ( 0.000000000000000000, 0.000000000000000000, -1.000000000000000000 ) ) ;
#5533 = EDGE_LOOP ( 'NONE', ( #477, #5047, #5655, #3779 ) ) ;
#5534 = EDGE_CURVE ( 'NONE', #3542, #4960, #2325, .T. ) ;
#5535 = DIRECTION ( 'NONE',  ( 0.000000000000000000, -0.9993507497016869134, 0.03602886441002715184 ) ) ;
#5536 = EDGE_LOOP ( 'NONE', ( #4864, #935, #2233, #445 ) ) ;
#5537 = PLANE ( 'NONE',  #1765 ) ;
#5538 = DIRECTION ( 'NONE',  ( 1.000000000000000000, 0.000000000000000000, 0.000000000000000000 ) ) ;
#5539 = DIRECTION ( 'NONE',  ( 0.7071067811865507924, 0.7071067811865441310, 0.000000000000000000 ) ) ;
#5540 = EDGE_LOOP ( 'NONE', ( #6053, #2251, #5717, #6384 ) ) ;
#5541 = CARTESIAN_POINT ( 'NONE',  ( 3.550269960780033429, 7.443403668909692072, 21.88989177585709456 ) ) ;
#5542 = TOROIDAL_SURFACE ( 'NONE', #3160, 5.500000000000001776, 2.500000000000000000 ) ;
#5543 = VERTEX_POINT ( 'NONE', #4420 ) ;
#5544 = EDGE_CURVE ( 'NONE', #4143, #563, #5726, .T. ) ;
#5545 = CARTESIAN_POINT ( 'NONE',  ( 3.373887786346238649, 8.272724346764636749, -23.71308344091866616 ) ) ;
#5546 = DIRECTION ( 'NONE',  ( 0.000000000000000000, 0.000000000000000000, 1.000000000000000000 ) ) ;
#5547 = CARTESIAN_POINT ( 'NONE',  ( 10.16000000000000014, 0.000000000000000000, -17.14499999999999957 ) ) ;
#5548 = VERTEX_POINT ( 'NONE', #1624 ) ;
#5549 = CARTESIAN_POINT ( 'NONE',  ( 3.525437675382010916, 7.294613501006105061, -23.60105667751173186 ) ) ;
#5550 = EDGE_CURVE ( 'NONE', #5569, #1976, #2751, .T. ) ;
#5551 = ORIENTED_EDGE ( 'NONE', *, *, #2231, .T. ) ;
#5552 = AXIS2_PLACEMENT_3D ( 'NONE', #5093, #295, #5188 ) ;
#5553 = CARTESIAN_POINT ( 'NONE',  ( 2.790188991329660695, 8.557281596112723321, 22.47747756601544822 ) ) ;
#5554 = CARTESIAN_POINT ( 'NONE',  ( 3.251200000000001644, 8.961354238731917832, -23.86919597554823369 ) ) ;
#5555 = VECTOR ( 'NONE', #5254, 1000.000000000000000 ) ;
#5556 = EDGE_LOOP ( 'NONE', ( #5889, #2184, #3614, #2001 ) ) ;
#5557 = DIRECTION ( 'NONE',  ( 0.000000000000000000, -0.3114883522439713670, -0.9502499704900471134 ) ) ;
#5558 = ADVANCED_FACE ( 'NONE', ( #492 ), #4016, .F. ) ;
#5559 = ORIENTED_EDGE ( 'NONE', *, *, #2794, .F. ) ;
#5560 = DIRECTION ( 'NONE',  ( -1.000000000000000000, -0.000000000000000000, -0.000000000000000000 ) ) ;
#5561 = EDGE_LOOP ( 'NONE', ( #2684, #4238, #801, #805 ) ) ;
#5562 = DIRECTION ( 'NONE',  ( 0.000000000000000000, 0.000000000000000000, -1.000000000000000000 ) ) ;
#5563 = ORIENTED_EDGE ( 'NONE', *, *, #5610, .T. ) ;
#5564 = DIRECTION ( 'NONE',  ( 1.000000000000000000, 0.000000000000000000, 0.000000000000000000 ) ) ;
#5565 = EDGE_CURVE ( 'NONE', #3284, #6177, #2539, .T. ) ;
#5566 = PLANE ( 'NONE',  #1899 ) ;
#5567 = CONICAL_SURFACE ( 'NONE', #493, 2.751199999999988322, 0.7853981633974543852 ) ;
#5568 = LINE ( 'NONE', #3016, #4948 ) ;
#5569 = VERTEX_POINT ( 'NONE', #5058 ) ;
#5570 = CARTESIAN_POINT ( 'NONE',  ( 10.16000000000000014, 5.614294768704970018, -15.13619999998369892 ) ) ;
#5571 = ADVANCED_FACE ( 'NONE', ( #2571 ), #2858, .T. ) ;
#5572 = ORIENTED_EDGE ( 'NONE', *, *, #4579, .F. ) ;
#5573 = TOROIDAL_SURFACE ( 'NONE', #1736, 5.500000000000001776, 2.500000000000000000 ) ;
#5574 = FACE_BOUND ( 'NONE', #4600, .T. ) ;
#5575 = ADVANCED_FACE ( 'NONE', ( #3028 ), #4923, .F. ) ;
#5576 = CARTESIAN_POINT ( 'NONE',  ( 0.5000000000000052180, 55.60149476870500251, -33.57880000000000109 ) ) ;
#5577 = DIRECTION ( 'NONE',  ( 0.000000000000000000, 0.000000000000000000, -1.000000000000000000 ) ) ;
#5578 = AXIS2_PLACEMENT_3D ( 'NONE', #5935, #958, #527 ) ;
#5579 = AXIS2_PLACEMENT_3D ( 'NONE', #3110, #5018, #545 ) ;
#5580 = ORIENTED_EDGE ( 'NONE', *, *, #3618, .T. ) ;
#5581 = CARTESIAN_POINT ( 'NONE',  ( 3.388965633355760065, 7.257310100040603729, 21.90566223307126492 ) ) ;
#5582 = EDGE_LOOP ( 'NONE', ( #1342, #1408, #5334, #3758 ) ) ;
#5583 = DIRECTION ( 'NONE',  ( 0.000000000000000000, 0.000000000000000000, -1.000000000000000000 ) ) ;
#5584 = AXIS2_PLACEMENT_3D ( 'NONE', #6088, #5053, #4142 ) ;
#5585 = EDGE_CURVE ( 'NONE', #2760, #3675, #6033, .T. ) ;
#5586 = EDGE_CURVE ( 'NONE', #5989, #4816, #2603, .T. ) ;
#5587 = CARTESIAN_POINT ( 'NONE',  ( 16.73648137423847970, 17.10149476870488527, 29.67000000000017579 ) ) ;
#5588 = FACE_BOUND ( 'NONE', #5068, .T. ) ;
#5589 = CARTESIAN_POINT ( 'NONE',  ( 0.5000000000000056621, 5.300326274489510325, -22.99467494742459905 ) ) ;
#5590 = ORIENTED_EDGE ( 'NONE', *, *, #1592, .F. ) ;
#5591 = CIRCLE ( 'NONE', #1967, 0.5080000000000015614 ) ;
#5592 = CARTESIAN_POINT ( 'NONE',  ( 3.251200000000000312, 48.10149476870488883, -28.32999999999983487 ) ) ;
#5593 = ORIENTED_EDGE ( 'NONE', *, *, #551, .F. ) ;
#5594 = DIRECTION ( 'NONE',  ( -1.000000000000000000, 0.000000000000000000, 0.000000000000000000 ) ) ;
#5595 = ORIENTED_EDGE ( 'NONE', *, *, #829, .F. ) ;
#5596 = EDGE_CURVE ( 'NONE', #3101, #5854, #1816, .T. ) ;
#5597 = DIRECTION ( 'NONE',  ( 1.000000000000000000, 0.000000000000000000, 0.000000000000000000 ) ) ;
#5598 = ORIENTED_EDGE ( 'NONE', *, *, #2386, .F. ) ;
#5599 = CARTESIAN_POINT ( 'NONE',  ( 8.251199999999903056, 17.10149476870488527, -31.02999999999981640 ) ) ;
#5600 = VECTOR ( 'NONE', #6431, 1000.000000000000000 ) ;
#5601 = CARTESIAN_POINT ( 'NONE',  ( 0.5000000000000056621, -5.463622585859059910, 16.05380000001660079 ) ) ;
#5602 = EDGE_CURVE ( 'NONE', #4092, #72, #2959, .T. ) ;
#5603 = AXIS2_PLACEMENT_3D ( 'NONE', #879, #5958, #2466 ) ;
#5604 = CARTESIAN_POINT ( 'NONE',  ( 0.5000000000000056621, -9.994361398043869471, 0.000000000000000000 ) ) ;
#5605 = VERTEX_POINT ( 'NONE', #1050 ) ;
#5606 = CARTESIAN_POINT ( 'NONE',  ( 3.276057122863449855, 8.805344173428766297, 22.19492133134859913 ) ) ;
#5607 = ORIENTED_EDGE ( 'NONE', *, *, #4395, .F. ) ;
#5608 = CIRCLE ( 'NONE', #3735, 1.498599999999999266 ) ;
#5609 = CARTESIAN_POINT ( 'NONE',  ( 10.16000000000000014, 5.614294768704970018, -13.93619999998337988 ) ) ;
#5610 = EDGE_CURVE ( 'NONE', #5106, #2076, #4516, .T. ) ;
#5611 = ORIENTED_EDGE ( 'NONE', *, *, #1476, .T. ) ;
#5612 = CARTESIAN_POINT ( 'NONE',  ( 0.000000000000000000, 17.10149476870488527, -30.40499999999982705 ) ) ;
#5613 = VECTOR ( 'NONE', #3806, 1000.000000000000000 ) ;
#5614 = VERTEX_POINT ( 'NONE', #2698 ) ;
#5615 = FACE_OUTER_BOUND ( 'NONE', #4486, .T. ) ;
#5616 = ORIENTED_EDGE ( 'NONE', *, *, #1088, .F. ) ;
#5617 = LINE ( 'NONE', #757, #1714 ) ;
#5618 = AXIS2_PLACEMENT_3D ( 'NONE', #5065, #2096, #3004 ) ;
#5619 = CARTESIAN_POINT ( 'NONE',  ( 0.000000000000000000, 5.309494768704969836, -19.34817082966969792 ) ) ;
#5620 = FACE_OUTER_BOUND ( 'NONE', #5533, .T. ) ;
#5621 = EDGE_LOOP ( 'NONE', ( #4344, #5551, #1895, #5171 ) ) ;
#5622 = VECTOR ( 'NONE', #2601, 1000.000000000000000 ) ;
#5623 = DIRECTION ( 'NONE',  ( 1.000000000000000000, 0.000000000000000000, 0.000000000000000000 ) ) ;
#5624 = CARTESIAN_POINT ( 'NONE',  ( 0.5080000000000000071, 0.000000000000000000, 15.53420000001659851 ) ) ;
#5625 = ORIENTED_EDGE ( 'NONE', *, *, #4631, .T. ) ;
#5626 = CARTESIAN_POINT ( 'NONE',  ( 0.5080000000000000071, 0.000000000000000000, 15.02620000001659939 ) ) ;
#5627 = ADVANCED_FACE ( 'NONE', ( #5724 ), #4702, .F. ) ;
#5628 = AXIS2_PLACEMENT_3D ( 'NONE', #6107, #2526, #3527 ) ;
#5629 = DIRECTION ( 'NONE',  ( 0.000000000000000000, 0.000000000000000000, -1.000000000000000000 ) ) ;
#5630 = ORIENTED_EDGE ( 'NONE', *, *, #3545, .F. ) ;
#5631 = CARTESIAN_POINT ( 'NONE',  ( 7.951199999999892576, 48.10149476870488883, 29.67000000000017579 ) ) ;
#5632 = CARTESIAN_POINT ( 'NONE',  ( 0.5000000000000052180, 13.13269476870496177, -33.57880000000000109 ) ) ;
#5633 = DIRECTION ( 'NONE',  ( 0.7071067811865306973, 0.000000000000000000, -0.7071067811865644481 ) ) ;
#5634 = EDGE_CURVE ( 'NONE', #5827, #6039, #2217, .T. ) ;
#5635 = CARTESIAN_POINT ( 'NONE',  ( 8.251199999999903056, 17.10149476870488527, -30.20499999999984908 ) ) ;
#5636 = DIRECTION ( 'NONE',  ( 0.000000000000000000, -1.000000000000000000, 0.000000000000000000 ) ) ;
#5637 = ORIENTED_EDGE ( 'NONE', *, *, #3354, .F. ) ;
#5638 = FACE_OUTER_BOUND ( 'NONE', #3705, .T. ) ;
#5639 = EDGE_CURVE ( 'NONE', #52, #2262, #1207, .T. ) ;
#5640 = DIRECTION ( 'NONE',  ( 0.7071067811865306973, 8.659560562355138702E-17, 0.7071067811865644481 ) ) ;
#5641 = DIRECTION ( 'NONE',  ( -1.000000000000000000, -0.000000000000000000, -0.000000000000000000 ) ) ;
#5642 = DIRECTION ( 'NONE',  ( 0.000000000000000000, 0.000000000000000000, -1.000000000000000000 ) ) ;
#5643 = VERTEX_POINT ( 'NONE', #5218 ) ;
#5644 = DIRECTION ( 'NONE',  ( 0.000000000000000000, 0.000000000000000000, -1.000000000000000000 ) ) ;
#5645 = CARTESIAN_POINT ( 'NONE',  ( 3.251200000000000312, 9.881494768704969900, 25.09620000001660145 ) ) ;
#5646 = ORIENTED_EDGE ( 'NONE', *, *, #1459, .F. ) ;
#5647 = CARTESIAN_POINT ( 'NONE',  ( 7.951199999999892576, 17.10149476870488527, -28.32999999999983487 ) ) ;
#5648 = EDGE_CURVE ( 'NONE', #5055, #2192, #5966, .T. ) ;
#5649 = ORIENTED_EDGE ( 'NONE', *, *, #2426, .F. ) ;
#5650 = CARTESIAN_POINT ( 'NONE',  ( 8.251199999999903056, 48.10149476870488883, -31.02999999999981640 ) ) ;
#5651 = CONICAL_SURFACE ( 'NONE', #2850, 55.47067774584252220, 0.7853981633974569387 ) ;
#5652 = CARTESIAN_POINT ( 'NONE',  ( 3.251200000000000312, 17.10149476870488527, -33.82999999999983487 ) ) ;
#5653 = DIRECTION ( 'NONE',  ( 0.000000000000000000, -1.000000000000000000, 0.000000000000000000 ) ) ;
#5654 = FACE_OUTER_BOUND ( 'NONE', #5412, .T. ) ;
#5655 = ORIENTED_EDGE ( 'NONE', *, *, #845, .F. ) ;
#5656 = LINE ( 'NONE', #2286, #4054 ) ;
#5657 = DIRECTION ( 'NONE',  ( 0.000000000000000000, -0.9993507497016869134, 0.03602886441002715184 ) ) ;
#5658 = ORIENTED_EDGE ( 'NONE', *, *, #5678, .T. ) ;
#5659 = DIRECTION ( 'NONE',  ( 0.000000000000000000, 0.000000000000000000, -1.000000000000000000 ) ) ;
#5660 = VECTOR ( 'NONE', #1687, 999.9999999999998863 ) ;
#5661 = EDGE_CURVE ( 'NONE', #618, #6183, #262, .T. ) ;
#5662 = CARTESIAN_POINT ( 'NONE',  ( 10.16000000000000014, 5.614294768704970018, -13.42819999998338076 ) ) ;
#5663 = EDGE_LOOP ( 'NONE', ( #5530, #1185, #3873, #3487 ) ) ;
#5664 = CARTESIAN_POINT ( 'NONE',  ( 0.5080000000000000071, 5.614294768704970018, -15.13619999998369892 ) ) ;
#5665 = CARTESIAN_POINT ( 'NONE',  ( 9.652000000000001023, -4.176325725603429430E-15, -13.42819999998338076 ) ) ;
#5666 = FACE_OUTER_BOUND ( 'NONE', #2812, .T. ) ;
#5667 = B_SPLINE_SURFACE_WITH_KNOTS ( 'NONE', 1, 3, ( 
 ( #555, #5549, #2537, #4514 ),
 ( #71, #1107, #6029, #1557 ) ),
 .UNSPECIFIED., .F., .F., .F.,
 ( 2, 2 ),
 ( 4, 4 ),
 ( 0.000000000000000000, 1.000000000000000000 ),
 ( 0.000000000000000000, 0.0006008197593332404319 ),
 .UNSPECIFIED. ) ;
#5668 = ORIENTED_EDGE ( 'NONE', *, *, #1194, .F. ) ;
#5669 = EDGE_CURVE ( 'NONE', #656, #2044, #1272, .T. ) ;
#5670 = DIRECTION ( 'NONE',  ( 0.000000000000000000, 0.000000000000000000, 1.000000000000000000 ) ) ;
#5671 = ORIENTED_EDGE ( 'NONE', *, *, #5962, .F. ) ;
#5672 = DIRECTION ( 'NONE',  ( 0.000000000000000000, 0.000000000000000000, 1.000000000000000000 ) ) ;
#5673 = VERTEX_POINT ( 'NONE', #3122 ) ;
#5674 = ORIENTED_EDGE ( 'NONE', *, *, #2990, .T. ) ;
#5675 = LINE ( 'NONE', #3208, #6420 ) ;
#5676 = VECTOR ( 'NONE', #4279, 1000.000000000000000 ) ;
#5677 = CARTESIAN_POINT ( 'NONE',  ( 3.251200000000000312, 9.009748083972173305, -23.88693808080521563 ) ) ;
#5678 = EDGE_CURVE ( 'NONE', #4593, #3894, #4186, .T. ) ;
#5679 = LINE ( 'NONE', #2308, #2580 ) ;
#5680 = ORIENTED_EDGE ( 'NONE', *, *, #5077, .F. ) ;
#5681 = DIRECTION ( 'NONE',  ( 0.000000000000000000, 0.000000000000000000, -1.000000000000000000 ) ) ;
#5682 = FACE_OUTER_BOUND ( 'NONE', #2315, .T. ) ;
#5683 = ORIENTED_EDGE ( 'NONE', *, *, #5648, .T. ) ;
#5684 = AXIS2_PLACEMENT_3D ( 'NONE', #4223, #6236, #5736 ) ;
#5685 = VECTOR ( 'NONE', #2883, 1000.000000000000000 ) ;
#5686 = FACE_OUTER_BOUND ( 'NONE', #4507, .T. ) ;
#5687 = ORIENTED_EDGE ( 'NONE', *, *, #892, .T. ) ;
#5688 = CARTESIAN_POINT ( 'NONE',  ( 0.5000000000000056621, -2.452586502005110081, -14.69819999998339988 ) ) ;
#5689 = AXIS2_PLACEMENT_3D ( 'NONE', #3602, #1179, #173 ) ;
#5690 = AXIS2_PLACEMENT_3D ( 'NONE', #2638, #4644, #172 ) ;
#5691 = ADVANCED_FACE ( 'NONE', ( #6224 ), #265, .T. ) ;
#5692 = DIRECTION ( 'NONE',  ( -1.000000000000000000, 0.000000000000000000, 0.000000000000000000 ) ) ;
#5693 = ORIENTED_EDGE ( 'NONE', *, *, #629, .T. ) ;
#5694 = DIRECTION ( 'NONE',  ( 1.000000000000000000, -0.000000000000000000, -0.000000000000000000 ) ) ;
#5695 = VERTEX_POINT ( 'NONE', #234 ) ;
#5696 = CIRCLE ( 'NONE', #3510, 2.500000000000002220 ) ;
#5697 = DIRECTION ( 'NONE',  ( 0.000000000000000000, 0.000000000000000000, -1.000000000000000000 ) ) ;
#5698 = EDGE_CURVE ( 'NONE', #336, #775, #4413, .T. ) ;
#5699 = AXIS2_PLACEMENT_3D ( 'NONE', #759, #2732, #2505 ) ;
#5700 = LINE ( 'NONE', #5662, #4452 ) ;
#5701 = ORIENTED_EDGE ( 'NONE', *, *, #28, .T. ) ;
#5702 = CARTESIAN_POINT ( 'NONE',  ( 5.751199999999999868, 48.10149476870488883, 29.67000000000017579 ) ) ;
#5703 = CARTESIAN_POINT ( 'NONE',  ( 0.5000000000000056621, 0.000000000000000000, -24.65299999999444935 ) ) ;
#5704 = DIRECTION ( 'NONE',  ( -1.000000000000000000, 0.000000000000000000, 0.000000000000000000 ) ) ;
#5705 = ORIENTED_EDGE ( 'NONE', *, *, #1357, .T. ) ;
#5706 = DIRECTION ( 'NONE',  ( 0.000000000000000000, 1.000000000000000000, 0.000000000000000000 ) ) ;
#5707 = ORIENTED_EDGE ( 'NONE', *, *, #3775, .F. ) ;
#5708 = AXIS2_PLACEMENT_3D ( 'NONE', #406, #3772, #2389 ) ;
#5709 = CARTESIAN_POINT ( 'NONE',  ( 3.720230624648391160, 6.779462568884002671, 21.84500000001659714 ) ) ;
#5710 = ORIENTED_EDGE ( 'NONE', *, *, #4138, .T. ) ;
#5711 = ADVANCED_FACE ( 'NONE', ( #3694 ), #2139, .F. ) ;
#5712 = FACE_BOUND ( 'NONE', #4450, .T. ) ;
#5713 = CIRCLE ( 'NONE', #3528, 0.5080000000000015614 ) ;
#5714 = CARTESIAN_POINT ( 'NONE',  ( 0.5000000000000052180, 13.13269476870496177, 36.82999999999999119 ) ) ;
#5715 = DIRECTION ( 'NONE',  ( -0.7071067811865411334, -0.7071067811865539010, 0.000000000000000000 ) ) ;
#5716 = FACE_OUTER_BOUND ( 'NONE', #4353, .T. ) ;
#5717 = ORIENTED_EDGE ( 'NONE', *, *, #1640, .T. ) ;
#5718 = DIRECTION ( 'NONE',  ( 0.000000000000000000, 0.000000000000000000, -1.000000000000000000 ) ) ;
#5719 = FACE_OUTER_BOUND ( 'NONE', #4580, .T. ) ;
#5720 = EDGE_LOOP ( 'NONE', ( #3589, #1080, #2661, #1548 ) ) ;
#5721 = AXIS2_PLACEMENT_3D ( 'NONE', #508, #5308, #874 ) ;
#5722 = CARTESIAN_POINT ( 'NONE',  ( 3.686693398981309766, 6.751573222963758170, 21.84717221345845672 ) ) ;
#5723 = VERTEX_POINT ( 'NONE', #4608 ) ;
#5724 = FACE_OUTER_BOUND ( 'NONE', #4333, .T. ) ;
#5725 = EDGE_CURVE ( 'NONE', #158, #3007, #5617, .T. ) ;
#5726 = B_SPLINE_CURVE_WITH_KNOTS ( 'NONE', 3,
 ( #1427, #3801, #435, #1366, #891, #4838, #4291, #3926, #401, #3867, #1959, #5897, #860, #5862, #3417, #4804, #1462, #2900, #3452, #5427, #985, #5793, #2385, #4776, #3324, #6363, #1397, #367, #4390, #2351, #3834, #5829, #3357, #3387, #5359, #4581, #5456, #1522, #140, #1993, #3059, #1492, #1016, #4488, #1081, #5028, #588, #4547, #3478, #106, #2120, #4081, #5553, #3509, #6093, #10, #3568, #1110, #3543, #6066, #5967 ),
 .UNSPECIFIED., .F., .F.,
 ( 4, 2, 1, 1, 2, 2, 1, 1, 2, 2, 2, 1, 1, 2, 2, 2, 1, 2, 2, 2, 1, 2, 2, 1, 1, 2, 2, 1, 1, 2, 2, 1, 2, 2, 2, 2, 4 ),
 ( 0.000000000000000000, 0.03124999999999544809, 0.04687499999999317213, 0.05468749999999217987, 0.05859374999999223538, 0.06249999999999228395, 0.09374999999999025779, 0.1093749999999889533, 0.1171874999999887312, 0.1249999999999885092, 0.1874999999999862610, 0.2187499999999846234, 0.2343749999999846512, 0.2421874999999842071, 0.2499999999999837907, 0.3124999999999799050, 0.3437499999999781286, 0.3593749999999776845, 0.3749999999999772404, 0.4374999999999741873, 0.4687499999999725220, 0.4843749999999712452, 0.4999999999999700240, 0.5624999999999678035, 0.5937499999999665823, 0.6093749999999659162, 0.6249999999999653610, 0.6874999999999632516, 0.7187499999999621414, 0.7343749999999633626, 0.7499999999999646949, 0.8124999999999729106, 0.8437499999999770184, 0.8749999999999811262, 0.9062499999999852340, 0.9374999999999893419, 1.000000000000000000 ),
 .UNSPECIFIED. ) ;
#5727 = VECTOR ( 'NONE', #5074, 1000.000000000000000 ) ;
#5728 = DIRECTION ( 'NONE',  ( -1.000000000000000000, 0.000000000000000000, 0.000000000000000000 ) ) ;
#5729 = VERTEX_POINT ( 'NONE', #3153 ) ;
#5730 = CARTESIAN_POINT ( 'NONE',  ( 3.251200000000000312, 48.10149476870488883, -33.82999999999983487 ) ) ;
#5731 = ORIENTED_EDGE ( 'NONE', *, *, #3852, .T. ) ;
#5732 = AXIS2_PLACEMENT_3D ( 'NONE', #4646, #4153, #6164 ) ;
#5733 = LINE ( 'NONE', #2804, #1392 ) ;
#5734 = ADVANCED_FACE ( 'NONE', ( #1746 ), #3252, .F. ) ;
#5735 = VECTOR ( 'NONE', #3983, 1000.000000000000000 ) ;
#5736 = DIRECTION ( 'NONE',  ( 0.000000000000000000, 3.771137991253929806E-17, -1.000000000000000000 ) ) ;
#5737 = PLANE ( 'NONE',  #5172 ) ;
#5738 = ORIENTED_EDGE ( 'NONE', *, *, #5852, .T. ) ;
#5739 = CARTESIAN_POINT ( 'NONE',  ( 0.000000000000000000, 10.38149476870497878, 25.09620000001660145 ) ) ;
#5740 = ORIENTED_EDGE ( 'NONE', *, *, #3338, .T. ) ;
#5741 = FACE_OUTER_BOUND ( 'NONE', #3156, .T. ) ;
#5742 = CARTESIAN_POINT ( 'NONE',  ( 5.751199999999999868, 17.10149476870488527, -22.82999999999983132 ) ) ;
#5743 = EDGE_CURVE ( 'NONE', #4861, #336, #6261, .T. ) ;
#5744 = VECTOR ( 'NONE', #5203, 1000.000000000000000 ) ;
#5745 = ORIENTED_EDGE ( 'NONE', *, *, #4292, .F. ) ;
#5746 = DIRECTION ( 'NONE',  ( -1.000000000000000000, 0.000000000000000000, 0.000000000000000000 ) ) ;
#5747 = VERTEX_POINT ( 'NONE', #2151 ) ;
#5748 = DIRECTION ( 'NONE',  ( 0.000000000000000000, 0.000000000000000000, -1.000000000000000000 ) ) ;
#5749 = ORIENTED_EDGE ( 'NONE', *, *, #3986, .T. ) ;
#5750 = SURFACE_STYLE_FILL_AREA ( #2369 ) ;
#5751 = DIRECTION ( 'NONE',  ( 0.000000000000000000, 0.000000000000000000, -1.000000000000000000 ) ) ;
#5752 = DIRECTION ( 'NONE',  ( 1.000000000000000000, 0.000000000000000000, 0.000000000000000000 ) ) ;
#5753 = ADVANCED_FACE ( 'NONE', ( #4113 ), #6125, .T. ) ;
#5754 = CARTESIAN_POINT ( 'NONE',  ( 2.751199999999998980, 6.630294768704969144, -26.78688693560660283 ) ) ;
#5755 = VERTEX_POINT ( 'NONE', #2188 ) ;
#5756 = DIRECTION ( 'NONE',  ( 0.000000000000000000, 0.000000000000000000, 1.000000000000000000 ) ) ;
#5757 = ORIENTED_EDGE ( 'NONE', *, *, #4596, .T. ) ;
#5758 = FACE_OUTER_BOUND ( 'NONE', #1438, .T. ) ;
#5759 = LINE ( 'NONE', #5892, #3680 ) ;
#5760 = CARTESIAN_POINT ( 'NONE',  ( 0.000000000000000000, -4.609811911349869895, -16.63459677047481122 ) ) ;
#5761 = EDGE_CURVE ( 'NONE', #2826, #4607, #4146, .T. ) ;
#5762 = EDGE_LOOP ( 'NONE', ( #2618, #5406, #1525, #364 ) ) ;
#5763 = DIRECTION ( 'NONE',  ( 0.000000000000000000, 7.744074559236129516E-17, -1.000000000000000000 ) ) ;
#5764 = AXIS2_PLACEMENT_3D ( 'NONE', #628, #1024, #4061 ) ;
#5765 = CARTESIAN_POINT ( 'NONE',  ( 3.251200000000000312, 13.13269476870496177, 36.32999999999999829 ) ) ;
#5766 = FACE_OUTER_BOUND ( 'NONE', #1265, .T. ) ;
#5767 = EDGE_CURVE ( 'NONE', #1089, #2087, #1891, .T. ) ;
#5768 = CARTESIAN_POINT ( 'NONE',  ( 0.5000000000000004441, 48.10149476870488883, 29.67000000000017579 ) ) ;
#5769 = CARTESIAN_POINT ( 'NONE',  ( 10.16000000000000014, 2.065286086174685121, -13.42819999998338076 ) ) ;
#5770 = ORIENTED_EDGE ( 'NONE', *, *, #3866, .T. ) ;
#5771 = FACE_OUTER_BOUND ( 'NONE', #5315, .T. ) ;
#5772 = DIRECTION ( 'NONE',  ( 0.000000000000000000, 0.000000000000000000, 1.000000000000000000 ) ) ;
#5773 = ORIENTED_EDGE ( 'NONE', *, *, #4733, .T. ) ;
#5774 = AXIS2_PLACEMENT_3D ( 'NONE', #851, #393, #2377 ) ;
#5775 = ORIENTED_EDGE ( 'NONE', *, *, #6059, .F. ) ;
#5776 = ADVANCED_FACE ( 'NONE', ( #5758 ), #2376, .F. ) ;
#5777 = CARTESIAN_POINT ( 'NONE',  ( 9.652000000000001023, 6.473494768704890490, 18.84780000001660127 ) ) ;
#5778 = ORIENTED_EDGE ( 'NONE', *, *, #1755, .F. ) ;
#5779 = CARTESIAN_POINT ( 'NONE',  ( 0.5000000000000056621, -3.418503319182119693, 1.714189693933714868E-15 ) ) ;
#5780 = ORIENTED_EDGE ( 'NONE', *, *, #1881, .F. ) ;
#5781 = EDGE_CURVE ( 'NONE', #2298, #52, #1358, .T. ) ;
#5782 = CARTESIAN_POINT ( 'NONE',  ( 10.16000000000000014, -0.8298007924204280350, -23.01660231560385128 ) ) ;
#5783 = DIRECTION ( 'NONE',  ( 0.000000000000000000, -0.5000000000000003331, 0.8660254037844383745 ) ) ;
#5784 = ORIENTED_EDGE ( 'NONE', *, *, #5898, .F. ) ;
#5785 = FACE_BOUND ( 'NONE', #2455, .T. ) ;
#5786 = DIRECTION ( 'NONE',  ( 0.000000000000000000, 0.000000000000000000, -1.000000000000000000 ) ) ;
#5787 = CIRCLE ( 'NONE', #2051, 2.499999999999998668 ) ;
#5788 = FACE_OUTER_BOUND ( 'NONE', #4669, .T. ) ;
#5789 = DIRECTION ( 'NONE',  ( 1.000000000000000000, 0.000000000000000000, 0.000000000000000000 ) ) ;
#5790 = AXIS2_PLACEMENT_3D ( 'NONE', #4358, #6367, #1793 ) ;
#5791 = EDGE_LOOP ( 'NONE', ( #1580, #2097, #5572, #2111 ) ) ;
#5792 = CYLINDRICAL_SURFACE ( 'NONE', #758, 1.574999999999999956 ) ;
#5793 = CARTESIAN_POINT ( 'NONE',  ( 3.422863046499016626, 7.198671806054832700, 21.89506287319031230 ) ) ;
#5794 = AXIS2_PLACEMENT_3D ( 'NONE', #5126, #2093, #2666 ) ;
#5795 = ADVANCED_FACE ( 'NONE', ( #1851 ), #3826, .F. ) ;
#5796 = VECTOR ( 'NONE', #4751, 1000.000000000000000 ) ;
#5797 = EDGE_CURVE ( 'NONE', #1190, #5810, #377, .T. ) ;
#5798 = DIRECTION ( 'NONE',  ( 0.000000000000000000, 0.000000000000000000, -1.000000000000000000 ) ) ;
#5799 = DIRECTION ( 'NONE',  ( -1.000000000000000000, -0.000000000000000000, -0.000000000000000000 ) ) ;
#5800 = AXIS2_PLACEMENT_3D ( 'NONE', #495, #3928, #5397 ) ;
#5801 = AXIS2_PLACEMENT_3D ( 'NONE', #1406, #4398, #3935 ) ;
#5802 = CARTESIAN_POINT ( 'NONE',  ( 9.652000000000001023, 1.306613497994890016, 19.35580000001660039 ) ) ;
#5803 = DIRECTION ( 'NONE',  ( -1.000000000000000000, 0.000000000000000000, 0.000000000000000000 ) ) ;
#5804 = DIRECTION ( 'NONE',  ( -1.000000000000000000, 0.000000000000000000, 0.000000000000000000 ) ) ;
#5805 = ORIENTED_EDGE ( 'NONE', *, *, #1165, .F. ) ;
#5806 = EDGE_CURVE ( 'NONE', #5843, #4202, #1400, .T. ) ;
#5807 = VECTOR ( 'NONE', #2859, 1000.000000000000114 ) ;
#5808 = ORIENTED_EDGE ( 'NONE', *, *, #4579, .T. ) ;
#5809 = CARTESIAN_POINT ( 'NONE',  ( 0.5080000000000000071, -5.473161398043879800, -19.63224960392044949 ) ) ;
#5810 = VERTEX_POINT ( 'NONE', #5856 ) ;
#5811 = DIRECTION ( 'NONE',  ( -1.000000000000000000, 0.000000000000000000, 0.000000000000000000 ) ) ;
#5812 = ORIENTED_EDGE ( 'NONE', *, *, #4104, .T. ) ;
#5813 = AXIS2_PLACEMENT_3D ( 'NONE', #4955, #2849, #536 ) ;
#5814 = EDGE_CURVE ( 'NONE', #4143, #4601, #882, .T. ) ;
#5815 =( LENGTH_UNIT ( ) NAMED_UNIT ( * ) SI_UNIT ( .MILLI., .METRE. ) );
#5816 = AXIS2_PLACEMENT_3D ( 'NONE', #3457, #4550, #110 ) ;
#5817 = DIRECTION ( 'NONE',  ( 0.000000000000000000, 0.000000000000000000, 1.000000000000000000 ) ) ;
#5818 = ORIENTED_EDGE ( 'NONE', *, *, #4617, .F. ) ;
#5819 = DIRECTION ( 'NONE',  ( -0.000000000000000000, 1.000000000000000000, 2.056801944749074694E-16 ) ) ;
#5820 = ORIENTED_EDGE ( 'NONE', *, *, #3689, .T. ) ;
#5821 = CARTESIAN_POINT ( 'NONE',  ( 3.700823121547720085, 6.853979900250438462, 21.84815418528078013 ) ) ;
#5822 = CARTESIAN_POINT ( 'NONE',  ( 3.251200000000000312, 6.630294768704969144, 25.09620000001660145 ) ) ;
#5823 = ADVANCED_FACE ( 'NONE', ( #3793 ), #2344, .F. ) ;
#5824 = DIRECTION ( 'NONE',  ( 0.000000000000000000, 0.000000000000000000, -1.000000000000000000 ) ) ;
#5825 = LINE ( 'NONE', #1361, #2384 ) ;
#5826 = AXIS2_PLACEMENT_3D ( 'NONE', #3204, #2208, #776 ) ;
#5827 = VERTEX_POINT ( 'NONE', #5351 ) ;
#5828 = CARTESIAN_POINT ( 'NONE',  ( 8.251199999999903056, 17.10149476870488527, -25.62999999999985334 ) ) ;
#5829 = CARTESIAN_POINT ( 'NONE',  ( 3.199495186664015112, 7.596746419968952502, 21.99156359826856644 ) ) ;
#5830 = VECTOR ( 'NONE', #3361, 1000.000000000000000 ) ;
#5831 = CARTESIAN_POINT ( 'NONE',  ( 9.652000000000001023, 6.981494768704890497, 15.53420000001659851 ) ) ;
#5832 = VECTOR ( 'NONE', #897, 1000.000000000000114 ) ;
#5833 = FACE_OUTER_BOUND ( 'NONE', #2542, .T. ) ;
#5834 = AXIS2_PLACEMENT_3D ( 'NONE', #4586, #3550, #6098 ) ;
#5835 = EDGE_CURVE ( 'NONE', #2160, #1705, #3578, .T. ) ;
#5836 = CARTESIAN_POINT ( 'NONE',  ( 0.5000000000000056621, -2.531718521696844696E-14, 16.05380000001665053 ) ) ;
#5837 = ORIENTED_EDGE ( 'NONE', *, *, #599, .F. ) ;
#5838 = CARTESIAN_POINT ( 'NONE',  ( 0.5000000000000004441, 17.10149476870488527, 31.24500000000017508 ) ) ;
#5839 = LINE ( 'NONE', #413, #2365 ) ;
#5840 = ORIENTED_EDGE ( 'NONE', *, *, #4610, .T. ) ;
#5841 = AXIS2_PLACEMENT_3D ( 'NONE', #4144, #3631, #5185 ) ;
#5842 = CARTESIAN_POINT ( 'NONE',  ( 10.16000000000000014, -6.743161398043880261, -21.84104724382974894 ) ) ;
#5843 = VERTEX_POINT ( 'NONE', #6293 ) ;
#5844 = CARTESIAN_POINT ( 'NONE',  ( 8.251199999999903056, 17.10149476870488527, -25.62999999999985334 ) ) ;
#5845 = ORIENTED_EDGE ( 'NONE', *, *, #6446, .T. ) ;
#5846 = EDGE_CURVE ( 'NONE', #346, #72, #4082, .T. ) ;
#5847 = CARTESIAN_POINT ( 'NONE',  ( 10.16000000000000014, 1.814613497994890023, 19.86380000001660306 ) ) ;
#5848 = AXIS2_PLACEMENT_3D ( 'NONE', #3107, #5076, #2622 ) ;
#5849 = VERTEX_POINT ( 'NONE', #430 ) ;
#5850 = CARTESIAN_POINT ( 'NONE',  ( 3.027262494160363637, 7.959749600864580721, -23.81989083277332497 ) ) ;
#5851 = ORIENTED_EDGE ( 'NONE', *, *, #2966, .F. ) ;
#5852 = EDGE_CURVE ( 'NONE', #3032, #1411, #2412, .T. ) ;
#5853 = CARTESIAN_POINT ( 'NONE',  ( 0.000000000000000000, 5.810650864895277934, -17.97134345949894296 ) ) ;
#5854 = VERTEX_POINT ( 'NONE', #1301 ) ;
#5855 = CARTESIAN_POINT ( 'NONE',  ( 3.751915681933154723, 6.658177835652586474, 21.84499972020143588 ) ) ;
#5856 = CARTESIAN_POINT ( 'NONE',  ( 3.251200000000000312, 9.188879377429095996, 22.35300000001660692 ) ) ;
#5857 = DIRECTION ( 'NONE',  ( 0.000000000000000000, 0.000000000000000000, -1.000000000000000000 ) ) ;
#5858 = LINE ( 'NONE', #5963, #5807 ) ;
#5859 = ADVANCED_FACE ( 'NONE', ( #329 ), #1099, .F. ) ;
#5860 = ORIENTED_EDGE ( 'NONE', *, *, #5932, .T. ) ;
#5861 = LINE ( 'NONE', #4836, #3344 ) ;
#5862 = CARTESIAN_POINT ( 'NONE',  ( 3.592380212530807970, 6.909918804359223898, 21.85704230066802722 ) ) ;
#5863 = DIRECTION ( 'NONE',  ( 1.000000000000000000, 0.000000000000000000, 0.000000000000000000 ) ) ;
#5864 = DIRECTION ( 'NONE',  ( 0.000000000000000000, 0.000000000000000000, -1.000000000000000000 ) ) ;
#5865 = VECTOR ( 'NONE', #5198, 1000.000000000000000 ) ;
#5866 = CARTESIAN_POINT ( 'NONE',  ( 0.5000000000000056621, -3.908200656061839862, -22.90561900837154852 ) ) ;
#5867 = ORIENTED_EDGE ( 'NONE', *, *, #3957, .T. ) ;
#5868 = DIRECTION ( 'NONE',  ( -1.000000000000000000, 0.000000000000000000, 0.000000000000000000 ) ) ;
#5869 = EDGE_LOOP ( 'NONE', ( #813, #5738, #3698, #4991 ) ) ;
#5870 = CARTESIAN_POINT ( 'NONE',  ( 0.5000000000000056621, -5.218502871315109815, -21.84204960392045081 ) ) ;
#5871 = LINE ( 'NONE', #2360, #4321 ) ;
#5872 = ORIENTED_EDGE ( 'NONE', *, *, #6135, .F. ) ;
#5873 = EDGE_CURVE ( 'NONE', #1911, #283, #6092, .T. ) ;
#5874 = DIRECTION ( 'NONE',  ( 1.000000000000000000, 0.000000000000000000, 0.000000000000000000 ) ) ;
#5875 = ORIENTED_EDGE ( 'NONE', *, *, #6094, .T. ) ;
#5876 = LINE ( 'NONE', #476, #4132 ) ;
#5877 = ORIENTED_EDGE ( 'NONE', *, *, #5070, .T. ) ;
#5878 = CARTESIAN_POINT ( 'NONE',  ( 10.16000000000000014, 9.881494768704969900, 7.652303224555309771E-16 ) ) ;
#5879 = ORIENTED_EDGE ( 'NONE', *, *, #2673, .F. ) ;
#5880 = AXIS2_PLACEMENT_3D ( 'NONE', #282, #3747, #2265 ) ;
#5881 = ORIENTED_EDGE ( 'NONE', *, *, #994, .T. ) ;
#5882 = DIRECTION ( 'NONE',  ( -1.000000000000000000, 0.000000000000000000, 0.000000000000000000 ) ) ;
#5883 = EDGE_CURVE ( 'NONE', #5309, #5643, #2653, .T. ) ;
#5884 = DIRECTION ( 'NONE',  ( 1.000000000000000000, 0.000000000000000000, 0.000000000000000000 ) ) ;
#5885 = CARTESIAN_POINT ( 'NONE',  ( 3.044470112900992564, 7.932959765912583450, -23.80803146243733792 ) ) ;
#5886 = ORIENTED_EDGE ( 'NONE', *, *, #3891, .F. ) ;
#5887 = DIRECTION ( 'NONE',  ( 1.000000000000000000, 0.000000000000000000, 0.000000000000000000 ) ) ;
#5888 = VERTEX_POINT ( 'NONE', #1288 ) ;
#5889 = ORIENTED_EDGE ( 'NONE', *, *, #6332, .T. ) ;
#5890 = DIRECTION ( 'NONE',  ( 0.000000000000000000, 0.000000000000000000, -1.000000000000000000 ) ) ;
#5891 = CONICAL_SURFACE ( 'NONE', #3492, 2.751200000000009194, 0.7853981633974375098 ) ;
#5892 = CARTESIAN_POINT ( 'NONE',  ( 2.751199999999998536, 52.35029476870499821, 36.82999999999999829 ) ) ;
#5893 = ADVANCED_FACE ( 'NONE', ( #1677 ), #3988, .F. ) ;
#5894 = CARTESIAN_POINT ( 'NONE',  ( 0.5000000000000056621, -3.252586502007740243, 17.14499999999999957 ) ) ;
#5895 = ORIENTED_EDGE ( 'NONE', *, *, #1186, .T. ) ;
#5896 = DIRECTION ( 'NONE',  ( 0.000000000000000000, 0.5000000000000003331, -0.8660254037844384856 ) ) ;
#5897 = CARTESIAN_POINT ( 'NONE',  ( 3.608944219416121868, 6.882029284518664802, 21.85472537180017127 ) ) ;
#5898 = EDGE_CURVE ( 'NONE', #3541, #927, #6209, .T. ) ;
#5899 = AXIS2_PLACEMENT_3D ( 'NONE', #6430, #2421, #4521 ) ;
#5900 = DIRECTION ( 'NONE',  ( 0.000000000000000000, 0.000000000000000000, 1.000000000000000000 ) ) ;
#5901 = FACE_OUTER_BOUND ( 'NONE', #4942, .T. ) ;
#5902 = CARTESIAN_POINT ( 'NONE',  ( 0.5080000000000000071, 1.814613497994890023, 16.04220000001659940 ) ) ;
#5903 = VERTEX_POINT ( 'NONE', #5170 ) ;
#5904 = CARTESIAN_POINT ( 'NONE',  ( 5.751199999999999868, 48.10149476870488883, 24.17000000000017224 ) ) ;
#5905 = VECTOR ( 'NONE', #4423, 1000.000000000000000 ) ;
#5906 = FACE_OUTER_BOUND ( 'NONE', #1487, .T. ) ;
#5907 = CARTESIAN_POINT ( 'NONE',  ( 0.5000000000000056621, -2.452586502005110081, 0.000000000000000000 ) ) ;
#5908 = CIRCLE ( 'NONE', #3303, 0.5080000000000015614 ) ;
#5909 = ORIENTED_EDGE ( 'NONE', *, *, #4935, .F. ) ;
#5910 = EDGE_CURVE ( 'NONE', #4928, #2044, #2861, .T. ) ;
#5911 = AXIS2_PLACEMENT_3D ( 'NONE', #2701, #4676, #1169 ) ;
#5912 = AXIS2_PLACEMENT_3D ( 'NONE', #4214, #5653, #238 ) ;
#5913 = DIRECTION ( 'NONE',  ( -1.000000000000000000, 0.000000000000000000, 0.000000000000000000 ) ) ;
#5914 = ORIENTED_EDGE ( 'NONE', *, *, #6314, .T. ) ;
#5915 = CARTESIAN_POINT ( 'NONE',  ( 10.16000000000000014, 23.78149476870569856, 31.39999999999335145 ) ) ;
#5916 = ORIENTED_EDGE ( 'NONE', *, *, #5360, .F. ) ;
#5917 = EDGE_LOOP ( 'NONE', ( #1839, #3449, #3402, #6166 ) ) ;
#5918 = FACE_OUTER_BOUND ( 'NONE', #6207, .T. ) ;
#5919 = CARTESIAN_POINT ( 'NONE',  ( 0.000000000000000000, 6.473494768704890490, 15.53420000001659851 ) ) ;
#5920 = CARTESIAN_POINT ( 'NONE',  ( 3.251200000000000312, 55.10149476870500251, 0.000000000000000000 ) ) ;
#5921 = ORIENTED_EDGE ( 'NONE', *, *, #2406, .T. ) ;
#5922 = AXIS2_PLACEMENT_3D ( 'NONE', #1894, #4869, #3892 ) ;
#5923 = DIRECTION ( 'NONE',  ( 0.000000000000000000, 0.000000000000000000, -1.000000000000000000 ) ) ;
#5924 = ORIENTED_EDGE ( 'NONE', *, *, #920, .T. ) ;
#5925 = ADVANCED_FACE ( 'NONE', ( #3275 ), #741, .T. ) ;
#5926 = CARTESIAN_POINT ( 'NONE',  ( 3.097039770742278098, 7.853238616859900212, -23.77391894934270056 ) ) ;
#5927 = TOROIDAL_SURFACE ( 'NONE', #3112, 27.50800000000165113, 0.5080000000000000071 ) ;
#5928 = DIRECTION ( 'NONE',  ( 1.000000000000000000, 0.000000000000000000, 0.000000000000000000 ) ) ;
#5929 = DIRECTION ( 'NONE',  ( 0.000000000000000000, 0.000000000000000000, -1.000000000000000000 ) ) ;
#5930 = ORIENTED_EDGE ( 'NONE', *, *, #4563, .F. ) ;
#5931 = DIRECTION ( 'NONE',  ( 0.000000000000000000, 0.000000000000000000, -1.000000000000000000 ) ) ;
#5932 = EDGE_CURVE ( 'NONE', #6000, #1678, #220, .T. ) ;
#5933 = LINE ( 'NONE', #1929, #2446 ) ;
#5934 = CIRCLE ( 'NONE', #3730, 53.04027774584250210 ) ;
#5935 = CARTESIAN_POINT ( 'NONE',  ( 8.251199999999903056, 17.10149476870488527, 29.67000000000017579 ) ) ;
#5936 = DIRECTION ( 'NONE',  ( 0.000000000000000000, 0.000000000000000000, -1.000000000000000000 ) ) ;
#5937 = CARTESIAN_POINT ( 'NONE',  ( 0.5000000000000004441, 48.10149476870488883, 31.24500000000017508 ) ) ;
#5938 = ORIENTED_EDGE ( 'NONE', *, *, #6051, .F. ) ;
#5939 = DIRECTION ( 'NONE',  ( -1.000000000000000000, -0.000000000000000000, -0.000000000000000000 ) ) ;
#5940 = EDGE_CURVE ( 'NONE', #2044, #4015, #1206, .T. ) ;
#5941 = AXIS2_PLACEMENT_3D ( 'NONE', #4372, #2975, #1977 ) ;
#5942 = CARTESIAN_POINT ( 'NONE',  ( 3.251200000000000312, 10.38149476870496457, 0.000000000000000000 ) ) ;
#5943 = DIRECTION ( 'NONE',  ( 0.7071067811865437980, 0.000000000000000000, 0.7071067811865513475 ) ) ;
#5944 = VERTEX_POINT ( 'NONE', #774 ) ;
#5945 = VECTOR ( 'NONE', #2393, 1000.000000000000000 ) ;
#5946 = CIRCLE ( 'NONE', #3846, 3.251200000000002532 ) ;
#5947 = CARTESIAN_POINT ( 'NONE',  ( 3.251200000000000312, 9.881494768704969900, 36.82999999999999829 ) ) ;
#5948 = VERTEX_POINT ( 'NONE', #5238 ) ;
#5949 = CARTESIAN_POINT ( 'NONE',  ( 10.16000000000000014, -9.994361398043869471, -21.84104724382974894 ) ) ;
#5950 = EDGE_CURVE ( 'NONE', #718, #5034, #314, .T. ) ;
#5951 = EDGE_LOOP ( 'NONE', ( #1252, #2084, #1890, #2141 ) ) ;
#5952 = ORIENTED_EDGE ( 'NONE', *, *, #4454, .F. ) ;
#5953 = AXIS2_PLACEMENT_3D ( 'NONE', #1968, #5868, #3392 ) ;
#5954 = PRODUCT_CONTEXT ( 'NONE', #3418, 'mechanical' ) ;
#5955 = CARTESIAN_POINT ( 'NONE',  ( 3.327169271148234575, 7.541836738682246022, -23.66566675720747881 ) ) ;
#5956 = AXIS2_PLACEMENT_3D ( 'NONE', #5488, #9, #1013 ) ;
#5957 = ORIENTED_EDGE ( 'NONE', *, *, #1843, .F. ) ;
#5958 = DIRECTION ( 'NONE',  ( 0.000000000000000000, -1.000000000000000000, 5.014445018423550594E-16 ) ) ;
#5959 = ORIENTED_EDGE ( 'NONE', *, *, #1675, .T. ) ;
#5960 = CARTESIAN_POINT ( 'NONE',  ( 2.756995774763971063, 8.590690425298738830, -24.19242225101272936 ) ) ;
#5961 = TOROIDAL_SURFACE ( 'NONE', #6264, 5.500000000000001776, 2.500000000000000000 ) ;
#5962 = EDGE_CURVE ( 'NONE', #2912, #6177, #1766, .T. ) ;
#5963 = CARTESIAN_POINT ( 'NONE',  ( 7.951199999999901458, 17.10149476870488527, -26.75499999999983558 ) ) ;
#5964 = ORIENTED_EDGE ( 'NONE', *, *, #4439, .F. ) ;
#5965 = CYLINDRICAL_SURFACE ( 'NONE', #4684, 1.574999999999999956 ) ;
#5966 = B_SPLINE_CURVE_WITH_KNOTS ( 'NONE', 3,
 ( #4212, #3633, #4251, #5688 ),
 .UNSPECIFIED., .F., .F.,
 ( 4, 4 ),
 ( 0.000000000000000000, 0.0007649010253109866106 ),
 .UNSPECIFIED. ) ;
#5967 = CARTESIAN_POINT ( 'NONE',  ( 2.751199999999998980, 8.847843894287153788, 22.71864299425844536 ) ) ;
#5968 = EDGE_CURVE ( 'NONE', #1976, #5106, #4134, .T. ) ;
#5969 = CARTESIAN_POINT ( 'NONE',  ( 3.467478326220613472, 7.939716212635009818, -23.66730539286451318 ) ) ;
#5970 = DIRECTION ( 'NONE',  ( 1.000000000000000000, 0.000000000000000000, 0.000000000000000000 ) ) ;
#5971 = ORIENTED_EDGE ( 'NONE', *, *, #4192, .F. ) ;
#5972 = CARTESIAN_POINT ( 'NONE',  ( 3.759199999999999875, 7.015741880278999254, -23.55861619662275075 ) ) ;
#5973 = VERTEX_POINT ( 'NONE', #2299 ) ;
#5974 = CARTESIAN_POINT ( 'NONE',  ( 16.73648137423847970, 17.10149476870488527, 26.67000000000017224 ) ) ;
#5975 = VERTEX_POINT ( 'NONE', #3655 ) ;
#5976 = EDGE_CURVE ( 'NONE', #4107, #5301, #3713, .T. ) ;
#5977 = DIRECTION ( 'NONE',  ( 0.000000000000000000, 0.000000000000000000, -1.000000000000000000 ) ) ;
#5978 = DIRECTION ( 'NONE',  ( -0.7071067811865435759, 0.7071067811865515695, 0.000000000000000000 ) ) ;
#5979 = ORIENTED_EDGE ( 'NONE', *, *, #4868, .F. ) ;
#5980 = PLANE ( 'NONE',  #634 ) ;
#5981 = CARTESIAN_POINT ( 'NONE',  ( 3.452762039129417815, 7.850256938808922946, 21.94753382603172653 ) ) ;
#5982 = AXIS2_PLACEMENT_3D ( 'NONE', #3734, #789, #3701 ) ;
#5983 = EDGE_CURVE ( 'NONE', #1409, #5673, #169, .T. ) ;
#5984 = PLANE ( 'NONE',  #1318 ) ;
#5985 = DIRECTION ( 'NONE',  ( 1.000000000000000000, 0.000000000000000000, 0.000000000000000000 ) ) ;
#5986 = ORIENTED_EDGE ( 'NONE', *, *, #224, .F. ) ;
#5987 = CARTESIAN_POINT ( 'NONE',  ( 8.251199999999903056, 48.10149476870488883, -25.62999999999985334 ) ) ;
#5988 = ORIENTED_EDGE ( 'NONE', *, *, #1467, .F. ) ;
#5989 = VERTEX_POINT ( 'NONE', #1192 ) ;
#5990 = CARTESIAN_POINT ( 'NONE',  ( 3.322237143864632536, 8.485476546720294166, -23.74940867160148272 ) ) ;
#5991 = AXIS2_PLACEMENT_3D ( 'NONE', #5777, #252, #2234 ) ;
#5992 = EDGE_CURVE ( 'NONE', #4774, #5378, #4196, .T. ) ;
#5993 = VECTOR ( 'NONE', #3685, 1000.000000000000000 ) ;
#5994 = DIRECTION ( 'NONE',  ( 0.000000000000000000, -1.000000000000000000, -2.188495091758580164E-16 ) ) ;
#5995 = ORIENTED_EDGE ( 'NONE', *, *, #3603, .T. ) ;
#5996 = FACE_OUTER_BOUND ( 'NONE', #6442, .T. ) ;
#5997 = ORIENTED_EDGE ( 'NONE', *, *, #2982, .F. ) ;
#5998 = DIRECTION ( 'NONE',  ( 0.000000000000000000, 0.000000000000000000, -1.000000000000000000 ) ) ;
#5999 = CARTESIAN_POINT ( 'NONE',  ( 3.397611205701321246, 8.184660214625695929, -23.70015143006160230 ) ) ;
#6000 = VERTEX_POINT ( 'NONE', #707 ) ;
#6001 = DIRECTION ( 'NONE',  ( 1.000000000000000000, 0.000000000000000000, 0.000000000000000000 ) ) ;
#6002 = ORIENTED_EDGE ( 'NONE', *, *, #3151, .F. ) ;
#6003 = DIRECTION ( 'NONE',  ( 0.000000000000000000, 1.000000000000000000, -5.637321366148860355E-16 ) ) ;
#6004 = VERTEX_POINT ( 'NONE', #2782 ) ;
#6005 = DIRECTION ( 'NONE',  ( 0.000000000000000000, 0.000000000000000000, -1.000000000000000000 ) ) ;
#6006 = EDGE_CURVE ( 'NONE', #72, #2076, #5132, .T. ) ;
#6007 = ORIENTED_EDGE ( 'NONE', *, *, #6422, .T. ) ;
#6008 = VECTOR ( 'NONE', #6254, 1000.000000000000114 ) ;
#6009 = CARTESIAN_POINT ( 'NONE',  ( 0.5000000000000056621, -9.302934405672150575, 4.424998755791154537 ) ) ;
#6010 = ORIENTED_EDGE ( 'NONE', *, *, #4007, .T. ) ;
#6011 = AXIS2_PLACEMENT_3D ( 'NONE', #4859, #1884, #5817 ) ;
#6012 = CIRCLE ( 'NONE', #4949, 1.574999999999999956 ) ;
#6013 = CARTESIAN_POINT ( 'NONE',  ( 10.16000000000000014, -3.418503319182129907, -24.14499999999445023 ) ) ;
#6014 = DIRECTION ( 'NONE',  ( 0.000000000000000000, 0.000000000000000000, -1.000000000000000000 ) ) ;
#6015 = EDGE_CURVE ( 'NONE', #3542, #1797, #5449, .T. ) ;
#6016 = AXIS2_PLACEMENT_3D ( 'NONE', #3722, #5752, #3688 ) ;
#6017 = CARTESIAN_POINT ( 'NONE',  ( 0.5000000000000056621, -9.994361398043869471, -21.84104724382974894 ) ) ;
#6018 = ORIENTED_EDGE ( 'NONE', *, *, #2990, .F. ) ;
#6019 = CARTESIAN_POINT ( 'NONE',  ( 3.300857332860535731, 8.623353769768511867, 22.13389176021651750 ) ) ;
#6020 = ORIENTED_EDGE ( 'NONE', *, *, #5661, .F. ) ;
#6021 = ORIENTED_EDGE ( 'NONE', *, *, #5565, .T. ) ;
#6022 = CIRCLE ( 'NONE', #4961, 1.015999999999999570 ) ;
#6023 = CIRCLE ( 'NONE', #2879, 0.9651999999999993918 ) ;
#6024 = ADVANCED_FACE ( 'NONE', ( #4660 ), #2347, .F. ) ;
#6025 = CARTESIAN_POINT ( 'NONE',  ( 2.751210994425255407, 8.641915859661454036, -24.23189746367407338 ) ) ;
#6026 = AXIS2_PLACEMENT_3D ( 'NONE', #2929, #2987, #3863 ) ;
#6027 = DIRECTION ( 'NONE',  ( -1.000000000000000000, -0.000000000000000000, -0.000000000000000000 ) ) ;
#6028 = ORIENTED_EDGE ( 'NONE', *, *, #6067, .T. ) ;
#6029 = CARTESIAN_POINT ( 'NONE',  ( 3.700229895386050849, 7.197319338596032345, -23.58033340108936571 ) ) ;
#6030 = ADVANCED_FACE ( 'NONE', ( #4166 ), #1701, .F. ) ;
#6031 = ORIENTED_EDGE ( 'NONE', *, *, #3835, .T. ) ;
#6032 = CIRCLE ( 'NONE', #5813, 5.499999999999998224 ) ;
#6033 = LINE ( 'NONE', #3960, #5338 ) ;
#6034 = CARTESIAN_POINT ( 'NONE',  ( 10.16000000000000014, -3.418503319182119693, 1.714189693933714868E-15 ) ) ;
#6035 = ORIENTED_EDGE ( 'NONE', *, *, #5586, .T. ) ;
#6036 = AXIS2_PLACEMENT_3D ( 'NONE', #245, #6136, #768 ) ;
#6037 = DIRECTION ( 'NONE',  ( 0.000000000000000000, -1.000000000000000000, -2.188495091758580164E-16 ) ) ;
#6038 = LINE ( 'NONE', #5937, #1447 ) ;
#6039 = VERTEX_POINT ( 'NONE', #3764 ) ;
#6040 = DIRECTION ( 'NONE',  ( 1.000000000000000000, 0.000000000000000000, 0.000000000000000000 ) ) ;
#6041 = CYLINDRICAL_SURFACE ( 'NONE', #4921, 1.574999999999999956 ) ;
#6042 = ORIENTED_EDGE ( 'NONE', *, *, #4563, .T. ) ;
#6043 = AXIS2_PLACEMENT_3D ( 'NONE', #6069, #1595, #5644 ) ;
#6044 = EDGE_CURVE ( 'NONE', #1409, #4647, #5388, .T. ) ;
#6045 = DIRECTION ( 'NONE',  ( -0.7071067811865439090, 4.599880250050046979E-16, 0.7071067811865512365 ) ) ;
#6046 = EDGE_LOOP ( 'NONE', ( #85, #407, #3111, #4520 ) ) ;
#6047 = CIRCLE ( 'NONE', #1458, 0.5080000000000000071 ) ;
#6048 = DIRECTION ( 'NONE',  ( -1.000000000000000000, 0.000000000000000000, 0.000000000000000000 ) ) ;
#6049 = CARTESIAN_POINT ( 'NONE',  ( 0.5000000000000052180, 9.881494768704969900, 36.82999999999999829 ) ) ;
#6050 = AXIS2_PLACEMENT_3D ( 'NONE', #4688, #4229, #4161 ) ;
#6051 = EDGE_CURVE ( 'NONE', #3195, #1262, #5759, .T. ) ;
#6052 = CARTESIAN_POINT ( 'NONE',  ( 3.759199999999999875, 9.373494768704960123, 21.33700000001659802 ) ) ;
#6053 = ORIENTED_EDGE ( 'NONE', *, *, #1892, .F. ) ;
#6054 = CARTESIAN_POINT ( 'NONE',  ( 3.529766998211704809, 7.526393417488972837, 21.89951080281238660 ) ) ;
#6055 = ORIENTED_EDGE ( 'NONE', *, *, #3835, .F. ) ;
#6056 = AXIS2_PLACEMENT_3D ( 'NONE', #3732, #4738, #3157 ) ;
#6057 = CARTESIAN_POINT ( 'NONE',  ( 2.831902625094630643, 8.328342658602860382, -24.01418038726609794 ) ) ;
#6058 = VECTOR ( 'NONE', #3692, 1000.000000000000000 ) ;
#6059 = EDGE_CURVE ( 'NONE', #5543, #1117, #4193, .T. ) ;
#6060 = CARTESIAN_POINT ( 'NONE',  ( 10.16000000000000014, -8.994361398043880129, -24.65299999999444935 ) ) ;
#6061 = DIRECTION ( 'NONE',  ( 0.000000000000000000, 0.000000000000000000, 1.000000000000000000 ) ) ;
#6062 = ORIENTED_EDGE ( 'NONE', *, *, #5509, .T. ) ;
#6063 = FACE_OUTER_BOUND ( 'NONE', #595, .T. ) ;
#6064 = VERTEX_POINT ( 'NONE', #362 ) ;
#6065 = VECTOR ( 'NONE', #3777, 1000.000000000000000 ) ;
#6066 = CARTESIAN_POINT ( 'NONE',  ( 2.751222338859588668, 8.808587170159441371, 22.68202821949098436 ) ) ;
#6067 = EDGE_CURVE ( 'NONE', #328, #5271, #1302, .T. ) ;
#6068 = CARTESIAN_POINT ( 'NONE',  ( 3.327421613748668960, 8.461223398084053215, -23.74465385035548337 ) ) ;
#6069 = CARTESIAN_POINT ( 'NONE',  ( 0.000000000000000000, 7.557776880929980123, -19.01886046992675006 ) ) ;
#6070 = EDGE_LOOP ( 'NONE', ( #1316, #3010, #2957, #953 ) ) ;
#6071 = DIRECTION ( 'NONE',  ( -0.000000000000000000, 1.000000000000000000, 0.000000000000000000 ) ) ;
#6072 = EDGE_LOOP ( 'NONE', ( #983, #754, #1064, #4301 ) ) ;
#6073 = CARTESIAN_POINT ( 'NONE',  ( 0.5000000000000052180, 52.35029476870499821, -36.82999999999999829 ) ) ;
#6074 = ORIENTED_EDGE ( 'NONE', *, *, #870, .T. ) ;
#6075 = EDGE_CURVE ( 'NONE', #4388, #750, #2042, .T. ) ;
#6076 = CARTESIAN_POINT ( 'NONE',  ( 10.16000000000000014, 6.473494768704890490, 18.84780000001660127 ) ) ;
#6077 = EDGE_LOOP ( 'NONE', ( #5446, #3905, #1661, #5616 ) ) ;
#6078 = CARTESIAN_POINT ( 'NONE',  ( 10.16000000000000014, 4.979358361359260243, -20.25515538992685194 ) ) ;
#6079 = DIRECTION ( 'NONE',  ( 0.000000000000000000, 0.000000000000000000, -1.000000000000000000 ) ) ;
#6080 = EDGE_CURVE ( 'NONE', #563, #5810, #4139, .T. ) ;
#6081 = DIRECTION ( 'NONE',  ( 0.000000000000000000, 0.000000000000000000, -1.000000000000000000 ) ) ;
#6082 = ORIENTED_EDGE ( 'NONE', *, *, #1377, .T. ) ;
#6083 = CARTESIAN_POINT ( 'NONE',  ( 3.312661811003716483, 8.547121200108570349, 22.11019117894589670 ) ) ;
#6084 = VECTOR ( 'NONE', #2736, 1000.000000000000000 ) ;
#6085 = ORIENTED_EDGE ( 'NONE', *, *, #6218, .T. ) ;
#6086 = EDGE_CURVE ( 'NONE', #4337, #1275, #3381, .T. ) ;
#6087 = DIRECTION ( 'NONE',  ( 0.000000000000000000, 1.134814917820289949E-16, -1.000000000000000000 ) ) ;
#6088 = CARTESIAN_POINT ( 'NONE',  ( 0.5080000000000000071, 0.7986134979948928958, 9.062785110972489958E-17 ) ) ;
#6089 = ORIENTED_EDGE ( 'NONE', *, *, #398, .T. ) ;
#6090 = DIRECTION ( 'NONE',  ( 0.000000000000000000, -0.4373172342754225728, -0.8993073093251801042 ) ) ;
#6091 = EDGE_LOOP ( 'NONE', ( #1909, #2602, #490, #1567 ) ) ;
#6092 = CIRCLE ( 'NONE', #1931, 2.074999999999993516 ) ;
#6093 = CARTESIAN_POINT ( 'NONE',  ( 2.776023124066432146, 8.620506182848982846, 22.52518273339545019 ) ) ;
#6094 = EDGE_CURVE ( 'NONE', #1385, #3348, #4099, .T. ) ;
#6095 = FACE_OUTER_BOUND ( 'NONE', #4980, .T. ) ;
#6096 = FACE_OUTER_BOUND ( 'NONE', #6195, .T. ) ;
#6097 = ORIENTED_EDGE ( 'NONE', *, *, #5596, .F. ) ;
#6098 = DIRECTION ( 'NONE',  ( 0.000000000000000000, 0.000000000000000000, 1.000000000000000000 ) ) ;
#6099 = CARTESIAN_POINT ( 'NONE',  ( 0.5080000000000000071, 6.981494768704890497, 18.84780000001660127 ) ) ;
#6100 = VERTEX_POINT ( 'NONE', #5287 ) ;
#6101 = DIRECTION ( 'NONE',  ( 1.000000000000000000, 0.000000000000000000, 0.000000000000000000 ) ) ;
#6102 = ADVANCED_FACE ( 'NONE', ( #3287 ), #1852, .T. ) ;
#6103 = ORIENTED_EDGE ( 'NONE', *, *, #646, .T. ) ;
#6104 = CARTESIAN_POINT ( 'NONE',  ( 9.652000000000001023, 6.473494768704890490, 16.04220000001659940 ) ) ;
#6105 = ORIENTED_EDGE ( 'NONE', *, *, #2503, .F. ) ;
#6106 = DIRECTION ( 'NONE',  ( 0.000000000000000000, 0.000000000000000000, -1.000000000000000000 ) ) ;
#6107 = CARTESIAN_POINT ( 'NONE',  ( 0.5080000000000000071, 2.065286086174685121, -13.42819999998338076 ) ) ;
#6108 = ADVANCED_FACE ( 'NONE', ( #3351 ), #5340, .T. ) ;
#6109 = VECTOR ( 'NONE', #3737, 1000.000000000000114 ) ;
#6110 = CARTESIAN_POINT ( 'NONE',  ( 16.73648137423847970, 17.10149476870488527, 31.24500000000017508 ) ) ;
#6111 = CARTESIAN_POINT ( 'NONE',  ( 0.000000000000000000, 2.065286086174685121, -14.44419999998338078 ) ) ;
#6112 = CARTESIAN_POINT ( 'NONE',  ( 0.5000000000000052180, 9.881494768704969900, 33.57880000000000109 ) ) ;
#6113 = ORIENTED_EDGE ( 'NONE', *, *, #629, .F. ) ;
#6114 = LINE ( 'NONE', #1645, #526 ) ;
#6115 = CIRCLE ( 'NONE', #5689, 1.708000000000316820 ) ;
#6116 = AXIS2_PLACEMENT_3D ( 'NONE', #3342, #4823, #4342 ) ;
#6117 = LINE ( 'NONE', #1648, #5993 ) ;
#6118 = DIRECTION ( 'NONE',  ( 0.000000000000000000, 1.000000000000000000, 0.000000000000000000 ) ) ;
#6119 = PLANE ( 'NONE',  #3822 ) ;
#6120 = AXIS2_PLACEMENT_3D ( 'NONE', #4415, #3921, #5929 ) ;
#6121 = EDGE_CURVE ( 'NONE', #4325, #2293, #1924, .T. ) ;
#6122 = ORIENTED_EDGE ( 'NONE', *, *, #4596, .F. ) ;
#6123 = CARTESIAN_POINT ( 'NONE',  ( 8.251199999999903056, 48.10149476870488883, -30.20499999999984908 ) ) ;
#6124 = ORIENTED_EDGE ( 'NONE', *, *, #5186, .T. ) ;
#6125 = CYLINDRICAL_SURFACE ( 'NONE', #786, 0.5080000000000015614 ) ;
#6126 = VECTOR ( 'NONE', #5692, 1000.000000000000000 ) ;
#6127 = CARTESIAN_POINT ( 'NONE',  ( 3.342086963131789101, 8.399013504053341350, -23.73361968529851751 ) ) ;
#6128 = EDGE_CURVE ( 'NONE', #708, #5849, #359, .T. ) ;
#6129 = VERTEX_POINT ( 'NONE', #4833 ) ;
#6130 = AXIS2_PLACEMENT_3D ( 'NONE', #5947, #3304, #349 ) ;
#6131 = FACE_OUTER_BOUND ( 'NONE', #6419, .T. ) ;
#6132 = ORIENTED_EDGE ( 'NONE', *, *, #155, .T. ) ;
#6133 = FACE_OUTER_BOUND ( 'NONE', #3871, .T. ) ;
#6134 = AXIS2_PLACEMENT_3D ( 'NONE', #2328, #5799, #3327 ) ;
#6135 = EDGE_CURVE ( 'NONE', #2536, #4848, #1612, .T. ) ;
#6136 = DIRECTION ( 'NONE',  ( 1.000000000000000000, 0.000000000000000000, 0.000000000000000000 ) ) ;
#6137 = ORIENTED_EDGE ( 'NONE', *, *, #224, .T. ) ;
#6138 = CARTESIAN_POINT ( 'NONE',  ( 3.759199999999999875, 7.015741880278999254, -23.55861619662275075 ) ) ;
#6139 = CIRCLE ( 'NONE', #2700, 0.5080000000000015614 ) ;
#6140 = DIRECTION ( 'NONE',  ( -1.000000000000000000, 0.000000000000000000, 0.000000000000000000 ) ) ;
#6141 = CARTESIAN_POINT ( 'NONE',  ( 3.251200000000000312, 52.35029476870499821, 33.57880000000000109 ) ) ;
#6142 = AXIS2_PLACEMENT_3D ( 'NONE', #2784, #4756, #223 ) ;
#6143 = CARTESIAN_POINT ( 'NONE',  ( 10.16000000000000014, 23.78149476870569856, 31.39999999999335145 ) ) ;
#6144 = ORIENTED_EDGE ( 'NONE', *, *, #2143, .T. ) ;
#6145 = EDGE_CURVE ( 'NONE', #5301, #4816, #1938, .T. ) ;
#6146 = DIRECTION ( 'NONE',  ( 0.000000000000000000, 0.000000000000000000, 1.000000000000000000 ) ) ;
#6147 = EDGE_LOOP ( 'NONE', ( #2451, #2022, #5818, #509 ) ) ;
#6148 = CARTESIAN_POINT ( 'NONE',  ( 3.291035233475320787, 8.690225416119782054, 22.15540978506130187 ) ) ;
#6149 = AXIS2_PLACEMENT_3D ( 'NONE', #5904, #2356, #5297 ) ;
#6150 = CARTESIAN_POINT ( 'NONE',  ( 7.951199999999901458, 48.10149476870488883, -26.75499999999983558 ) ) ;
#6151 = FACE_OUTER_BOUND ( 'NONE', #5540, .T. ) ;
#6152 = CARTESIAN_POINT ( 'NONE',  ( 7.951199999999892576, 17.10149476870488527, 26.67000000000017224 ) ) ;
#6153 = CIRCLE ( 'NONE', #6149, 2.499999999999998668 ) ;
#6154 = ORIENTED_EDGE ( 'NONE', *, *, #6094, .F. ) ;
#6155 = CARTESIAN_POINT ( 'NONE',  ( 0.000000000000000000, 52.35029476870499821, -36.32999999999998408 ) ) ;
#6156 = ORIENTED_EDGE ( 'NONE', *, *, #4641, .F. ) ;
#6157 = CARTESIAN_POINT ( 'NONE',  ( 0.000000000000000000, -5.471622585859048371, 18.59380000001660349 ) ) ;
#6158 = VECTOR ( 'NONE', #4803, 1000.000000000000000 ) ;
#6159 = EDGE_CURVE ( 'NONE', #2626, #4382, #5344, .T. ) ;
#6160 = CARTESIAN_POINT ( 'NONE',  ( 3.291299483793152181, 8.635946967977321975, -23.78012151432623611 ) ) ;
#6161 = CARTESIAN_POINT ( 'NONE',  ( 10.16000000000000014, 6.981494768704890497, 2.632818015800354723E-16 ) ) ;
#6162 = ORIENTED_EDGE ( 'NONE', *, *, #974, .T. ) ;
#6163 = AXIS2_PLACEMENT_3D ( 'NONE', #586, #3477, #2089 ) ;
#6164 = DIRECTION ( 'NONE',  ( 0.000000000000000000, 0.000000000000000000, -1.000000000000000000 ) ) ;
#6165 = VERTEX_POINT ( 'NONE', #3861 ) ;
#6166 = ORIENTED_EDGE ( 'NONE', *, *, #1771, .F. ) ;
#6167 = CARTESIAN_POINT ( 'NONE',  ( 5.751199999999999868, 48.10149476870488883, -28.32999999999983487 ) ) ;
#6168 = EDGE_CURVE ( 'NONE', #336, #4143, #4901, .T. ) ;
#6169 = CARTESIAN_POINT ( 'NONE',  ( 0.000000000000000000, -4.609811911349869895, -16.64259677047479968 ) ) ;
#6170 = ORIENTED_EDGE ( 'NONE', *, *, #3494, .T. ) ;
#6171 = CARTESIAN_POINT ( 'NONE',  ( 3.251200000000000312, -4.891943078611589628E-15, 22.35300000001660337 ) ) ;
#6172 = DIRECTION ( 'NONE',  ( 1.000000000000000000, 0.000000000000000000, 0.000000000000000000 ) ) ;
#6173 = ORIENTED_EDGE ( 'NONE', *, *, #2944, .F. ) ;
#6174 = EDGE_CURVE ( 'NONE', #4687, #4337, #3794, .T. ) ;
#6175 = VERTEX_POINT ( 'NONE', #4769 ) ;
#6176 = DIRECTION ( 'NONE',  ( 0.000000000000000000, 0.000000000000000000, -1.000000000000000000 ) ) ;
#6177 = VERTEX_POINT ( 'NONE', #330 ) ;
#6178 = DIRECTION ( 'NONE',  ( -1.000000000000000000, -0.000000000000000000, -0.000000000000000000 ) ) ;
#6179 = ADVANCED_FACE ( 'NONE', ( #5788 ), #1327, .F. ) ;
#6180 = DIRECTION ( 'NONE',  ( 0.000000000000000000, 0.000000000000000000, -1.000000000000000000 ) ) ;
#6181 = DIRECTION ( 'NONE',  ( 0.000000000000000000, 1.000000000000000000, 0.000000000000000000 ) ) ;
#6182 = VECTOR ( 'NONE', #1599, 1000.000000000000000 ) ;
#6183 = VERTEX_POINT ( 'NONE', #66 ) ;
#6184 = CARTESIAN_POINT ( 'NONE',  ( 0.000000000000000000, -8.994361398043880129, -24.15299999999443870 ) ) ;
#6185 = CARTESIAN_POINT ( 'NONE',  ( 7.951199999999901458, 17.10149476870488527, 28.09500000000017650 ) ) ;
#6186 = ORIENTED_EDGE ( 'NONE', *, *, #2205, .T. ) ;
#6187 = FACE_OUTER_BOUND ( 'NONE', #2875, .T. ) ;
#6188 = ORIENTED_EDGE ( 'NONE', *, *, #1208, .T. ) ;
#6189 = DIRECTION ( 'NONE',  ( 0.000000000000000000, 1.000000000000000000, 0.000000000000000000 ) ) ;
#6190 = CIRCLE ( 'NONE', #5764, 3.000000000000002665 ) ;
#6191 = CYLINDRICAL_SURFACE ( 'NONE', #1132, 3.000000000000002665 ) ;
#6192 = CARTESIAN_POINT ( 'NONE',  ( 10.16000000000000014, -2.452586502005110081, 13.55300000001662042 ) ) ;
#6193 = DIRECTION ( 'NONE',  ( -1.000000000000000000, 0.000000000000000000, 0.000000000000000000 ) ) ;
#6194 = VECTOR ( 'NONE', #43, 1000.000000000000000 ) ;
#6195 = EDGE_LOOP ( 'NONE', ( #1832, #2762, #6395, #944 ) ) ;
#6196 = CARTESIAN_POINT ( 'NONE',  ( 0.000000000000000000, 6.473494768704890490, 18.84780000001660127 ) ) ;
#6197 = ORIENTED_EDGE ( 'NONE', *, *, #5797, .T. ) ;
#6198 = DIRECTION ( 'NONE',  ( 0.000000000000000000, 0.000000000000000000, -1.000000000000000000 ) ) ;
#6199 = CARTESIAN_POINT ( 'NONE',  ( 0.000000000000000000, -9.494361398043858813, 0.000000000000000000 ) ) ;
#6200 = DIRECTION ( 'NONE',  ( 0.000000000000000000, 1.000000000000000000, -3.035386659626960118E-16 ) ) ;
#6201 = ORIENTED_EDGE ( 'NONE', *, *, #5370, .F. ) ;
#6202 = ADVANCED_FACE ( 'NONE', ( #1987 ), #335, .T. ) ;
#6203 = CARTESIAN_POINT ( 'NONE',  ( 0.000000000000000000, -1.952586502005099423, 13.55300000001662042 ) ) ;
#6204 = CARTESIAN_POINT ( 'NONE',  ( 8.251199999999903056, 48.10149476870488883, -26.45499999999982066 ) ) ;
#6205 = CARTESIAN_POINT ( 'NONE',  ( 0.5080000000000000071, 1.306613497994890016, 16.04220000001659940 ) ) ;
#6206 = AXIS2_PLACEMENT_3D ( 'NONE', #4277, #5882, #3341 ) ;
#6207 = EDGE_LOOP ( 'NONE', ( #2774, #4230, #5228, #2129 ) ) ;
#6208 = ORIENTED_EDGE ( 'NONE', *, *, #5544, .F. ) ;
#6209 = LINE ( 'NONE', #3202, #4822 ) ;
#6210 = ORIENTED_EDGE ( 'NONE', *, *, #1493, .T. ) ;
#6211 = ADVANCED_FACE ( 'NONE', ( #1040 ), #2566, .T. ) ;
#6212 = DIRECTION ( 'NONE',  ( 0.000000000000000000, 0.000000000000000000, -1.000000000000000000 ) ) ;
#6213 = DIRECTION ( 'NONE',  ( 1.000000000000000000, 0.000000000000000000, 0.000000000000000000 ) ) ;
#6214 = AXIS2_PLACEMENT_3D ( 'NONE', #842, #2950, #1416 ) ;
#6215 = CARTESIAN_POINT ( 'NONE',  ( 0.000000000000000000, 5.981494768704890497, -12.45499999998339113 ) ) ;
#6216 = DIRECTION ( 'NONE',  ( -1.000000000000000000, 0.000000000000000000, 0.000000000000000000 ) ) ;
#6217 = CARTESIAN_POINT ( 'NONE',  ( 8.251199999999903056, 48.10149476870488883, -28.32999999999983487 ) ) ;
#6218 = EDGE_CURVE ( 'NONE', #5512, #6165, #5133, .T. ) ;
#6219 = LINE ( 'NONE', #1321, #319 ) ;
#6220 = VERTEX_POINT ( 'NONE', #487 ) ;
#6221 = AXIS2_PLACEMENT_3D ( 'NONE', #1900, #1279, #5226 ) ;
#6222 = CARTESIAN_POINT ( 'NONE',  ( 3.744746077536763806, 6.654461282689854151, 21.84499951880331992 ) ) ;
#6223 = ORIENTED_EDGE ( 'NONE', *, *, #2445, .F. ) ;
#6224 = FACE_OUTER_BOUND ( 'NONE', #4426, .T. ) ;
#6225 = AXIS2_PLACEMENT_3D ( 'NONE', #5520, #4048, #6061 ) ;
#6226 = AXIS2_PLACEMENT_3D ( 'NONE', #5451, #4352, #1424 ) ;
#6227 = DIRECTION ( 'NONE',  ( 0.000000000000000000, 0.000000000000000000, -1.000000000000000000 ) ) ;
#6228 = DIRECTION ( 'NONE',  ( -1.000000000000000000, -0.000000000000000000, -0.000000000000000000 ) ) ;
#6229 = EDGE_CURVE ( 'NONE', #4861, #3461, #1103, .T. ) ;
#6230 = EDGE_LOOP ( 'NONE', ( #1769, #1061, #5272, #4843 ) ) ;
#6231 = DIRECTION ( 'NONE',  ( 1.000000000000000000, 0.000000000000000000, 0.000000000000000000 ) ) ;
#6232 = ORIENTED_EDGE ( 'NONE', *, *, #2704, .F. ) ;
#6233 = CONICAL_SURFACE ( 'NONE', #504, 1.574999999999999956, 0.7853981633974418397 ) ;
#6234 = LINE ( 'NONE', #3225, #5865 ) ;
#6235 = AXIS2_PLACEMENT_3D ( 'NONE', #639, #156, #141 ) ;
#6236 = DIRECTION ( 'NONE',  ( 0.7071067811865506814, 0.7071067811865443531, 2.666597246405856812E-17 ) ) ;
#6237 = DIRECTION ( 'NONE',  ( -1.000000000000000000, -0.000000000000000000, -0.000000000000000000 ) ) ;
#6238 = ORIENTED_EDGE ( 'NONE', *, *, #2896, .T. ) ;
#6239 = DIRECTION ( 'NONE',  ( 1.000000000000000000, -0.000000000000000000, -0.000000000000000000 ) ) ;
#6240 = FACE_OUTER_BOUND ( 'NONE', #5917, .T. ) ;
#6241 = DIRECTION ( 'NONE',  ( 0.000000000000000000, -0.9993507497016869134, 0.03602886441002715184 ) ) ;
#6242 = ORIENTED_EDGE ( 'NONE', *, *, #1818, .T. ) ;
#6243 = AXIS2_PLACEMENT_3D ( 'NONE', #3135, #273, #2256 ) ;
#6244 = EDGE_CURVE ( 'NONE', #4399, #1322, #689, .T. ) ;
#6245 = CYLINDRICAL_SURFACE ( 'NONE', #3100, 53.04027774584249499 ) ;
#6246 = ORIENTED_EDGE ( 'NONE', *, *, #2224, .T. ) ;
#6247 = CARTESIAN_POINT ( 'NONE',  ( 5.751199999999999868, 17.10149476870488527, -28.32999999999983487 ) ) ;
#6248 = VERTEX_POINT ( 'NONE', #2440 ) ;
#6249 = CIRCLE ( 'NONE', #1041, 2.499999999999998668 ) ;
#6250 = DIRECTION ( 'NONE',  ( -1.000000000000000000, 0.000000000000000000, 0.000000000000000000 ) ) ;
#6251 = CARTESIAN_POINT ( 'NONE',  ( 3.251200000000000312, 52.35029476870499821, -33.57880000000000109 ) ) ;
#6252 = AXIS2_PLACEMENT_3D ( 'NONE', #1950, #2983, #2887 ) ;
#6253 = EDGE_CURVE ( 'NONE', #601, #4388, #2596, .T. ) ;
#6254 = DIRECTION ( 'NONE',  ( 0.000000000000000000, -0.9993507497016869134, 0.03602886441002715184 ) ) ;
#6255 = DIRECTION ( 'NONE',  ( 1.000000000000000000, 0.000000000000000000, 0.000000000000000000 ) ) ;
#6256 = FACE_OUTER_BOUND ( 'NONE', #2235, .T. ) ;
#6257 = ORIENTED_EDGE ( 'NONE', *, *, #312, .T. ) ;
#6258 = AXIS2_PLACEMENT_3D ( 'NONE', #5915, #3369, #5337 ) ;
#6259 = CARTESIAN_POINT ( 'NONE',  ( 2.827291510228199023, 8.424076553413906154, 22.38409707180761288 ) ) ;
#6260 = ORIENTED_EDGE ( 'NONE', *, *, #4276, .F. ) ;
#6261 = LINE ( 'NONE', #1783, #4616 ) ;
#6262 = CARTESIAN_POINT ( 'NONE',  ( 10.16000000000000014, 0.7986134979948900092, 19.35580000001660039 ) ) ;
#6263 = EDGE_CURVE ( 'NONE', #5729, #1918, #1707, .T. ) ;
#6264 = AXIS2_PLACEMENT_3D ( 'NONE', #1312, #4162, #4656 ) ;
#6265 = VECTOR ( 'NONE', #4396, 1000.000000000000000 ) ;
#6266 = CARTESIAN_POINT ( 'NONE',  ( 10.16000000000000014, 11.17574727550631941, -40.55299999999519400 ) ) ;
#6267 = LINE ( 'NONE', #1244, #1324 ) ;
#6268 = VERTEX_POINT ( 'NONE', #1738 ) ;
#6269 = DIRECTION ( 'NONE',  ( 0.7071067811865395791, -2.146342490545430293E-16, 0.7071067811865554553 ) ) ;
#6270 = CARTESIAN_POINT ( 'NONE',  ( 0.5080000000000000071, 5.614294768704970018, -16.84419999998399931 ) ) ;
#6271 = ADVANCED_FACE ( 'NONE', ( #4074 ), #679, .F. ) ;
#6272 = AXIS2_PLACEMENT_3D ( 'NONE', #3180, #4701, #5091 ) ;
#6273 = CARTESIAN_POINT ( 'NONE',  ( 0.5000000000000004441, 17.10149476870488527, -29.90499999999983416 ) ) ;
#6274 = CARTESIAN_POINT ( 'NONE',  ( 3.581189990435850845, 7.229034119074503550, -23.59129184219443687 ) ) ;
#6275 = ORIENTED_EDGE ( 'NONE', *, *, #5127, .F. ) ;
#6276 = CARTESIAN_POINT ( 'NONE',  ( 5.751199999999999868, 48.10149476870488883, -33.82999999999983487 ) ) ;
#6277 = LINE ( 'NONE', #2261, #1173 ) ;
#6278 = CARTESIAN_POINT ( 'NONE',  ( 0.5000000000000056621, 5.309494768704969836, -19.34817082966969792 ) ) ;
#6279 = CIRCLE ( 'NONE', #452, 0.5079999999999997851 ) ;
#6280 = EDGE_CURVE ( 'NONE', #266, #1193, #1616, .T. ) ;
#6281 = CARTESIAN_POINT ( 'NONE',  ( 10.16000000000000014, -2.683098136928584752E-15, 13.04500000001661952 ) ) ;
#6282 = CARTESIAN_POINT ( 'NONE',  ( 0.000000000000000000, -4.609811911349869895, -16.64259677047479968 ) ) ;
#6283 = EDGE_LOOP ( 'NONE', ( #3657, #117, #1049, #6154 ) ) ;
#6284 = CARTESIAN_POINT ( 'NONE',  ( 3.667895741806226351, 6.980837929889493587, 21.85327151227618714 ) ) ;
#6285 = DIRECTION ( 'NONE',  ( 0.000000000000000000, 0.000000000000000000, -1.000000000000000000 ) ) ;
#6286 = DIRECTION ( 'NONE',  ( 0.000000000000000000, 0.000000000000000000, -1.000000000000000000 ) ) ;
#6287 = LINE ( 'NONE', #5181, #2600 ) ;
#6288 = ORIENTED_EDGE ( 'NONE', *, *, #3529, .F. ) ;
#6289 = PRODUCT_DEFINITION ( 'UNKNOWN', '', #1108, #1764 ) ;
#6290 = FACE_OUTER_BOUND ( 'NONE', #1072, .T. ) ;
#6291 = EDGE_CURVE ( 'NONE', #5673, #5005, #3114, .T. ) ;
#6292 = ORIENTED_EDGE ( 'NONE', *, *, #2130, .F. ) ;
#6293 = CARTESIAN_POINT ( 'NONE',  ( 0.5000000000000056621, 5.981494768704890497, 13.04500000001661952 ) ) ;
#6294 = CARTESIAN_POINT ( 'NONE',  ( 0.5000000000000056621, 7.557776880929980123, -19.01886046992675006 ) ) ;
#6295 = FACE_OUTER_BOUND ( 'NONE', #2216, .T. ) ;
#6296 = DIRECTION ( 'NONE',  ( 0.000000000000000000, 0.000000000000000000, -1.000000000000000000 ) ) ;
#6297 = ORIENTED_EDGE ( 'NONE', *, *, #4631, .F. ) ;
#6298 = DIRECTION ( 'NONE',  ( 0.000000000000000000, 0.000000000000000000, -1.000000000000000000 ) ) ;
#6299 = EDGE_CURVE ( 'NONE', #750, #1193, #1824, .T. ) ;
#6300 = CIRCLE ( 'NONE', #3780, 0.5079999999999997851 ) ;
#6301 = CYLINDRICAL_SURFACE ( 'NONE', #5223, 0.5080000000000015614 ) ;
#6302 = VECTOR ( 'NONE', #2662, 1000.000000000000000 ) ;
#6303 = DIRECTION ( 'NONE',  ( 0.000000000000000000, 0.000000000000000000, -1.000000000000000000 ) ) ;
#6304 = FACE_OUTER_BOUND ( 'NONE', #4681, .T. ) ;
#6305 = EDGE_CURVE ( 'NONE', #1277, #3654, #6315, .T. ) ;
#6306 = FACE_OUTER_BOUND ( 'NONE', #4312, .T. ) ;
#6307 = DIRECTION ( 'NONE',  ( -1.000000000000000000, 0.000000000000000000, 0.000000000000000000 ) ) ;
#6308 = AXIS2_PLACEMENT_3D ( 'NONE', #5144, #2687, #4664 ) ;
#6309 = DIRECTION ( 'NONE',  ( 0.000000000000000000, 1.000000000000000000, 2.056801944749074694E-16 ) ) ;
#6310 = ORIENTED_EDGE ( 'NONE', *, *, #4837, .F. ) ;
#6311 = DIRECTION ( 'NONE',  ( -0.7071067811865521247, 8.659560562354877391E-17, -0.7071067811865430208 ) ) ;
#6312 = EDGE_LOOP ( 'NONE', ( #5501, #5840, #5376, #6444 ) ) ;
#6313 = LINE ( 'NONE', #3816, #952 ) ;
#6314 = EDGE_CURVE ( 'NONE', #5116, #378, #4305, .T. ) ;
#6315 = CIRCLE ( 'NONE', #6308, 0.9906000000000012573 ) ;
#6316 = ORIENTED_EDGE ( 'NONE', *, *, #6253, .T. ) ;
#6317 = CARTESIAN_POINT ( 'NONE',  ( 0.5000000000000004441, 48.10149476870488883, 29.67000000000017579 ) ) ;
#6318 = DIRECTION ( 'NONE',  ( 0.000000000000000000, 0.000000000000000000, 1.000000000000000000 ) ) ;
#6319 = CARTESIAN_POINT ( 'NONE',  ( 0.5000000000000056621, -2.683098136928584752E-15, 13.04500000001661952 ) ) ;
#6320 = EDGE_LOOP ( 'NONE', ( #6055, #2918, #5559, #2416 ) ) ;
#6321 = CARTESIAN_POINT ( 'NONE',  ( 3.643067692313448624, 7.076658046540767799, 21.85758785577600349 ) ) ;
#6322 = DIRECTION ( 'NONE',  ( 0.000000000000000000, 1.000000000000000000, -3.035386659626960118E-16 ) ) ;
#6323 = VECTOR ( 'NONE', #1774, 1000.000000000000000 ) ;
#6324 = CARTESIAN_POINT ( 'NONE',  ( 0.000000000000000000, -8.645990699521094669, -19.85400368883663091 ) ) ;
#6325 = ADVANCED_FACE ( 'NONE', ( #2145 ), #4572, .T. ) ;
#6326 = CARTESIAN_POINT ( 'NONE',  ( 7.951199999999892576, 48.10149476870488883, -25.32999999999983132 ) ) ;
#6327 = ORIENTED_EDGE ( 'NONE', *, *, #5806, .F. ) ;
#6328 = CARTESIAN_POINT ( 'NONE',  ( 9.652000000000001023, 5.614294768704970018, -15.13619999998369892 ) ) ;
#6329 = DIRECTION ( 'NONE',  ( -1.000000000000000000, 0.000000000000000000, 0.000000000000000000 ) ) ;
#6330 = VECTOR ( 'NONE', #811, 1000.000000000000000 ) ;
#6331 = VECTOR ( 'NONE', #3976, 1000.000000000000000 ) ;
#6332 = EDGE_CURVE ( 'NONE', #947, #1976, #6117, .T. ) ;
#6333 = FACE_OUTER_BOUND ( 'NONE', #2364, .T. ) ;
#6334 = FACE_OUTER_BOUND ( 'NONE', #213, .T. ) ;
#6335 = VECTOR ( 'NONE', #6181, 1000.000000000000000 ) ;
#6336 = FACE_OUTER_BOUND ( 'NONE', #2766, .T. ) ;
#6337 = DIRECTION ( 'NONE',  ( -1.000000000000000000, 0.000000000000000000, 0.000000000000000000 ) ) ;
#6338 = DIRECTION ( 'NONE',  ( 0.000000000000000000, 3.110115820146109861E-16, 1.000000000000000000 ) ) ;
#6339 = ORIENTED_EDGE ( 'NONE', *, *, #3473, .T. ) ;
#6340 = AXIS2_PLACEMENT_3D ( 'NONE', #4966, #461, #5355 ) ;
#6341 = ADVANCED_FACE ( 'NONE', ( #3591 ), #4632, .F. ) ;
#6342 = CARTESIAN_POINT ( 'NONE',  ( 10.16000000000000014, -2.720422585859064935, 21.84500000001660069 ) ) ;
#6343 = VERTEX_POINT ( 'NONE', #1230 ) ;
#6344 = CARTESIAN_POINT ( 'NONE',  ( 10.16000000000000014, 9.373494768704970781, -22.65469112495100035 ) ) ;
#6345 = ORIENTED_EDGE ( 'NONE', *, *, #1614, .T. ) ;
#6346 = DIRECTION ( 'NONE',  ( -1.000000000000000000, 0.000000000000000000, 0.000000000000000000 ) ) ;
#6347 = ORIENTED_EDGE ( 'NONE', *, *, #126, .F. ) ;
#6348 = AXIS2_PLACEMENT_3D ( 'NONE', #3906, #2399, #4369 ) ;
#6349 = SURFACE_SIDE_STYLE ('',( #5750 ) ) ;
#6350 = ADVANCED_FACE ( 'NONE', ( #1166 ), #4204, .T. ) ;
#6351 = TOROIDAL_SURFACE ( 'NONE', #5708, 1.016000000000000014, 0.5080000000000000071 ) ;
#6352 = ORIENTED_EDGE ( 'NONE', *, *, #5070, .F. ) ;
#6353 = LINE ( 'NONE', #5853, #4255 ) ;
#6354 = ORIENTED_EDGE ( 'NONE', *, *, #4837, .T. ) ;
#6355 = CARTESIAN_POINT ( 'NONE',  ( 3.759199999999999875, 6.630294768704969144, 21.84500000001660425 ) ) ;
#6356 = CONICAL_SURFACE ( 'NONE', #1047, 29.15920000000000201, 0.7853981633974500554 ) ;
#6357 = CARTESIAN_POINT ( 'NONE',  ( 0.000000000000000000, -10.65688652436815609, -6.152756303567255003 ) ) ;
#6358 = CARTESIAN_POINT ( 'NONE',  ( 0.5080000000000000071, 1.814613497994890023, 18.84780000001660127 ) ) ;
#6359 = DIRECTION ( 'NONE',  ( 1.000000000000000000, 0.000000000000000000, 0.000000000000000000 ) ) ;
#6360 = CIRCLE ( 'NONE', #4362, 0.5080000000000001181 ) ;
#6361 = ORIENTED_EDGE ( 'NONE', *, *, #6280, .T. ) ;
#6362 = DIRECTION ( 'NONE',  ( 0.000000000000000000, 1.000000000000000000, 0.000000000000000000 ) ) ;
#6363 = CARTESIAN_POINT ( 'NONE',  ( 3.317558351492251312, 7.382908309506906797, 21.93321414436968197 ) ) ;
#6364 = ADVANCED_FACE ( 'NONE', ( #226 ), #1615, .T. ) ;
#6365 = AXIS2_PLACEMENT_3D ( 'NONE', #3072, #2105, #1065 ) ;
#6366 = CARTESIAN_POINT ( 'NONE',  ( 3.362530397885737710, 8.317827081774433751, -23.72041813005838762 ) ) ;
#6367 = DIRECTION ( 'NONE',  ( 0.000000000000000000, 0.000000000000000000, -1.000000000000000000 ) ) ;
#6368 = DIRECTION ( 'NONE',  ( 0.000000000000000000, 0.000000000000000000, -1.000000000000000000 ) ) ;
#6369 = ORIENTED_EDGE ( 'NONE', *, *, #5940, .F. ) ;
#6370 = CIRCLE ( 'NONE', #2616, 2.751199999999988322 ) ;
#6371 = CARTESIAN_POINT ( 'NONE',  ( 10.16000000000000014, 13.65069425659989832, 9.380249238660770317 ) ) ;
#6372 = DIRECTION ( 'NONE',  ( 0.000000000000000000, 0.000000000000000000, 1.000000000000000000 ) ) ;
#6373 = EDGE_CURVE ( 'NONE', #148, #1070, #5675, .T. ) ;
#6374 = ADVANCED_FACE ( 'NONE', ( #5177, #746, #5574, #2725, #4696, #3717, #5712, #1264 ), #3243, .F. ) ;
#6375 = ORIENTED_EDGE ( 'NONE', *, *, #4800, .F. ) ;
#6376 = AXIS2_PLACEMENT_3D ( 'NONE', #2383, #4354, #6362 ) ;
#6377 = MANIFOLD_SOLID_BREP ( 'Cut-Extrude1', #1123 ) ;
#6378 = DIRECTION ( 'NONE',  ( 0.000000000000000000, 0.000000000000000000, -1.000000000000000000 ) ) ;
#6379 = VERTEX_POINT ( 'NONE', #4341 ) ;
#6380 = DIRECTION ( 'NONE',  ( 0.000000000000000000, -1.000000000000000000, 0.000000000000000000 ) ) ;
#6381 = ORIENTED_EDGE ( 'NONE', *, *, #5341, .T. ) ;
#6382 = CARTESIAN_POINT ( 'NONE',  ( 2.751199999999998980, 9.881494768704968124, 25.09620000001660145 ) ) ;
#6383 = AXIS2_PLACEMENT_3D ( 'NONE', #5665, #5268, #4783 ) ;
#6384 = ORIENTED_EDGE ( 'NONE', *, *, #939, .T. ) ;
#6385 = EDGE_CURVE ( 'NONE', #675, #2087, #1413, .T. ) ;
#6386 = APPLICATION_PROTOCOL_DEFINITION ( 'draft international standard', 'automotive_design', 1998, #3418 ) ;
#6387 = CARTESIAN_POINT ( 'NONE',  ( 2.780934522142807896, 8.478441914483545006, -24.11171559139592446 ) ) ;
#6388 = EDGE_LOOP ( 'NONE', ( #2965, #1403, #6201, #1600 ) ) ;
#6389 = DIRECTION ( 'NONE',  ( 0.7071067811865437980, 0.000000000000000000, 0.7071067811865513475 ) ) ;
#6390 = EDGE_LOOP ( 'NONE', ( #2348, #6197, #5523, #1444, #1613, #507, #4078, #1730, #2851, #3466, #174, #5012, #3335, #6103, #2667, #1514 ) ) ;
#6391 = EDGE_CURVE ( 'NONE', #462, #5371, #4758, .T. ) ;
#6392 = DIRECTION ( 'NONE',  ( -0.000000000000000000, 1.000000000000000000, 1.577021341797095046E-15 ) ) ;
#6393 = DIRECTION ( 'NONE',  ( 0.000000000000000000, 0.000000000000000000, -1.000000000000000000 ) ) ;
#6394 = DIRECTION ( 'NONE',  ( -1.000000000000000000, -0.000000000000000000, -0.000000000000000000 ) ) ;
#6395 = ORIENTED_EDGE ( 'NONE', *, *, #3891, .T. ) ;
#6396 = DIRECTION ( 'NONE',  ( 0.000000000000000000, -1.000000000000000000, -7.744074559236129516E-17 ) ) ;
#6397 = CARTESIAN_POINT ( 'NONE',  ( 16.73648137423847970, 48.10149476870488883, -28.32999999999983487 ) ) ;
#6398 = CARTESIAN_POINT ( 'NONE',  ( 3.251200000000000312, 55.10149476870500962, -33.57880000000000109 ) ) ;
#6399 = CARTESIAN_POINT ( 'NONE',  ( 0.000000000000000000, 1.814613497994890023, 19.86380000001660306 ) ) ;
#6400 = AXIS2_PLACEMENT_3D ( 'NONE', #3131, #2032, #3967 ) ;
#6401 = CARTESIAN_POINT ( 'NONE',  ( 3.667506849410231418, 7.125471236375353179, -23.57361639035879008 ) ) ;
#6402 = EDGE_LOOP ( 'NONE', ( #2644, #3565 ) ) ;
#6403 = DIRECTION ( 'NONE',  ( 0.000000000000000000, 0.000000000000000000, 1.000000000000000000 ) ) ;
#6404 = CARTESIAN_POINT ( 'NONE',  ( 3.251200000000000312, 13.13269476870496177, -36.82999999999999829 ) ) ;
#6405 = CARTESIAN_POINT ( 'NONE',  ( 0.5000000000000056621, -2.452586502005110081, 13.55300000001662042 ) ) ;
#6406 = ORIENTED_EDGE ( 'NONE', *, *, #2342, .F. ) ;
#6407 = EDGE_LOOP ( 'NONE', ( #4411, #4310, #1871, #307 ) ) ;
#6408 = EDGE_CURVE ( 'NONE', #2125, #3321, #2250, .T. ) ;
#6409 = CARTESIAN_POINT ( 'NONE',  ( 0.5000000000000056621, -4.609811911349869895, -16.64259677047479968 ) ) ;
#6410 = EDGE_LOOP ( 'NONE', ( #4764, #1990, #5749, #2576 ) ) ;
#6411 = DIRECTION ( 'NONE',  ( 0.000000000000000000, 0.000000000000000000, -1.000000000000000000 ) ) ;
#6412 = AXIS2_PLACEMENT_3D ( 'NONE', #784, #4732, #2279 ) ;
#6413 = ORIENTED_EDGE ( 'NONE', *, *, #5767, .T. ) ;
#6414 = AXIS2_PLACEMENT_3D ( 'NONE', #1359, #4385, #818 ) ;
#6415 = ADVANCED_FACE ( 'NONE', ( #423 ), #5891, .T. ) ;
#6416 = VECTOR ( 'NONE', #131, 1000.000000000000000 ) ;
#6417 = ORIENTED_EDGE ( 'NONE', *, *, #5162, .T. ) ;
#6418 = CARTESIAN_POINT ( 'NONE',  ( 3.251200000000000312, 17.10149476870488527, 24.17000000000017224 ) ) ;
#6419 = EDGE_LOOP ( 'NONE', ( #782, #1598, #662, #3992 ) ) ;
#6420 = VECTOR ( 'NONE', #6213, 1000.000000000000000 ) ;
#6421 = CARTESIAN_POINT ( 'NONE',  ( 3.584756938592730702, 7.557776880929980123, -23.62175081971323465 ) ) ;
#6422 = EDGE_CURVE ( 'NONE', #2499, #3195, #3787, .T. ) ;
#6423 = CARTESIAN_POINT ( 'NONE',  ( 10.16000000000000014, 7.015741880278999254, -23.55861619662275075 ) ) ;
#6424 = ORIENTED_EDGE ( 'NONE', *, *, #5950, .F. ) ;
#6425 = FACE_OUTER_BOUND ( 'NONE', #3149, .T. ) ;
#6426 = FACE_OUTER_BOUND ( 'NONE', #1211, .T. ) ;
#6427 = VECTOR ( 'NONE', #3930, 1000.000000000000000 ) ;
#6428 = ADVANCED_FACE ( 'NONE', ( #5211 ), #4303, .F. ) ;
#6429 = CARTESIAN_POINT ( 'NONE',  ( 3.494733543170807977, 7.848335096955594281, -23.65596849901587717 ) ) ;
#6430 = CARTESIAN_POINT ( 'NONE',  ( 8.251199999999903056, 48.10149476870488883, 29.67000000000017579 ) ) ;
#6431 = DIRECTION ( 'NONE',  ( -1.000000000000000000, -0.000000000000000000, -0.000000000000000000 ) ) ;
#6432 = ORIENTED_EDGE ( 'NONE', *, *, #2896, .F. ) ;
#6433 = CARTESIAN_POINT ( 'NONE',  ( 8.251199999999903056, 48.10149476870488883, -25.62999999999985334 ) ) ;
#6434 = CIRCLE ( 'NONE', #500, 1.574999999999999956 ) ;
#6435 = DIRECTION ( 'NONE',  ( 0.7071067811865512365, 0.000000000000000000, -0.7071067811865439090 ) ) ;
#6436 = DIRECTION ( 'NONE',  ( 0.000000000000000000, 0.000000000000000000, -1.000000000000000000 ) ) ;
#6437 = CIRCLE ( 'NONE', #397, 0.9906000000000012573 ) ;
#6438 = ORIENTED_EDGE ( 'NONE', *, *, #4317, .T. ) ;
#6439 = LINE ( 'NONE', #3939, #5064 ) ;
#6440 = CIRCLE ( 'NONE', #3411, 1.200000000000315481 ) ;
#6441 = FACE_OUTER_BOUND ( 'NONE', #5298, .T. ) ;
#6442 = EDGE_LOOP ( 'NONE', ( #2744, #3577, #1078, #5952 ) ) ;
#6443 = DIRECTION ( 'NONE',  ( 0.7071067811865533459, 0.000000000000000000, 0.7071067811865416886 ) ) ;
#6444 = ORIENTED_EDGE ( 'NONE', *, *, #4032, .T. ) ;
#6445 = VECTOR ( 'NONE', #2631, 1000.000000000000000 ) ;
#6446 = EDGE_CURVE ( 'NONE', #4154, #3076, #2352, .T. ) ;
#6447 = CARTESIAN_POINT ( 'NONE',  ( 2.978729947288782931, 8.038282919497856227, -23.85624419416842201 ) ) ;
ENDSEC;
END-ISO-10303-21;
