ISO-10303-21;
HEADER;
FILE_DESCRIPTION (( 'STEP AP214' ),
    '1' );
FILE_NAME ('Buffer Neck Rebuild rev2.STEP',
    '2026-09-07T19:36:02',
    ( '' ),
    ( '' ),
    'SwSTEP 2.0',
    'SolidWorks 2026',
    '' );
FILE_SCHEMA (( 'AUTOMOTIVE_DESIGN' ));
ENDSEC;

DATA;
#1 = CARTESIAN_POINT ( 'NONE',  ( -3.673115569138756697, 36.51255009792289030, 6.579659633720491563 ) ) ;
#2 = DIRECTION ( 'NONE',  ( 0.7071067811865477948, -0.7071067811865473507, 0.000000000000000000 ) ) ;
#3 = EDGE_CURVE ( 'NONE', #3899, #2219, #4509, .T. ) ;
#4 = DIRECTION ( 'NONE',  ( -0.5773502691896256200, 0.5773502691896258421, -0.5773502691896258421 ) ) ;
#5 = ORIENTED_EDGE ( 'NONE', *, *, #797, .T. ) ;
#6 = ORIENTED_EDGE ( 'NONE', *, *, #2428, .T. ) ;
#7 = CARTESIAN_POINT ( 'NONE',  ( 3.809616592520117972, 36.85732676860434509, 6.466317079319999550 ) ) ;
#8 = ADVANCED_FACE ( 'NONE', ( #1329 ), #1683, .F. ) ;
#9 = CARTESIAN_POINT ( 'NONE',  ( -5.954799646340019237, 32.89520035366003015, -1.985245467005649411 ) ) ;
#10 = VERTEX_POINT ( 'NONE', #2926 ) ;
#11 = CARTESIAN_POINT ( 'NONE',  ( -5.366321273178924045, 33.35801471478993108, 2.640702016913234029 ) ) ;
#12 = AXIS2_PLACEMENT_3D ( 'NONE', #1018, #281, #3435 ) ;
#13 = DIRECTION ( 'NONE',  ( -0.000000000000000000, 1.000000000000000000, -0.000000000000000000 ) ) ;
#14 = CARTESIAN_POINT ( 'NONE',  ( -3.132476856850081148, 35.30988405530023044, 7.355619183361692848 ) ) ;
#15 = CIRCLE ( 'NONE', #2545, 2.250000000000000000 ) ;
#16 = CARTESIAN_POINT ( 'NONE',  ( -15.41219158730642036, 1.750000000000001110, 18.25000000000001066 ) ) ;
#17 = CARTESIAN_POINT ( 'NONE',  ( -5.846017213304233628, 32.71842365833446564, 2.226434100249698123 ) ) ;
#18 = EDGE_LOOP ( 'NONE', ( #3159, #4305, #2547, #3101 ) ) ;
#19 = EDGE_LOOP ( 'NONE', ( #4082, #2095, #3009, #1131 ) ) ;
#20 = AXIS2_PLACEMENT_3D ( 'NONE', #2954, #165, #3285 ) ;
#21 = LINE ( 'NONE', #1577, #4692 ) ;
#22 = EDGE_CURVE ( 'NONE', #1717, #2583, #3385, .T. ) ;
#23 = CARTESIAN_POINT ( 'NONE',  ( 7.646590830475012979, 24.13674061085245270, -0.8341066523534073074 ) ) ;
#24 = DIRECTION ( 'NONE',  ( -0.000000000000000000, -1.000000000000000000, -0.000000000000000000 ) ) ;
#25 = CIRCLE ( 'NONE', #913, 7.000000000000032863 ) ;
#26 = CARTESIAN_POINT ( 'NONE',  ( -3.000000000000001776, 34.52577356813996801, 8.790573654168477802 ) ) ;
#27 = ORIENTED_EDGE ( 'NONE', *, *, #3494, .F. ) ;
#28 = FACE_OUTER_BOUND ( 'NONE', #2436, .T. ) ;
#29 = VECTOR ( 'NONE', #4743, 1000.000000000000114 ) ;
#30 = CARTESIAN_POINT ( 'NONE',  ( -2.299999999999998934, 37.00000000000000711, 3.867815921162743198 ) ) ;
#31 = CARTESIAN_POINT ( 'NONE',  ( -6.049999999999998046, 32.80000000000006111, 1.950000000000000622 ) ) ;
#32 = ORIENTED_EDGE ( 'NONE', *, *, #2211, .F. ) ;
#33 = ORIENTED_EDGE ( 'NONE', *, *, #3234, .T. ) ;
#34 = CARTESIAN_POINT ( 'NONE',  ( 3.532815337716528781, 36.55949959365149482, 6.671079530805868352 ) ) ;
#35 =( GEOMETRIC_REPRESENTATION_CONTEXT ( 3 ) GLOBAL_UNCERTAINTY_ASSIGNED_CONTEXT ( ( #2560 ) ) GLOBAL_UNIT_ASSIGNED_CONTEXT ( ( #963, #2097, #3302 ) ) REPRESENTATION_CONTEXT ( 'NONE', 'WORKASPACE' ) );
#36 = CARTESIAN_POINT ( 'NONE',  ( -5.299999999999998046, 16.49876165621301283, 2.677940528697284162 ) ) ;
#37 = ORIENTED_EDGE ( 'NONE', *, *, #2333, .F. ) ;
#39 = CARTESIAN_POINT ( 'NONE',  ( -5.953359724551425813, 32.57529791505583461, 2.206202566824616351 ) ) ;
#38 = VECTOR ( 'NONE', #3077, 999.9999999999998863 ) ;
#40 = DIRECTION ( 'NONE',  ( 0.000000000000000000, 1.000000000000000000, -0.000000000000000000 ) ) ;
#41 = EDGE_CURVE ( 'NONE', #410, #3923, #539, .T. ) ;
#42 = CARTESIAN_POINT ( 'NONE',  ( 7.904440338444564063, 13.86863656994040106, -0.5537648312681395790 ) ) ;
#43 = CARTESIAN_POINT ( 'NONE',  ( -3.809164250057500034, 36.77172357483454590, 6.469219499782891347 ) ) ;
#44 = CIRCLE ( 'NONE', #2736, 2.999999999999998668 ) ;
#45 = CARTESIAN_POINT ( 'NONE',  ( -11.09999999999999787, 27.75000000000000000, -1.949999999999999956 ) ) ;
#46 = CARTESIAN_POINT ( 'NONE',  ( -5.333717501960840046, 33.51628249803923154, 2.494842772976572309 ) ) ;
#47 = EDGE_LOOP ( 'NONE', ( #1547, #787, #698, #1750 ) ) ;
#48 = AXIS2_PLACEMENT_3D ( 'NONE', #2440, #3708, #4065 ) ;
#49 = DIRECTION ( 'NONE',  ( -0.000000000000000000, 1.000000000000000000, 0.000000000000000000 ) ) ;
#50 = CARTESIAN_POINT ( 'NONE',  ( -5.683692095758787310, 32.93484367239496891, -2.295424475348613935 ) ) ;
#51 = CARTESIAN_POINT ( 'NONE',  ( -4.800000000000034461, 58.00000000000000000, 3.867815921162744086 ) ) ;
#52 = ORIENTED_EDGE ( 'NONE', *, *, #1433, .F. ) ;
#53 = CARTESIAN_POINT ( 'NONE',  ( -3.000000000000001332, 34.60133791385687374, 8.426786701797128742 ) ) ;
#54 = ORIENTED_EDGE ( 'NONE', *, *, #955, .F. ) ;
#55 = CARTESIAN_POINT ( 'NONE',  ( -3.607451458136635480, 36.38497523217377960, 6.639812220965493950 ) ) ;
#56 = CARTESIAN_POINT ( 'NONE',  ( -5.537471632730272653, 16.87018603341340750, 2.401868200348566518 ) ) ;
#57 = EDGE_CURVE ( 'NONE', #4510, #4154, #562, .T. ) ;
#58 = CARTESIAN_POINT ( 'NONE',  ( -3.789938374360807938, 36.85058386445223277, 6.478442137334250894 ) ) ;
#59 = EDGE_CURVE ( 'NONE', #827, #4879, #160, .T. ) ;
#60 = ORIENTED_EDGE ( 'NONE', *, *, #4532, .F. ) ;
#61 = ORIENTED_EDGE ( 'NONE', *, *, #1133, .T. ) ;
#62 = DIRECTION ( 'NONE',  ( -0.000000000000000000, -0.000000000000000000, -1.000000000000000000 ) ) ;
#63 = LINE ( 'NONE', #3186, #3541 ) ;
#64 = EDGE_LOOP ( 'NONE', ( #4749, #4736, #1116, #3594 ) ) ;
#65 = DIRECTION ( 'NONE',  ( -1.000000000000000000, 0.000000000000000000, 0.000000000000000000 ) ) ;
#66 = CARTESIAN_POINT ( 'NONE',  ( 2.509635229142856971, 35.00393568637255015, 9.012769951642033206 ) ) ;
#67 = LINE ( 'NONE', #4745, #617 ) ;
#68 = DIRECTION ( 'NONE',  ( 0.000000000000000000, 0.000000000000000000, -1.000000000000000000 ) ) ;
#69 = EDGE_CURVE ( 'NONE', #3917, #1744, #2906, .T. ) ;
#70 = CARTESIAN_POINT ( 'NONE',  ( -2.546369344841611149, 35.10684053373094571, 8.480971500531587992 ) ) ;
#71 = ORIENTED_EDGE ( 'NONE', *, *, #3648, .T. ) ;
#72 = ORIENTED_EDGE ( 'NONE', *, *, #2377, .T. ) ;
#73 = LINE ( 'NONE', #1186, #3140 ) ;
#74 = B_SPLINE_CURVE_WITH_KNOTS ( 'NONE', 3,
 ( #1481, #3491, #4276, #4966 ),
 .UNSPECIFIED., .F., .F.,
 ( 4, 4 ),
 ( 0.000000000000000000, 1.000000000000000000 ),
 .UNSPECIFIED. ) ;
#75 = CARTESIAN_POINT ( 'NONE',  ( -5.299999999976460430, 33.44643856021114914, -2.852081094656775395 ) ) ;
#76 = CARTESIAN_POINT ( 'NONE',  ( 3.536660169417218835, 36.23892526634943323, 6.713876294537714173 ) ) ;
#77 = EDGE_CURVE ( 'NONE', #2747, #410, #2950, .T. ) ;
#78 = ORIENTED_EDGE ( 'NONE', *, *, #1268, .T. ) ;
#79 = CARTESIAN_POINT ( 'NONE',  ( -2.502390146189260811, 35.00000015459811920, 9.126841892385819222 ) ) ;
#80 = CARTESIAN_POINT ( 'NONE',  ( -3.379065882379418184, 35.91094088133384332, 6.904531254386962580 ) ) ;
#81 = FACE_OUTER_BOUND ( 'NONE', #499, .T. ) ;
#82 = CARTESIAN_POINT ( 'NONE',  ( -15.41219158730642036, -3.375000000000018208, 3.375000000000030198 ) ) ;
#83 = ORIENTED_EDGE ( 'NONE', *, *, #4163, .T. ) ;
#84 = EDGE_LOOP ( 'NONE', ( #3774, #1898, #1669, #1877 ) ) ;
#85 = LINE ( 'NONE', #4389, #1745 ) ;
#86 = EDGE_CURVE ( 'NONE', #2042, #4538, #2101, .T. ) ;
#87 = CARTESIAN_POINT ( 'NONE',  ( -5.299999999999999822, 16.48055007727644039, 2.634839480734203931 ) ) ;
#88 = ORIENTED_EDGE ( 'NONE', *, *, #2494, .F. ) ;
#89 = CARTESIAN_POINT ( 'NONE',  ( -5.300000000000001599, 0.5000000000000073275, -3.867815921162741422 ) ) ;
#90 = DIRECTION ( 'NONE',  ( 0.000000000000000000, 0.000000000000000000, -1.000000000000000000 ) ) ;
#91 = CARTESIAN_POINT ( 'NONE',  ( -3.569575405980029537, 36.30966070680619850, 6.677857730967168060 ) ) ;
#92 = DIRECTION ( 'NONE',  ( 0.7071067811865434649, -0.7071067811865516806, 0.000000000000000000 ) ) ;
#93 = CARTESIAN_POINT ( 'NONE',  ( 7.477248312732203139, 13.46419623149582634, 0.8170499605675817234 ) ) ;
#94 = VERTEX_POINT ( 'NONE', #3280 ) ;
#95 = DIRECTION ( 'NONE',  ( 0.000000000000000000, -1.000000000000000000, 0.000000000000000000 ) ) ;
#96 = VECTOR ( 'NONE', #1943, 1000.000000000000114 ) ;
#97 = DIRECTION ( 'NONE',  ( 0.000000000000000000, 0.000000000000000000, -1.000000000000000000 ) ) ;
#98 = CARTESIAN_POINT ( 'NONE',  ( 3.027009399280806257, 34.94568652057913027, 7.749217028154594011 ) ) ;
#99 = VERTEX_POINT ( 'NONE', #186 ) ;
#100 = CARTESIAN_POINT ( 'NONE',  ( -3.833333333333332149, 57.50000000000002842, 6.446359868604569776 ) ) ;
#101 = EDGE_LOOP ( 'NONE', ( #574, #3621, #2516, #37, #430, #1410, #4201, #4057 ) ) ;
#102 = LINE ( 'NONE', #3919, #1335 ) ;
#103 = EDGE_CURVE ( 'NONE', #1638, #3142, #967, .T. ) ;
#104 = DIRECTION ( 'NONE',  ( -0.000000000000000000, -1.000000000000000000, -0.000000000000000000 ) ) ;
#105 = AXIS2_PLACEMENT_3D ( 'NONE', #5044, #4590, #3467 ) ;
#106 = DIRECTION ( 'NONE',  ( -1.000000000000000000, 0.000000000000000000, -0.000000000000000000 ) ) ;
#107 = ORIENTED_EDGE ( 'NONE', *, *, #3447, .F. ) ;
#108 = ORIENTED_EDGE ( 'NONE', *, *, #3535, .F. ) ;
#109 = AXIS2_PLACEMENT_3D ( 'NONE', #3265, #40, #3243 ) ;
#110 = DIRECTION ( 'NONE',  ( 1.000000000000000000, 0.000000000000000000, 0.000000000000000000 ) ) ;
#111 = AXIS2_PLACEMENT_3D ( 'NONE', #2591, #2871, #4840 ) ;
#112 = CARTESIAN_POINT ( 'NONE',  ( -10.84999999999999787, 22.35355339059327662, -2.200000000000000178 ) ) ;
#113 = EDGE_LOOP ( 'NONE', ( #4485, #2847, #1315, #453 ) ) ;
#114 = EDGE_CURVE ( 'NONE', #3133, #2042, #693, .T. ) ;
#115 = CARTESIAN_POINT ( 'NONE',  ( 2.555609684985809871, 35.14884930162437371, 8.356517802416066232 ) ) ;
#116 = DIRECTION ( 'NONE',  ( 1.000000000000000000, 0.000000000000000000, 0.000000000000000000 ) ) ;
#117 = AXIS2_PLACEMENT_3D ( 'NONE', #4021, #1297, #1712 ) ;
#118 = CARTESIAN_POINT ( 'NONE',  ( 2.500000000000017764, 26.75000000000000355, 15.00000000000000355 ) ) ;
#119 = DIRECTION ( 'NONE',  ( 0.5111111111111114047, 0.000000000000000000, -0.8595146491472760442 ) ) ;
#120 = AXIS2_PLACEMENT_3D ( 'NONE', #4438, #2536, #1333 ) ;
#121 = FACE_OUTER_BOUND ( 'NONE', #2297, .T. ) ;
#122 = ADVANCED_FACE ( 'NONE', ( #4183 ), #287, .T. ) ;
#123 = ORIENTED_EDGE ( 'NONE', *, *, #3014, .T. ) ;
#124 = VERTEX_POINT ( 'NONE', #3414 ) ;
#125 = CARTESIAN_POINT ( 'NONE',  ( 2.499999999999990230, 5.000000000000000888, 11.75000000000000355 ) ) ;
#126 = VECTOR ( 'NONE', #3227, 1000.000000000000000 ) ;
#127 = VECTOR ( 'NONE', #1528, 999.9999999999998863 ) ;
#128 = PLANE ( 'NONE',  #2491 ) ;
#129 = CARTESIAN_POINT ( 'NONE',  ( 3.614918755826098007, 36.39360355533957403, 6.634943862772219703 ) ) ;
#130 = CIRCLE ( 'NONE', #3316, 2.250000000000000000 ) ;
#131 = ORIENTED_EDGE ( 'NONE', *, *, #4421, .F. ) ;
#132 = DIRECTION ( 'NONE',  ( -1.000000000000000000, -0.000000000000000000, -0.000000000000000000 ) ) ;
#133 = VERTEX_POINT ( 'NONE', #732 ) ;
#134 = APPLICATION_CONTEXT ( 'automotive_design' ) ;
#135 = CARTESIAN_POINT ( 'NONE',  ( 7.458557463935225229, 24.53580376850417366, 0.8663903094551465012 ) ) ;
#136 = CARTESIAN_POINT ( 'NONE',  ( -5.300000000000003375, 33.46531524558725579, -2.786919805788710569 ) ) ;
#137 = EDGE_CURVE ( 'NONE', #4879, #4689, #3025, .T. ) ;
#138 = ORIENTED_EDGE ( 'NONE', *, *, #137, .T. ) ;
#139 = ORIENTED_EDGE ( 'NONE', *, *, #2537, .T. ) ;
#140 = AXIS2_PLACEMENT_3D ( 'NONE', #2426, #132, #2814 ) ;
#141 = CARTESIAN_POINT ( 'NONE',  ( 10.53580376850417188, 0.000000000000000000, -0.5499999999999998224 ) ) ;
#142 = CARTESIAN_POINT ( 'NONE',  ( 7.437945024917564929, 13.52420473350767693, -1.046925339143971900 ) ) ;
#143 = CARTESIAN_POINT ( 'NONE',  ( -5.299999999999997158, 16.55115474312926338, 2.883953251356317082 ) ) ;
#144 = EDGE_CURVE ( 'NONE', #3121, #2107, #74, .T. ) ;
#145 = ORIENTED_EDGE ( 'NONE', *, *, #4713, .T. ) ;
#146 = CARTESIAN_POINT ( 'NONE',  ( 2.504448585718541231, 35.00000000000000000, 9.093849109162420064 ) ) ;
#147 = DIRECTION ( 'NONE',  ( 1.000000000000000000, 0.000000000000000000, 0.000000000000000000 ) ) ;
#148 = CARTESIAN_POINT ( 'NONE',  ( -4.855555555555555181, 37.00000000000000711, 8.165389166899121420 ) ) ;
#149 = CARTESIAN_POINT ( 'NONE',  ( -2.508951978231047875, 35.00000000000000000, 9.021668204893883214 ) ) ;
#150 = ORIENTED_EDGE ( 'NONE', *, *, #1420, .T. ) ;
#151 = CARTESIAN_POINT ( 'NONE',  ( -5.992771528695270078, 17.47724881565260091, -2.202007586773004899 ) ) ;
#152 = CARTESIAN_POINT ( 'NONE',  ( -6.049999999999998934, 0.000000000000000000, 2.950000000000000178 ) ) ;
#153 = CARTESIAN_POINT ( 'NONE',  ( -11.09999999999999787, 22.25000000000000355, 1.949999999999999289 ) ) ;
#154 = CARTESIAN_POINT ( 'NONE',  ( 10.53580376850417188, 0.000000000000000000, 0.8000000000000000444 ) ) ;
#155 = ORIENTED_EDGE ( 'NONE', *, *, #3872, .T. ) ;
#156 = CARTESIAN_POINT ( 'NONE',  ( -2.540349539076270258, 35.08107033108601058, 8.562981770563849793 ) ) ;
#157 = CARTESIAN_POINT ( 'NONE',  ( 7.784716412051624346, 23.91228794499690125, 0.8006866119035398466 ) ) ;
#158 = DIRECTION ( 'NONE',  ( 0.000000000000000000, 0.000000000000000000, 1.000000000000000000 ) ) ;
#159 = LINE ( 'NONE', #866, #4345 ) ;
#160 = LINE ( 'NONE', #4537, #1930 ) ;
#161 = ORIENTED_EDGE ( 'NONE', *, *, #4764, .T. ) ;
#162 = DIRECTION ( 'NONE',  ( 1.000000000000000000, 0.000000000000000000, 0.000000000000000000 ) ) ;
#163 = CARTESIAN_POINT ( 'NONE',  ( -6.089334538834500599, 17.23933453883444855, -1.957109030296208863 ) ) ;
#164 = EDGE_CURVE ( 'NONE', #10, #2747, #355, .T. ) ;
#165 = DIRECTION ( 'NONE',  ( -0.000000000000000000, 1.000000000000000000, -0.000000000000000000 ) ) ;
#166 = ORIENTED_EDGE ( 'NONE', *, *, #1133, .F. ) ;
#167 = CARTESIAN_POINT ( 'NONE',  ( 0.000000000000000000, 0.000000000000000000, 0.8000000000000000444 ) ) ;
#168 = CARTESIAN_POINT ( 'NONE',  ( 2.680657270960513650, 35.46558623613158545, 7.766631063199462837 ) ) ;
#169 = EDGE_CURVE ( 'NONE', #1950, #4839, #3437, .T. ) ;
#170 = CARTESIAN_POINT ( 'NONE',  ( -2.977178558054982105, 35.90036007070625601, 7.240773928419512728 ) ) ;
#171 = CARTESIAN_POINT ( 'NONE',  ( -5.300000000000002487, 16.55354852369348251, -2.884193457134845762 ) ) ;
#172 = CARTESIAN_POINT ( 'NONE',  ( -5.301000000000003709, 30.00000000000000355, 16.35000000000000497 ) ) ;
#173 = ORIENTED_EDGE ( 'NONE', *, *, #982, .F. ) ;
#174 = LINE ( 'NONE', #1346, #357 ) ;
#175 = CARTESIAN_POINT ( 'NONE',  ( 7.418600507878680084, 24.61720326062548736, 0.8787543369858507036 ) ) ;
#176 = CIRCLE ( 'NONE', #2052, 1.199999999999999956 ) ;
#177 = CARTESIAN_POINT ( 'NONE',  ( 3.855734684562615033, 36.84040964414942465, 6.437422961826593237 ) ) ;
#178 = CARTESIAN_POINT ( 'NONE',  ( -3.000000000000001332, 34.72923556460597894, 8.076141003662902662 ) ) ;
#179 = ORIENTED_EDGE ( 'NONE', *, *, #2256, .T. ) ;
#180 = CARTESIAN_POINT ( 'NONE',  ( 0.000000000000000000, 45.00000000000001421, 0.000000000000000000 ) ) ;
#181 = AXIS2_PLACEMENT_3D ( 'NONE', #1421, #600, #3683 ) ;
#182 = PRESENTATION_STYLE_ASSIGNMENT (( #4129 ) ) ;
#183 = DIRECTION ( 'NONE',  ( 0.7071067811865441310, 8.659560562354974766E-17, 0.7071067811865507924 ) ) ;
#184 = CARTESIAN_POINT ( 'NONE',  ( 2.999999999999998668, 34.72852955329950220, 8.077747210701753389 ) ) ;
#185 = AXIS2_PLACEMENT_3D ( 'NONE', #413, #895, #3955 ) ;
#186 = CARTESIAN_POINT ( 'NONE',  ( -5.300000000000001599, 33.44644660939986380, -2.950000000000000622 ) ) ;
#187 = VERTEX_POINT ( 'NONE', #306 ) ;
#188 = CARTESIAN_POINT ( 'NONE',  ( 7.631552191219341807, 24.05069818669155168, 0.8000000000000000444 ) ) ;
#189 = CYLINDRICAL_SURFACE ( 'NONE', #120, 2.250000000000000000 ) ;
#190 = CARTESIAN_POINT ( 'NONE',  ( -7.100000000000000533, 25.00000000000000000, 2.200000000000000178 ) ) ;
#191 = VECTOR ( 'NONE', #4496, 1000.000000000000000 ) ;
#192 = ORIENTED_EDGE ( 'NONE', *, *, #4331, .T. ) ;
#193 = LINE ( 'NONE', #1052, #1019 ) ;
#194 = CARTESIAN_POINT ( 'NONE',  ( 3.000022932121973795, 34.78692373429523599, 7.971417318893402992 ) ) ;
#195 = VECTOR ( 'NONE', #4511, 999.9999999999998863 ) ;
#196 = PLANE ( 'NONE',  #2911 ) ;
#197 = CARTESIAN_POINT ( 'NONE',  ( 3.833333333333346360, 27.33333333333329307, 14.41666666666671226 ) ) ;
#198 = LINE ( 'NONE', #652, #191 ) ;
#199 = EDGE_CURVE ( 'NONE', #3170, #1609, #1891, .T. ) ;
#200 = ORIENTED_EDGE ( 'NONE', *, *, #4887, .F. ) ;
#201 = CIRCLE ( 'NONE', #2726, 7.499999999999998224 ) ;
#202 = CARTESIAN_POINT ( 'NONE',  ( -5.898335631465688067, 17.35133428091118901, -2.215474549512766789 ) ) ;
#203 = CARTESIAN_POINT ( 'NONE',  ( 7.786229018831597237, 24.24957474967257554, 0.5798589777391921496 ) ) ;
#204 = VECTOR ( 'NONE', #2929, 1000.000000000000000 ) ;
#205 = CARTESIAN_POINT ( 'NONE',  ( -5.333717501960834717, 16.48371750196077201, 2.494842772976575418 ) ) ;
#206 = CARTESIAN_POINT ( 'NONE',  ( -3.246307650254985244, 36.23459488517941907, 6.929376288707009834 ) ) ;
#207 = ORIENTED_EDGE ( 'NONE', *, *, #1677, .F. ) ;
#208 = FACE_OUTER_BOUND ( 'NONE', #3492, .T. ) ;
#209 = CARTESIAN_POINT ( 'NONE',  ( 7.724899948879962785, 24.00949381329374788, 0.8085782947931555720 ) ) ;
#210 = DIRECTION ( 'NONE',  ( -0.000000000000000000, 1.000000000000000000, -0.000000000000000000 ) ) ;
#212 = CIRCLE ( 'NONE', #2169, 1.350000000000002309 ) ;
#211 = DIRECTION ( 'NONE',  ( 0.5773502691896303940, -0.5773502691896246208, -0.5773502691896222894 ) ) ;
#213 = CIRCLE ( 'NONE', #2164, 1.599999999999998979 ) ;
#214 = EDGE_LOOP ( 'NONE', ( #3576, #4361, #3128, #3199 ) ) ;
#215 = ORIENTED_EDGE ( 'NONE', *, *, #3472, .F. ) ;
#216 = FACE_OUTER_BOUND ( 'NONE', #2554, .T. ) ;
#217 = CONICAL_SURFACE ( 'NONE', #369, 2.500000000000034195, 0.7853981633974405074 ) ;
#218 = DIRECTION ( 'NONE',  ( 0.000000000000000000, -0.000000000000000000, -1.000000000000000000 ) ) ;
#219 = EDGE_CURVE ( 'NONE', #4034, #1962, #4541, .T. ) ;
#220 = DIRECTION ( 'NONE',  ( 0.000000000000000000, 1.000000000000000000, 0.000000000000000000 ) ) ;
#221 = VERTEX_POINT ( 'NONE', #5039 ) ;
#222 = DIRECTION ( 'NONE',  ( 0.000000000000000000, 0.000000000000000000, -1.000000000000000000 ) ) ;
#223 = CARTESIAN_POINT ( 'NONE',  ( 3.217636387234818152, 35.53234762427826610, 7.169492865609243815 ) ) ;
#224 = CARTESIAN_POINT ( 'NONE',  ( 2.499999999999986677, 12.00000000000001421, 18.75000000000000711 ) ) ;
#225 = CARTESIAN_POINT ( 'NONE',  ( 2.999999999999998224, 34.57661876439954085, 8.520202560587268437 ) ) ;
#226 = VERTEX_POINT ( 'NONE', #4610 ) ;
#227 = CARTESIAN_POINT ( 'NONE',  ( 10.53580376850417188, 0.000000000000000000, -0.5499999999999998224 ) ) ;
#228 = CARTESIAN_POINT ( 'NONE',  ( 9.184850993605144000E-16, 58.00000000000000000, 7.499999999999998224 ) ) ;
#229 = EDGE_CURVE ( 'NONE', #563, #4347, #2610, .T. ) ;
#230 = CARTESIAN_POINT ( 'NONE',  ( 0.000000000000000000, 49.00000000000001421, 0.000000000000000000 ) ) ;
#231 = CARTESIAN_POINT ( 'NONE',  ( -2.976134608063312204, 35.89901222107580736, 7.242124420980362132 ) ) ;
#232 = CYLINDRICAL_SURFACE ( 'NONE', #1513, 3.249999999999999556 ) ;
#233 = CARTESIAN_POINT ( 'NONE',  ( 7.793568988748166504, 23.89790216002349510, 0.8002287293069930696 ) ) ;
#234 = DIRECTION ( 'NONE',  ( 1.000000000000000000, -0.000000000000000000, 1.095509984775996664E-16 ) ) ;
#235 = EDGE_CURVE ( 'NONE', #226, #707, #4828, .T. ) ;
#236 = LINE ( 'NONE', #2634, #983 ) ;
#237 = ORIENTED_EDGE ( 'NONE', *, *, #2860, .F. ) ;
#238 = ORIENTED_EDGE ( 'NONE', *, *, #4209, .F. ) ;
#239 = CARTESIAN_POINT ( 'NONE',  ( 0.000000000000000000, 49.50000000000000000, 0.000000000000000000 ) ) ;
#240 = FACE_BOUND ( 'NONE', #3633, .T. ) ;
#241 = FACE_OUTER_BOUND ( 'NONE', #3193, .T. ) ;
#242 = ORIENTED_EDGE ( 'NONE', *, *, #3, .T. ) ;
#243 = LINE ( 'NONE', #1802, #1557 ) ;
#244 = DIRECTION ( 'NONE',  ( 1.000000000000000000, 0.000000000000000000, 0.000000000000000000 ) ) ;
#245 = DIRECTION ( 'NONE',  ( -0.000000000000000000, -1.000000000000000000, -0.000000000000000000 ) ) ;
#246 = CARTESIAN_POINT ( 'NONE',  ( 7.529884656145598321, 13.67361043165540835, 0.9125830471315822257 ) ) ;
#247 = CARTESIAN_POINT ( 'NONE',  ( 7.808328886515983669, 14.12607850860509018, 0.8000000000000000444 ) ) ;
#248 = CARTESIAN_POINT ( 'NONE',  ( 0.000000000000000000, 45.50000000000000000, 0.000000000000000000 ) ) ;
#249 = CARTESIAN_POINT ( 'NONE',  ( -5.229859361563508280, 16.37985936156344735, 3.028459095727845440 ) ) ;
#250 = CARTESIAN_POINT ( 'NONE',  ( -3.509431245384328157, 36.53799167471525777, 6.689407457487333453 ) ) ;
#251 = ORIENTED_EDGE ( 'NONE', *, *, #1694, .T. ) ;
#252 = CARTESIAN_POINT ( 'NONE',  ( -5.299999999999998046, 33.55000000000006821, 2.574388938522977455 ) ) ;
#253 = EDGE_CURVE ( 'NONE', #4690, #3170, #3463, .T. ) ;
#254 = CARTESIAN_POINT ( 'NONE',  ( 7.557068647771139958, 13.71778259822723989, -0.8885264425863628190 ) ) ;
#255 = CYLINDRICAL_SURFACE ( 'NONE', #2907, 2.250000000000000000 ) ;
#256 = DIRECTION ( 'NONE',  ( -1.000000000000000000, -0.000000000000000000, -0.000000000000000000 ) ) ;
#257 = ORIENTED_EDGE ( 'NONE', *, *, #4471, .T. ) ;
#258 = ORIENTED_EDGE ( 'NONE', *, *, #733, .T. ) ;
#259 = EDGE_CURVE ( 'NONE', #1885, #4995, #4658, .T. ) ;
#260 = CARTESIAN_POINT ( 'NONE',  ( 7.808328886515983669, 23.87392149139493824, -0.8000000000000001554 ) ) ;
#261 = DIRECTION ( 'NONE',  ( 0.000000000000000000, 1.000000000000000000, 0.000000000000000000 ) ) ;
#262 = VECTOR ( 'NONE', #92, 999.9999999999998863 ) ;
#263 = DIRECTION ( 'NONE',  ( 0.000000000000000000, 0.000000000000000000, -1.000000000000000000 ) ) ;
#264 = ORIENTED_EDGE ( 'NONE', *, *, #1450, .F. ) ;
#265 = CARTESIAN_POINT ( 'NONE',  ( 0.000000000000000000, 48.50000000000000000, 0.000000000000000000 ) ) ;
#266 = CARTESIAN_POINT ( 'NONE',  ( 3.257129420577300483, 35.62917196370899831, 7.095836512675147922 ) ) ;
#267 = CARTESIAN_POINT ( 'NONE',  ( -5.300000000000001599, 16.46578216714265608, -2.604834932303047967 ) ) ;
#268 = CARTESIAN_POINT ( 'NONE',  ( 7.615021956712346274, 13.81195480951910959, 0.8496356079292168850 ) ) ;
#269 = FACE_OUTER_BOUND ( 'NONE', #465, .T. ) ;
#270 = DIRECTION ( 'NONE',  ( 0.000000000000000000, -1.000000000000000000, 0.000000000000000000 ) ) ;
#271 = ADVANCED_FACE ( 'NONE', ( #1136 ), #4956, .F. ) ;
#272 = CARTESIAN_POINT ( 'NONE',  ( -5.573145237345912051, 16.91774704038775923, 2.368823500228161461 ) ) ;
#273 = EDGE_CURVE ( 'NONE', #3083, #3206, #4207, .T. ) ;
#274 = VECTOR ( 'NONE', #817, 999.9999999999998863 ) ;
#275 = CARTESIAN_POINT ( 'NONE',  ( -3.648144261229350871, 36.69236690171021564, 6.580147850130063425 ) ) ;
#276 = ORIENTED_EDGE ( 'NONE', *, *, #810, .F. ) ;
#277 = DIRECTION ( 'NONE',  ( 0.000000000000000000, -1.000000000000000000, 0.000000000000000000 ) ) ;
#278 = CARTESIAN_POINT ( 'NONE',  ( 7.510986219539950604, 24.35710873786474906, 0.9280678557690814623 ) ) ;
#279 = AXIS2_PLACEMENT_3D ( 'NONE', #4558, #1843, #729 ) ;
#280 = CARTESIAN_POINT ( 'NONE',  ( 2.500000000000003997, 30.00000000000000355, 11.75000000000000355 ) ) ;
#281 = DIRECTION ( 'NONE',  ( 0.7071067811865500152, 0.000000000000000000, 0.7071067811865451302 ) ) ;
#282 = VECTOR ( 'NONE', #2641, 999.9999999999998863 ) ;
#283 = DIRECTION ( 'NONE',  ( 1.000000000000000000, -0.000000000000000000, 1.095509984775996418E-16 ) ) ;
#284 = ORIENTED_EDGE ( 'NONE', *, *, #3376, .F. ) ;
#285 = CARTESIAN_POINT ( 'NONE',  ( 7.519002682236329171, 24.34407657334937269, -0.9226799606161276701 ) ) ;
#286 = DIRECTION ( 'NONE',  ( 0.000000000000000000, -0.000000000000000000, 1.000000000000000000 ) ) ;
#287 = CONICAL_SURFACE ( 'NONE', #530, 2.500000000000034639, 0.7853981633974405074 ) ;
#288 = ADVANCED_FACE ( 'NONE', ( #2273 ), #2252, .F. ) ;
#289 = CARTESIAN_POINT ( 'NONE',  ( -3.862896114633414868, 36.93591769276712000, 6.429676148274787728 ) ) ;
#290 = ORIENTED_EDGE ( 'NONE', *, *, #3547, .F. ) ;
#291 = CARTESIAN_POINT ( 'NONE',  ( 2.680474191722473698, 35.46474248440645027, 7.768529697625933927 ) ) ;
#292 = ADVANCED_FACE ( 'NONE', ( #3843 ), #1026, .F. ) ;
#293 = CARTESIAN_POINT ( 'NONE',  ( -5.573145237345914715, 33.08225295961223367, -2.368823500228161016 ) ) ;
#294 = CARTESIAN_POINT ( 'NONE',  ( 2.999999999999998224, 34.69187278348648817, 8.164265185381117007 ) ) ;
#295 = CARTESIAN_POINT ( 'NONE',  ( -2.499999999999995115, 35.00000000000000000, 18.75000000000000355 ) ) ;
#296 = DIRECTION ( 'NONE',  ( -0.000000000000000000, -1.000000000000000000, -0.000000000000000000 ) ) ;
#297 = CARTESIAN_POINT ( 'NONE',  ( -5.888990869628516478, 17.03899086962846354, 2.006271458483953829 ) ) ;
#298 = CARTESIAN_POINT ( 'NONE',  ( -3.125443276580633700, 36.08844297559840442, 7.058372820254055213 ) ) ;
#299 = ORIENTED_EDGE ( 'NONE', *, *, #4520, .F. ) ;
#300 = CARTESIAN_POINT ( 'NONE',  ( -5.299999999999998046, 33.51402222400871977, 2.647689277729782020 ) ) ;
#301 = DIRECTION ( 'NONE',  ( -1.095509984775996911E-16, 0.000000000000000000, 1.000000000000000000 ) ) ;
#302 = EDGE_CURVE ( 'NONE', #1663, #1655, #5061, .T. ) ;
#303 = CARTESIAN_POINT ( 'NONE',  ( 7.595922308654793120, 24.21908175177225075, -0.8608743270964565042 ) ) ;
#304 = DIRECTION ( 'NONE',  ( -0.000000000000000000, -1.000000000000000000, -0.000000000000000000 ) ) ;
#305 = B_SPLINE_CURVE_WITH_KNOTS ( 'NONE', 3,
 ( #1595, #2461, #143, #4365, #2028, #4338, #1695, #3926, #36, #87, #2003, #1619 ),
 .UNSPECIFIED., .F., .F.,
 ( 4, 2, 2, 2, 2, 4 ),
 ( 0.000000000000000000, 0.2499999999999956146, 0.4999999999999912292, 0.6249999999999906741, 0.7499999999999901190, 1.000000000000000000 ),
 .UNSPECIFIED. ) ;
#306 = CARTESIAN_POINT ( 'NONE',  ( -5.299999999999998046, 33.55000000000006821, -2.574388938522983228 ) ) ;
#307 = ORIENTED_EDGE ( 'NONE', *, *, #2333, .T. ) ;
#308 = CARTESIAN_POINT ( 'NONE',  ( -3.014496548987245728, 34.88176540409485682, 7.834552587633387688 ) ) ;
#309 = CARTESIAN_POINT ( 'NONE',  ( -3.833333333333330373, 57.50000000000002842, -6.446359868604570664 ) ) ;
#310 = DIRECTION ( 'NONE',  ( 0.000000000000000000, -1.000000000000000000, 0.000000000000000000 ) ) ;
#311 = ORIENTED_EDGE ( 'NONE', *, *, #541, .F. ) ;
#312 = ORIENTED_EDGE ( 'NONE', *, *, #3648, .F. ) ;
#313 = B_SPLINE_CURVE_WITH_KNOTS ( 'NONE', 3,
 ( #3842, #3915, #4251, #3940 ),
 .UNSPECIFIED., .F., .F.,
 ( 4, 4 ),
 ( 0.000000000000000000, 0.0007344485475711459363 ),
 .UNSPECIFIED. ) ;
#314 = DIRECTION ( 'NONE',  ( -0.6785983445458425578, -0.2810846377148302211, 0.6785983445458472207 ) ) ;
#315 = EDGE_CURVE ( 'NONE', #1641, #1650, #3244, .T. ) ;
#316 = B_SPLINE_SURFACE_WITH_KNOTS ( 'NONE', 1, 3, ( 
 ( #1938, #3066, #3529, #751, #1961, #4676, #4296, #3860, #2364, #346, #1155, #46, #1883, #396, #5033, #1499, #3089, #1910 ),
 ( #3169, #3484, #1603, #17, #2727, #3141, #4724, #374, #3455, #1524, #1573, #5006, #4652, #1130, #2341, #4269, #2315, #3887 ) ),
 .UNSPECIFIED., .F., .F., .F.,
 ( 2, 2 ),
 ( 4, 2, 2, 2, 2, 2, 2, 2, 4 ),
 ( 0.000000000000000000, 1.000000000000000000 ),
 ( 4.712388980384689674, 4.918555998276519681, 5.124723016168349687, 5.330890034060180582, 5.537057051952010589, 5.743224069843840596, 5.949391087735671491, 6.155558105627501497, 6.361725123519331504 ),
 .UNSPECIFIED. ) ;
#317 = VERTEX_POINT ( 'NONE', #808 ) ;
#318 = EDGE_CURVE ( 'NONE', #4896, #4690, #2334, .T. ) ;
#319 = LINE ( 'NONE', #1880, #4133 ) ;
#320 = CARTESIAN_POINT ( 'NONE',  ( 7.434694249580021008, 13.49496845426224745, -0.9904771434375367889 ) ) ;
#321 = CARTESIAN_POINT ( 'NONE',  ( 7.904440338444567615, 13.86863656994040461, 0.5537648312681384688 ) ) ;
#322 = DIRECTION ( 'NONE',  ( -0.5773502691896233996, -0.5773502691896308381, -0.5773502691896230665 ) ) ;
#323 = ORIENTED_EDGE ( 'NONE', *, *, #2537, .F. ) ;
#324 = CARTESIAN_POINT ( 'NONE',  ( 7.774945426009024274, 14.07183074854003202, -0.8013939590357053167 ) ) ;
#325 = CARTESIAN_POINT ( 'NONE',  ( 7.436165004369752474, 24.47868532069312408, -1.046247715781672749 ) ) ;
#326 = DIRECTION ( 'NONE',  ( 0.7071067811865477948, -0.7071067811865473507, 0.000000000000000000 ) ) ;
#327 = EDGE_CURVE ( 'NONE', #1121, #2444, #3125, .T. ) ;
#328 = CARTESIAN_POINT ( 'NONE',  ( 5.143516556418883914E-16, 57.49999999999998579, -4.200000000000000178 ) ) ;
#329 = ORIENTED_EDGE ( 'NONE', *, *, #318, .F. ) ;
#330 = CARTESIAN_POINT ( 'NONE',  ( 7.709905377178349006, 24.03385969406858891, -0.8115043506862127387 ) ) ;
#331 = FACE_OUTER_BOUND ( 'NONE', #3647, .T. ) ;
#332 = AXIS2_PLACEMENT_3D ( 'NONE', #2868, #4789, #889 ) ;
#333 = EDGE_CURVE ( 'NONE', #3083, #2204, #4328, .T. ) ;
#334 = CARTESIAN_POINT ( 'NONE',  ( 7.443927980257975641, 24.53580376850417366, -0.9153885648905524253 ) ) ;
#335 = EDGE_LOOP ( 'NONE', ( #3825, #646, #238, #1703 ) ) ;
#336 = ORIENTED_EDGE ( 'NONE', *, *, #3776, .T. ) ;
#337 = CARTESIAN_POINT ( 'NONE',  ( 3.907865932728606051, 36.93187798954475909, 6.402237957263475110 ) ) ;
#338 = CARTESIAN_POINT ( 'NONE',  ( -11.09999999999999787, 22.25000000000000355, 2.200000000000000178 ) ) ;
#339 = AXIS2_PLACEMENT_3D ( 'NONE', #2207, #3339, #263 ) ;
#340 = ORIENTED_EDGE ( 'NONE', *, *, #1614, .F. ) ;
#341 = CARTESIAN_POINT ( 'NONE',  ( -3.000000000000002220, 30.00000000000000355, 16.60000000000000142 ) ) ;
#342 = AXIS2_PLACEMENT_3D ( 'NONE', #2257, #1098, #2669 ) ;
#343 = DIRECTION ( 'NONE',  ( 0.6785983445458434460, -0.2810846377148258912, 0.6785983445458482199 ) ) ;
#344 = DIRECTION ( 'NONE',  ( 0.000000000000000000, 0.000000000000000000, -1.000000000000000000 ) ) ;
#345 = EDGE_CURVE ( 'NONE', #317, #4242, #769, .T. ) ;
#346 = CARTESIAN_POINT ( 'NONE',  ( -5.445805093716875156, 33.40419490628318755, 2.321663958036643383 ) ) ;
#347 = ORIENTED_EDGE ( 'NONE', *, *, #2923, .F. ) ;
#348 = CIRCLE ( 'NONE', #109, 2.500000000000034639 ) ;
#349 = EDGE_LOOP ( 'NONE', ( #1493, #3163, #1221, #1370 ) ) ;
#350 = CARTESIAN_POINT ( 'NONE',  ( 7.657690775371775338, 24.11870905846251034, 0.8292366914616035034 ) ) ;
#351 = CARTESIAN_POINT ( 'NONE',  ( 7.513400024946888855, 24.35317720463624624, -0.9295251197684356592 ) ) ;
#352 = CONICAL_SURFACE ( 'NONE', #2153, 2.250000000000000000, 0.7853981633974435050 ) ;
#353 = DIRECTION ( 'NONE',  ( 1.000000000000000000, -0.000000000000000000, 1.095509984775996418E-16 ) ) ;
#354 = ADVANCED_FACE ( 'NONE', ( #3943 ), #4382, .T. ) ;
#355 = LINE ( 'NONE', #3073, #3000 ) ;
#356 = VERTEX_POINT ( 'NONE', #2370 ) ;
#357 = VECTOR ( 'NONE', #2548, 1000.000000000000000 ) ;
#358 = CARTESIAN_POINT ( 'NONE',  ( -3.206342492028316560, 35.50622528363254560, 7.189776769168782167 ) ) ;
#359 = DIRECTION ( 'NONE',  ( 1.000000000000000000, 0.000000000000000000, 0.000000000000000000 ) ) ;
#360 = CIRCLE ( 'NONE', #607, 2.250000000000000000 ) ;
#361 = FACE_OUTER_BOUND ( 'NONE', #4315, .T. ) ;
#362 = ORIENTED_EDGE ( 'NONE', *, *, #259, .F. ) ;
#363 = EDGE_LOOP ( 'NONE', ( #4002, #2398, #2445, #3818 ) ) ;
#364 = CARTESIAN_POINT ( 'NONE',  ( 3.792867262538480055, 36.72804727384444590, 6.482679915347445920 ) ) ;
#365 = AXIS2_PLACEMENT_3D ( 'NONE', #2292, #1064, #4607 ) ;
#366 = EDGE_CURVE ( 'NONE', #4719, #187, #4785, .T. ) ;
#367 = CARTESIAN_POINT ( 'NONE',  ( -5.380205604995373037, 33.33950580274628805, -2.608632079737065457 ) ) ;
#368 = AXIS2_PLACEMENT_3D ( 'NONE', #3680, #872, #4393 ) ;
#369 = AXIS2_PLACEMENT_3D ( 'NONE', #800, #849, #3908 ) ;
#370 = ORIENTED_EDGE ( 'NONE', *, *, #327, .F. ) ;
#371 = CARTESIAN_POINT ( 'NONE',  ( 7.685943309287843306, 13.92720194560938296, -0.8183747555353448888 ) ) ;
#372 = CARTESIAN_POINT ( 'NONE',  ( -3.000001203364437430, 34.75693133825685521, 8.025780325965909512 ) ) ;
#373 = DIRECTION ( 'NONE',  ( 0.000000000000000000, -0.000000000000000000, 1.000000000000000000 ) ) ;
#374 = CARTESIAN_POINT ( 'NONE',  ( -5.573145237345912939, 33.08225295961224077, 2.368823500228160572 ) ) ;
#375 = VERTEX_POINT ( 'NONE', #2841 ) ;
#376 = VECTOR ( 'NONE', #4231, 1000.000000000000000 ) ;
#377 = DIRECTION ( 'NONE',  ( 0.000000000000000000, 0.000000000000000000, 1.000000000000000000 ) ) ;
#378 = EDGE_CURVE ( 'NONE', #4516, #3187, #480, .T. ) ;
#379 = CARTESIAN_POINT ( 'NONE',  ( 7.808328886515983669, 23.87392149139492403, -0.8000000000000000444 ) ) ;
#380 = CARTESIAN_POINT ( 'NONE',  ( -5.299999999999998934, 33.44644660940677738, 2.949999999999999734 ) ) ;
#381 = CARTESIAN_POINT ( 'NONE',  ( 0.000000000000000000, 49.00000000000001421, 0.000000000000000000 ) ) ;
#382 = ORIENTED_EDGE ( 'NONE', *, *, #3061, .F. ) ;
#383 = CARTESIAN_POINT ( 'NONE',  ( 8.878689293818329796E-16, 58.00000000000000000, 7.000000000000032863 ) ) ;
#384 = EDGE_CURVE ( 'NONE', #4347, #4336, #1241, .T. ) ;
#385 = CARTESIAN_POINT ( 'NONE',  ( -19.24822330470342635, 19.24822330470319898, -2.200000000000000178 ) ) ;
#386 = PLANE ( 'NONE',  #2879 ) ;
#387 = ORIENTED_EDGE ( 'NONE', *, *, #1757, .F. ) ;
#388 = ORIENTED_EDGE ( 'NONE', *, *, #4695, .F. ) ;
#389 = CARTESIAN_POINT ( 'NONE',  ( 2.671163728119402059, 35.44833099263254184, 7.792788659128068396 ) ) ;
#390 = CARTESIAN_POINT ( 'NONE',  ( -5.946918382631698918, 32.58388876589784644, -2.205331772726693451 ) ) ;
#391 = ORIENTED_EDGE ( 'NONE', *, *, #2728, .F. ) ;
#392 = CARTESIAN_POINT ( 'NONE',  ( -5.821310026118008629, 32.75136491989109544, 2.235624422274583800 ) ) ;
#393 = CARTESIAN_POINT ( 'NONE',  ( 7.347592192732686378, 13.31178842422851893, -1.066945674463628313 ) ) ;
#394 = DIRECTION ( 'NONE',  ( -0.7071067811865434649, -0.7071067811865516806, 0.000000000000000000 ) ) ;
#395 = FACE_OUTER_BOUND ( 'NONE', #113, .T. ) ;
#396 = CARTESIAN_POINT ( 'NONE',  ( -5.259454983417845675, 33.59054501658221170, 2.687299543487195574 ) ) ;
#397 = EDGE_LOOP ( 'NONE', ( #3646, #1235, #3269, #1395 ) ) ;
#398 = VERTEX_POINT ( 'NONE', #3613 ) ;
#399 = CYLINDRICAL_SURFACE ( 'NONE', #1087, 3.249999999999999556 ) ;
#400 = CARTESIAN_POINT ( 'NONE',  ( -5.878527025358203595, 32.67507550277807837, -2.219761944778802398 ) ) ;
#401 = CARTESIAN_POINT ( 'NONE',  ( -3.834514180551884088, 36.90389549811483505, 6.448345651070820139 ) ) ;
#402 = ADVANCED_FACE ( 'NONE', ( #2399, #2451 ), #3120, .F. ) ;
#403 = EDGE_LOOP ( 'NONE', ( #1255, #3595, #4694, #4070 ) ) ;
#404 = CARTESIAN_POINT ( 'NONE',  ( -3.000000000000001332, 34.50616890246132584, 8.977111019305249684 ) ) ;
#405 = EDGE_LOOP ( 'NONE', ( #2800, #1583, #3849, #2484 ) ) ;
#406 = CARTESIAN_POINT ( 'NONE',  ( -6.050000000000001599, 17.55355339059322262, -2.200000000000000178 ) ) ;
#407 = LINE ( 'NONE', #2818, #2488 ) ;
#408 = CARTESIAN_POINT ( 'NONE',  ( -2.561848729508775069, 35.18338845168479168, 8.275940627827056417 ) ) ;
#409 = EDGE_CURVE ( 'NONE', #1609, #807, #1096, .T. ) ;
#410 = VERTEX_POINT ( 'NONE', #2787 ) ;
#411 = ORIENTED_EDGE ( 'NONE', *, *, #890, .F. ) ;
#412 = CARTESIAN_POINT ( 'NONE',  ( 3.179494230966840362, 36.15211101966267648, 7.000192636905281596 ) ) ;
#413 = CARTESIAN_POINT ( 'NONE',  ( 0.000000000000000000, 58.00000000000000000, 0.000000000000000000 ) ) ;
#414 = ORIENTED_EDGE ( 'NONE', *, *, #2350, .F. ) ;
#415 = CARTESIAN_POINT ( 'NONE',  ( -5.931493149456695591, 32.60445153929014594, 2.209241373165157007 ) ) ;
#416 = CIRCLE ( 'NONE', #3371, 1.750000000000001554 ) ;
#417 = DIRECTION ( 'NONE',  ( -0.000000000000000000, -1.000000000000000000, -0.000000000000000000 ) ) ;
#418 = CARTESIAN_POINT ( 'NONE',  ( 7.783508396482742064, 14.08574521230108623, -0.7999985744246511654 ) ) ;
#419 = DIRECTION ( 'NONE',  ( -0.7071067811865434649, 0.7071067811865516806, 0.000000000000000000 ) ) ;
#420 = CIRCLE ( 'NONE', #2797, 3.249999999999999556 ) ;
#421 = CARTESIAN_POINT ( 'NONE',  ( -5.299999999999998934, 0.5000000000000073275, 3.867815921162744086 ) ) ;
#422 = DIRECTION ( 'NONE',  ( 0.000000000000000000, 0.000000000000000000, -1.000000000000000000 ) ) ;
#423 = ORIENTED_EDGE ( 'NONE', *, *, #1189, .T. ) ;
#424 = EDGE_LOOP ( 'NONE', ( #2687, #329, #1126, #200 ) ) ;
#425 = AXIS2_PLACEMENT_3D ( 'NONE', #452, #2010, #3581 ) ;
#426 = DIRECTION ( 'NONE',  ( 0.7071067811865474617, 0.7071067811865474617, 0.000000000000000000 ) ) ;
#427 = CARTESIAN_POINT ( 'NONE',  ( 7.761762083482655505, 23.94959141176171258, -0.8026982293420571457 ) ) ;
#428 = EDGE_CURVE ( 'NONE', #443, #2357, #2017, .T. ) ;
#429 = DIRECTION ( 'NONE',  ( 0.000000000000000000, 0.000000000000000000, -1.000000000000000000 ) ) ;
#430 = ORIENTED_EDGE ( 'NONE', *, *, #696, .T. ) ;
#431 = DIRECTION ( 'NONE',  ( -0.5773502691896286176, -0.5773502691896280625, 0.5773502691896204020 ) ) ;
#432 = ORIENTED_EDGE ( 'NONE', *, *, #77, .T. ) ;
#433 = CARTESIAN_POINT ( 'NONE',  ( -8.499999999999998224, 25.00000000000000000, 2.200000000000000178 ) ) ;
#434 = DIRECTION ( 'NONE',  ( 0.000000000000000000, -1.000000000000000000, 0.000000000000000000 ) ) ;
#435 = DIRECTION ( 'NONE',  ( -1.000000000000000000, 0.000000000000000000, 0.000000000000000000 ) ) ;
#436 = VECTOR ( 'NONE', #2326, 1000.000000000000000 ) ;
#437 = ORIENTED_EDGE ( 'NONE', *, *, #1689, .T. ) ;
#438 = ORIENTED_EDGE ( 'NONE', *, *, #103, .F. ) ;
#439 = CARTESIAN_POINT ( 'NONE',  ( 3.591570863025586480, 36.62396895053572621, 6.624625965143613904 ) ) ;
#440 = ADVANCED_FACE ( 'NONE', ( #4709 ), #4892, .T. ) ;
#441 = AXIS2_PLACEMENT_3D ( 'NONE', #454, #1548, #426 ) ;
#442 = DIRECTION ( 'NONE',  ( 1.000000000000000000, 0.000000000000000000, 1.095509984775996541E-16 ) ) ;
#443 = VERTEX_POINT ( 'NONE', #2477 ) ;
#445 = PLANE ( 'NONE',  #368 ) ;
#444 = CONICAL_SURFACE ( 'NONE', #3726, 1.399999999999998579, 0.7853981633974664867 ) ;
#446 = DIRECTION ( 'NONE',  ( 1.000000000000000000, 0.000000000000000000, 0.000000000000000000 ) ) ;
#447 = EDGE_CURVE ( 'NONE', #2523, #1697, #2328, .T. ) ;
#448 = CARTESIAN_POINT ( 'NONE',  ( -10.92322330470336311, 27.57322330470336880, 2.200000000000000178 ) ) ;
#449 = AXIS2_PLACEMENT_3D ( 'NONE', #911, #4457, #938 ) ;
#450 = CONICAL_SURFACE ( 'NONE', #1763, 2.500000000000007550, 0.7853981633974482790 ) ;
#451 = CARTESIAN_POINT ( 'NONE',  ( 0.000000000000000000, 0.000000000000000000, 0.000000000000000000 ) ) ;
#452 = CARTESIAN_POINT ( 'NONE',  ( 0.000000000000000000, 13.46419623149582634, 0.8000000000000000444 ) ) ;
#453 = ORIENTED_EDGE ( 'NONE', *, *, #2166, .F. ) ;
#454 = CARTESIAN_POINT ( 'NONE',  ( -2.982098115747914058, 2.982098115747914058, -0.5499999999999998224 ) ) ;
#455 = CARTESIAN_POINT ( 'NONE',  ( -5.716109029513758877, 32.89162207601349053, -2.277973800691769579 ) ) ;
#456 = CARTESIAN_POINT ( 'NONE',  ( 3.092697714540395992, 35.18719402398811980, 7.475817578314686962 ) ) ;
#457 = ORIENTED_EDGE ( 'NONE', *, *, #1550, .F. ) ;
#458 = DIRECTION ( 'NONE',  ( -0.000000000000000000, -0.000000000000000000, -1.000000000000000000 ) ) ;
#459 = ORIENTED_EDGE ( 'NONE', *, *, #4790, .F. ) ;
#460 = EDGE_CURVE ( 'NONE', #1085, #3133, #2892, .T. ) ;
#461 = CARTESIAN_POINT ( 'NONE',  ( -3.830681767128058191, 36.81345580377660553, 6.453558877266712734 ) ) ;
#462 = CARTESIAN_POINT ( 'NONE',  ( -5.612123432152994695, 16.96971666944698498, 2.340562434395867975 ) ) ;
#463 = FACE_OUTER_BOUND ( 'NONE', #2018, .T. ) ;
#464 = ORIENTED_EDGE ( 'NONE', *, *, #69, .F. ) ;
#465 = EDGE_LOOP ( 'NONE', ( #2738, #944, #2504, #1475 ) ) ;
#466 = CARTESIAN_POINT ( 'NONE',  ( 0.000000000000000000, 49.00000000000001421, 2.250000000000000000 ) ) ;
#467 = PLANE ( 'NONE',  #1408 ) ;
#468 = VERTEX_POINT ( 'NONE', #1294 ) ;
#469 = DIRECTION ( 'NONE',  ( 0.000000000000000000, 0.000000000000000000, 1.000000000000000000 ) ) ;
#470 = CARTESIAN_POINT ( 'NONE',  ( -3.000000000000002665, 34.49999999999999289, 18.75000000000000355 ) ) ;
#471 = CARTESIAN_POINT ( 'NONE',  ( -2.561848729508779066, 35.18338845168479168, 8.275940627827058194 ) ) ;
#472 = CARTESIAN_POINT ( 'NONE',  ( -5.300000000000000711, 0.5000000000000213163, -3.867815921162741866 ) ) ;
#473 = DIRECTION ( 'NONE',  ( -0.6785983445458434460, -0.2810846377148262243, -0.6785983445458481089 ) ) ;
#474 = ADVANCED_FACE ( 'NONE', ( #2176 ), #1738, .F. ) ;
#475 = ORIENTED_EDGE ( 'NONE', *, *, #2034, .F. ) ;
#476 = FACE_OUTER_BOUND ( 'NONE', #19, .T. ) ;
#477 = DIRECTION ( 'NONE',  ( -0.000000000000000000, -1.000000000000000000, -0.000000000000000000 ) ) ;
#478 = CARTESIAN_POINT ( 'NONE',  ( 3.211728491526190332, 35.51721674702437781, 7.181739670930006980 ) ) ;
#479 = ORIENTED_EDGE ( 'NONE', *, *, #3472, .T. ) ;
#480 = LINE ( 'NONE', #507, #4307 ) ;
#481 = ORIENTED_EDGE ( 'NONE', *, *, #784, .T. ) ;
#482 = CARTESIAN_POINT ( 'NONE',  ( -3.518911050146200648, 36.20702925197994659, 6.731995781529152900 ) ) ;
#483 = CARTESIAN_POINT ( 'NONE',  ( -5.854728220489081814, 17.29319345837393840, 2.225762794070627937 ) ) ;
#484 = EDGE_CURVE ( 'NONE', #1085, #2406, #1176, .T. ) ;
#485 = CARTESIAN_POINT ( 'NONE',  ( 0.000000000000000000, 45.50000000000000000, 0.000000000000000000 ) ) ;
#486 = ORIENTED_EDGE ( 'NONE', *, *, #4578, .F. ) ;
#487 = VERTEX_POINT ( 'NONE', #3275 ) ;
#488 = DIRECTION ( 'NONE',  ( -1.000000000000000000, -0.000000000000000000, -1.095509984775996541E-16 ) ) ;
#489 = EDGE_CURVE ( 'NONE', #3415, #766, #130, .T. ) ;
#490 = FACE_BOUND ( 'NONE', #2253, .T. ) ;
#491 = ORIENTED_EDGE ( 'NONE', *, *, #3986, .F. ) ;
#492 = CARTESIAN_POINT ( 'NONE',  ( 2.544090552341606415, 35.09716480752364731, 8.512064254411292552 ) ) ;
#493 = CARTESIAN_POINT ( 'NONE',  ( 0.000000000000000000, 48.50000000000000000, 0.000000000000000000 ) ) ;
#494 = CARTESIAN_POINT ( 'NONE',  ( -3.257036612341137172, 36.24800122421093107, 6.916775971807629375 ) ) ;
#495 = CARTESIAN_POINT ( 'NONE',  ( -7.100000000000000533, 25.00000000000000000, 1.950000000000002620 ) ) ;
#496 = VECTOR ( 'NONE', #1028, 1000.000000000000000 ) ;
#497 = CARTESIAN_POINT ( 'NONE',  ( 15.84112518895544675, 15.84112518895545563, -0.8000000000000000444 ) ) ;
#498 = ORIENTED_EDGE ( 'NONE', *, *, #114, .T. ) ;
#499 = EDGE_LOOP ( 'NONE', ( #2891, #4277, #414, #2114 ) ) ;
#500 = DIRECTION ( 'NONE',  ( 0.7071067811865474617, 0.7071067811865475727, 7.746425390926785273E-17 ) ) ;
#501 = VECTOR ( 'NONE', #4010, 1000.000000000000114 ) ;
#502 = CARTESIAN_POINT ( 'NONE',  ( -2.750000000000006217, 5.000000000000000888, 15.00000000000000178 ) ) ;
#503 = EDGE_CURVE ( 'NONE', #2807, #3142, #2972, .T. ) ;
#504 = CARTESIAN_POINT ( 'NONE',  ( 3.947368421052630971, 37.00000000000000711, 6.377168850554015833 ) ) ;
#505 = ORIENTED_EDGE ( 'NONE', *, *, #1150, .T. ) ;
#506 = AXIS2_PLACEMENT_3D ( 'NONE', #3262, #819, #1640 ) ;
#507 = CARTESIAN_POINT ( 'NONE',  ( -5.299999999999998046, 16.44999999999993534, 2.200000000000000178 ) ) ;
#508 = ORIENTED_EDGE ( 'NONE', *, *, #1766, .F. ) ;
#509 = FACE_OUTER_BOUND ( 'NONE', #3607, .T. ) ;
#510 = CARTESIAN_POINT ( 'NONE',  ( -11.09999999999999787, 27.75000000000000000, 2.200000000000000178 ) ) ;
#511 = EDGE_CURVE ( 'NONE', #4968, #468, #1323, .T. ) ;
#512 = AXIS2_PLACEMENT_3D ( 'NONE', #1288, #1728, #2858 ) ;
#513 = LINE ( 'NONE', #3278, #4589 ) ;
#514 = ORIENTED_EDGE ( 'NONE', *, *, #2881, .T. ) ;
#515 = EDGE_LOOP ( 'NONE', ( #78, #3834, #4984, #1079 ) ) ;
#516 = CARTESIAN_POINT ( 'NONE',  ( 3.815304423457849925, 36.86328850878233254, 6.462477997446768541 ) ) ;
#517 = CARTESIAN_POINT ( 'NONE',  ( -10.84999999999999787, -0.000000000000000000, -2.200000000000000178 ) ) ;
#518 = VECTOR ( 'NONE', #4794, 1000.000000000000000 ) ;
#519 = FACE_OUTER_BOUND ( 'NONE', #1945, .T. ) ;
#520 = EDGE_LOOP ( 'NONE', ( #479, #3876, #514, #855, #1265, #1171, #3757 ) ) ;
#521 = DIRECTION ( 'NONE',  ( -1.000000000000000000, -0.000000000000000000, -1.095509984775996541E-16 ) ) ;
#522 = DIRECTION ( 'NONE',  ( 0.3818376618407365308, -0.7071067811865475727, -0.5951470406546599534 ) ) ;
#523 = ADVANCED_FACE ( 'NONE', ( #208 ), #3253, .T. ) ;
#524 = VECTOR ( 'NONE', #4014, 1000.000000000000000 ) ;
#525 = FACE_OUTER_BOUND ( 'NONE', #4062, .T. ) ;
#526 = CIRCLE ( 'NONE', #3145, 1.199999999999999956 ) ;
#527 = CARTESIAN_POINT ( 'NONE',  ( -0.2500000000000184297, 30.00000000000000355, 15.00000000000000178 ) ) ;
#528 = ORIENTED_EDGE ( 'NONE', *, *, #333, .T. ) ;
#529 = CARTESIAN_POINT ( 'NONE',  ( -15.41219158730642214, 33.25000000000000000, 15.00000000000000178 ) ) ;
#530 = AXIS2_PLACEMENT_3D ( 'NONE', #3798, #1847, #4585 ) ;
#531 = CARTESIAN_POINT ( 'NONE',  ( -2.750000000000006217, 5.000000000000000888, 13.65000000000000036 ) ) ;
#532 = CARTESIAN_POINT ( 'NONE',  ( 3.730496889844557185, 36.61366927380049674, 6.531748113204939088 ) ) ;
#533 = AXIS2_PLACEMENT_3D ( 'NONE', #1598, #1979, #1430 ) ;
#534 = CARTESIAN_POINT ( 'NONE',  ( 0.000000000000000000, 48.50000000000000000, 2.250000000000000000 ) ) ;
#535 = ADVANCED_FACE ( 'NONE', ( #2145 ), #232, .F. ) ;
#536 = SURFACE_SIDE_STYLE ('',( #1686 ) ) ;
#537 = CARTESIAN_POINT ( 'NONE',  ( 2.499999999999986677, 8.250000000000001776, 15.00000000000000533 ) ) ;
#538 = PLANE ( 'NONE',  #664 ) ;
#539 = LINE ( 'NONE', #2180, #2820 ) ;
#540 = EDGE_LOOP ( 'NONE', ( #6, #2420, #1789, #2870 ) ) ;
#541 = EDGE_CURVE ( 'NONE', #3106, #3980, #1353, .T. ) ;
#542 = CARTESIAN_POINT ( 'NONE',  ( -5.388075476969857114, 16.53807547696979796, -2.396515684742577257 ) ) ;
#543 = CARTESIAN_POINT ( 'NONE',  ( -5.380205604995373925, 16.66049419725371550, -2.608632079737064124 ) ) ;
#544 = FACE_OUTER_BOUND ( 'NONE', #424, .T. ) ;
#545 = VERTEX_POINT ( 'NONE', #558 ) ;
#546 = CYLINDRICAL_SURFACE ( 'NONE', #4219, 4.200000000000000178 ) ;
#547 = CARTESIAN_POINT ( 'NONE',  ( 3.313952930859842994, 36.31150385789639756, 6.863707461685953248 ) ) ;
#548 = CARTESIAN_POINT ( 'NONE',  ( -3.742006292504532539, 36.79634616999908303, 6.511704293758180384 ) ) ;
#549 = LINE ( 'NONE', #3191, #4025 ) ;
#550 = EDGE_CURVE ( 'NONE', #2219, #2963, #2741, .T. ) ;
#551 = DIRECTION ( 'NONE',  ( 0.7071067811865477948, -0.7071067811865473507, 0.000000000000000000 ) ) ;
#552 = ORIENTED_EDGE ( 'NONE', *, *, #164, .T. ) ;
#553 = CARTESIAN_POINT ( 'NONE',  ( 0.000000000000000000, 58.00000000000000000, 0.000000000000000000 ) ) ;
#554 = CARTESIAN_POINT ( 'NONE',  ( 7.347592192732683714, 24.68821157577148639, 1.066945674463626537 ) ) ;
#555 = CARTESIAN_POINT ( 'NONE',  ( 3.276658655328164915, 35.67572897033901569, 7.061904479836553783 ) ) ;
#556 = DIRECTION ( 'NONE',  ( 0.000000000000000000, 0.000000000000000000, -1.000000000000000000 ) ) ;
#557 = ORIENTED_EDGE ( 'NONE', *, *, #3861, .T. ) ;
#558 = CARTESIAN_POINT ( 'NONE',  ( -3.863403069440763726, 36.87986937264355447, 6.430496018423583315 ) ) ;
#559 = CARTESIAN_POINT ( 'NONE',  ( 0.000000000000000000, 49.50000000000000000, 0.000000000000000000 ) ) ;
#560 = CARTESIAN_POINT ( 'NONE',  ( -15.41219158730642214, 1.750000000000000666, 15.00000000000000178 ) ) ;
#561 = DIRECTION ( 'NONE',  ( 0.000000000000000000, -1.000000000000000000, 0.000000000000000000 ) ) ;
#562 = LINE ( 'NONE', #2510, #2094 ) ;
#563 = VERTEX_POINT ( 'NONE', #1768 ) ;
#564 = CARTESIAN_POINT ( 'NONE',  ( 7.499999999999996447, 24.53580376850417366, -0.7673672027782261207 ) ) ;
#565 = CARTESIAN_POINT ( 'NONE',  ( -5.846017213304235405, 17.28157634166553080, -2.226434100249698567 ) ) ;
#566 = EDGE_CURVE ( 'NONE', #1950, #2407, #212, .T. ) ;
#567 = LINE ( 'NONE', #2128, #992 ) ;
#568 = EDGE_LOOP ( 'NONE', ( #139, #1148, #32, #3102 ) ) ;
#569 = DIRECTION ( 'NONE',  ( -0.000000000000000000, 1.000000000000000000, -0.000000000000000000 ) ) ;
#570 = CARTESIAN_POINT ( 'NONE',  ( 2.999999999999998224, 34.72852955329950930, 8.077747210701753389 ) ) ;
#571 = CARTESIAN_POINT ( 'NONE',  ( -3.159800168587244773, 36.13057537243245321, 7.020123731576415338 ) ) ;
#572 = CARTESIAN_POINT ( 'NONE',  ( -5.300000000000000711, 16.51664002862358060, -2.724541873914589907 ) ) ;
#573 = CARTESIAN_POINT ( 'NONE',  ( 2.999999999999999112, 34.53854521703043190, 8.701712844529831514 ) ) ;
#574 = ORIENTED_EDGE ( 'NONE', *, *, #1689, .F. ) ;
#575 = CARTESIAN_POINT ( 'NONE',  ( -11.09999999999999787, 27.75000000000000000, 1.949999999999999956 ) ) ;
#576 = CARTESIAN_POINT ( 'NONE',  ( 7.674889466150887074, 24.36091430235328659, 0.6273808103301761196 ) ) ;
#577 = CIRCLE ( 'NONE', #3532, 2.500000000000034195 ) ;
#578 = FACE_OUTER_BOUND ( 'NONE', #2378, .T. ) ;
#579 = CARTESIAN_POINT ( 'NONE',  ( -3.772179124460378397, 36.83027862950137887, 6.490665852919904388 ) ) ;
#580 = ORIENTED_EDGE ( 'NONE', *, *, #2201, .F. ) ;
#581 = DIRECTION ( 'NONE',  ( 0.000000000000000000, 0.000000000000000000, -1.000000000000000000 ) ) ;
#582 = AXIS2_PLACEMENT_3D ( 'NONE', #4800, #3630, #2857 ) ;
#583 = EDGE_CURVE ( 'NONE', #1641, #4479, #1685, .T. ) ;
#584 = CARTESIAN_POINT ( 'NONE',  ( 7.766387199333021130, 23.94207666061355155, 0.8021509347636262000 ) ) ;
#585 = ADVANCED_FACE ( 'NONE', ( #4504 ), #987, .F. ) ;
#586 = CARTESIAN_POINT ( 'NONE',  ( -2.750000000000006217, 30.00000000000000355, 15.00000000000000178 ) ) ;
#587 = CARTESIAN_POINT ( 'NONE',  ( 0.000000000000000000, 0.5000000000000073275, -7.499999999999998224 ) ) ;
#588 = ORIENTED_EDGE ( 'NONE', *, *, #318, .T. ) ;
#589 = VERTEX_POINT ( 'NONE', #1040 ) ;
#590 = DIRECTION ( 'NONE',  ( 0.000000000000000000, 0.000000000000000000, -1.000000000000000000 ) ) ;
#591 = AXIS2_PLACEMENT_3D ( 'NONE', #3558, #4630, #422 ) ;
#592 = CARTESIAN_POINT ( 'NONE',  ( 2.999999999999997780, 8.743936204764720443, 14.78682942357816721 ) ) ;
#593 = DIRECTION ( 'NONE',  ( 0.000000000000000000, 1.000000000000000000, 0.000000000000000000 ) ) ;
#594 = ORIENTED_EDGE ( 'NONE', *, *, #1065, .F. ) ;
#595 = DIRECTION ( 'NONE',  ( -0.7071067811865477948, 0.7071067811865473507, -0.000000000000000000 ) ) ;
#596 = CARTESIAN_POINT ( 'NONE',  ( 3.538798060207126728, 36.56665590039984437, 6.664918034624643717 ) ) ;
#597 = ADVANCED_FACE ( 'NONE', ( #2751, #2220 ), #4938, .F. ) ;
#598 = AXIS2_PLACEMENT_3D ( 'NONE', #2790, #3997, #2045 ) ;
#599 = CARTESIAN_POINT ( 'NONE',  ( -3.760871721144483093, 36.81737885918355602, 6.498462476119462927 ) ) ;
#600 = DIRECTION ( 'NONE',  ( 0.000000000000000000, 1.000000000000000000, -0.000000000000000000 ) ) ;
#601 = CARTESIAN_POINT ( 'NONE',  ( 2.999999999999996891, 34.50000326123269190, 9.071149036035123459 ) ) ;
#602 = ORIENTED_EDGE ( 'NONE', *, *, #3872, .F. ) ;
#603 = VECTOR ( 'NONE', #2836, 1000.000000000000000 ) ;
#604 = EDGE_CURVE ( 'NONE', #375, #1951, #1762, .T. ) ;
#605 = CARTESIAN_POINT ( 'NONE',  ( -5.705277136695277918, 17.09393591706785287, -2.283804273732397583 ) ) ;
#606 = DIRECTION ( 'NONE',  ( -7.746425390926793901E-17, -0.7071067811865469066, 0.7071067811865482389 ) ) ;
#607 = AXIS2_PLACEMENT_3D ( 'NONE', #3310, #261, #1413 ) ;
#608 = CARTESIAN_POINT ( 'NONE',  ( -5.590970345067701963, 16.74097034506764103, 2.175098000320928371 ) ) ;
#609 = CARTESIAN_POINT ( 'NONE',  ( -2.647157899086310717, 35.40486858907726742, 7.859473856846586948 ) ) ;
#610 = ORIENTED_EDGE ( 'NONE', *, *, #447, .T. ) ;
#611 = CARTESIAN_POINT ( 'NONE',  ( -2.517207617844429368, 35.01574255715368622, 8.897771451979515689 ) ) ;
#612 = VECTOR ( 'NONE', #431, 1000.000000000000227 ) ;
#613 = CIRCLE ( 'NONE', #937, 6.999999999999990230 ) ;
#614 = DIRECTION ( 'NONE',  ( 0.000000000000000000, 0.000000000000000000, -1.000000000000000000 ) ) ;
#616 = VECTOR ( 'NONE', #4845, 1000.000000000000000 ) ;
#615 = CARTESIAN_POINT ( 'NONE',  ( -3.920000000000000817, 37.00000000000002132, 6.392810970662838876 ) ) ;
#617 = VECTOR ( 'NONE', #419, 999.9999999999998863 ) ;
#618 = EDGE_CURVE ( 'NONE', #1345, #3247, #4928, .T. ) ;
#619 = ORIENTED_EDGE ( 'NONE', *, *, #4849, .T. ) ;
#620 = ORIENTED_EDGE ( 'NONE', *, *, #511, .T. ) ;
#621 = CARTESIAN_POINT ( 'NONE',  ( 2.500000000000003997, 33.25000000000000000, 15.00000000000000355 ) ) ;
#622 = DIRECTION ( 'NONE',  ( 0.000000000000000000, 1.000000000000000000, 0.000000000000000000 ) ) ;
#623 = FACE_OUTER_BOUND ( 'NONE', #2701, .T. ) ;
#624 = ORIENTED_EDGE ( 'NONE', *, *, #1597, .T. ) ;
#625 = LINE ( 'NONE', #2187, #2703 ) ;
#626 = CARTESIAN_POINT ( 'NONE',  ( 2.999999999999997335, 33.75000000000000000, 18.75000000000000355 ) ) ;
#627 = DIRECTION ( 'NONE',  ( 0.000000000000000000, 0.000000000000000000, 1.000000000000000000 ) ) ;
#628 = EDGE_CURVE ( 'NONE', #4719, #1345, #647, .T. ) ;
#629 = CARTESIAN_POINT ( 'NONE',  ( 2.524598831789584441, 35.03083617362468516, 8.787520547049965103 ) ) ;
#630 = DIRECTION ( 'NONE',  ( 1.000000000000000000, 0.000000000000000000, 0.000000000000000000 ) ) ;
#631 = CARTESIAN_POINT ( 'NONE',  ( -2.750000000000006217, 5.000000000000000888, 16.35000000000000497 ) ) ;
#632 = PLANE ( 'NONE',  #1562 ) ;
#633 = EDGE_CURVE ( 'NONE', #1525, #1664, #4059, .T. ) ;
#634 = CARTESIAN_POINT ( 'NONE',  ( -2.625234523300087552, 35.36137796559395241, 7.929790197879630576 ) ) ;
#635 = CARTESIAN_POINT ( 'NONE',  ( -2.535111382193582230, 35.06202123940008875, 8.636295889777597878 ) ) ;
#636 = CARTESIAN_POINT ( 'NONE',  ( 7.481891182841099663, 24.40437404350551986, 0.9639342141912742301 ) ) ;
#637 = CARTESIAN_POINT ( 'NONE',  ( -0.2500000000000045519, 5.000000000000000888, 16.35000000000000497 ) ) ;
#638 = CARTESIAN_POINT ( 'NONE',  ( 0.000000000000000000, 48.50000000000000000, 2.250000000000000000 ) ) ;
#639 = EDGE_LOOP ( 'NONE', ( #552, #432, #4335 ) ) ;
#640 = ORIENTED_EDGE ( 'NONE', *, *, #2557, .T. ) ;
#641 = B_SPLINE_SURFACE_WITH_KNOTS ( 'NONE', 1, 3, ( 
 ( #1120, #3848, #5019, #4566 ),
 ( #1897, #289, #3008, #3100 ) ),
 .UNSPECIFIED., .F., .F., .F.,
 ( 2, 2 ),
 ( 4, 4 ),
 ( 0.000000000000000000, 1.000000000000000000 ),
 ( 0.000000000000000000, 0.0001471581596289792408 ),
 .UNSPECIFIED. ) ;
#642 = CARTESIAN_POINT ( 'NONE',  ( 7.487843721906757288, 24.54796004659741016, -0.7794558079350712987 ) ) ;
#643 = CARTESIAN_POINT ( 'NONE',  ( -5.404378668631893312, 16.55437866863182705, -2.376951738636984945 ) ) ;
#644 = ADVANCED_FACE ( 'NONE', ( #2438 ), #3287, .T. ) ;
#645 = DIRECTION ( 'NONE',  ( 8.673617379884038430E-16, 0.000000000000000000, -1.000000000000000000 ) ) ;
#646 = ORIENTED_EDGE ( 'NONE', *, *, #302, .T. ) ;
#647 = B_SPLINE_CURVE_WITH_KNOTS ( 'NONE', 3,
 ( #252, #4202, #2246, #3819, #300, #1861, #1541, #3107, #950, #3654 ),
 .UNSPECIFIED., .F., .F.,
 ( 4, 2, 2, 2, 4 ),
 ( 0.000000000000000000, 0.1250000000000077716, 0.2500000000000155431, 0.5000000000000114353, 1.000000000000000000 ),
 .UNSPECIFIED. ) ;
#648 = CARTESIAN_POINT ( 'NONE',  ( 2.999999999999997780, 30.00000000000000355, 15.00000000000000355 ) ) ;
#649 = CARTESIAN_POINT ( 'NONE',  ( 2.500000000000003997, 33.25000000000000000, 15.00000000000000355 ) ) ;
#650 = ADVANCED_FACE ( 'NONE', ( #4469 ), #1621, .F. ) ;
#651 = FACE_OUTER_BOUND ( 'NONE', #1488, .T. ) ;
#652 = CARTESIAN_POINT ( 'NONE',  ( 2.500000000000003997, 30.00000000000000355, 11.75000000000000355 ) ) ;
#653 = CARTESIAN_POINT ( 'NONE',  ( -4.990187582825699408, 33.59272486435069283, 18.75000000000000355 ) ) ;
#654 = CARTESIAN_POINT ( 'NONE',  ( 7.685943309287845970, 24.07279805439066678, 0.8183747555353437786 ) ) ;
#655 = CARTESIAN_POINT ( 'NONE',  ( -5.312660307497263368, 16.57043380058955862, 2.803416350005043967 ) ) ;
#656 = DIRECTION ( 'NONE',  ( 0.000000000000000000, 1.156482317317871971E-16, 1.000000000000000000 ) ) ;
#657 = ORIENTED_EDGE ( 'NONE', *, *, #825, .F. ) ;
#658 = CARTESIAN_POINT ( 'NONE',  ( -5.582550184941665883, 33.06970361260808744, 2.363364449936335099 ) ) ;
#659 = CARTESIAN_POINT ( 'NONE',  ( 7.616066728265606933, 13.81365386981560661, -0.8490208377488644986 ) ) ;
#660 = EDGE_CURVE ( 'NONE', #4479, #1663, #2005, .T. ) ;
#661 = CONICAL_SURFACE ( 'NONE', #1309, 2.500000000000007550, 0.7853981633974488341 ) ;
#662 = LINE ( 'NONE', #1113, #4055 ) ;
#663 = FACE_OUTER_BOUND ( 'NONE', #3690, .T. ) ;
#664 = AXIS2_PLACEMENT_3D ( 'NONE', #82, #1299, #942 ) ;
#665 = CARTESIAN_POINT ( 'NONE',  ( 1.469576158976823553E-16, 58.00000000000000000, 1.199999999999999956 ) ) ;
#666 = ORIENTED_EDGE ( 'NONE', *, *, #428, .T. ) ;
#667 = CARTESIAN_POINT ( 'NONE',  ( 7.574268787595752173, 24.46153498090841794, -0.6946883107300223514 ) ) ;
#668 = ADVANCED_FACE ( 'NONE', ( #3601 ), #445, .T. ) ;
#669 = PLANE ( 'NONE',  #4049 ) ;
#670 = AXIS2_PLACEMENT_3D ( 'NONE', #3245, #3988, #3217 ) ;
#671 = CARTESIAN_POINT ( 'NONE',  ( 0.000000000000000000, 35.00000000000000000, 0.000000000000000000 ) ) ;
#672 = VERTEX_POINT ( 'NONE', #3984 ) ;
#673 = CIRCLE ( 'NONE', #5000, 2.999999999999999112 ) ;
#674 = DIRECTION ( 'NONE',  ( 0.000000000000000000, 1.000000000000000000, 0.000000000000000000 ) ) ;
#675 = CARTESIAN_POINT ( 'NONE',  ( -4.800000000000036238, 58.00000000000000000, -3.867815921162741866 ) ) ;
#676 = CARTESIAN_POINT ( 'NONE',  ( -0.2500000000000036637, 5.000000000000000888, 16.35000000000000497 ) ) ;
#677 = ADVANCED_FACE ( 'NONE', ( #2853 ), #546, .F. ) ;
#678 = LINE ( 'NONE', #1007, #3636 ) ;
#679 = CARTESIAN_POINT ( 'NONE',  ( 0.000000000000000000, 0.000000000000000000, 0.000000000000000000 ) ) ;
#680 = DIRECTION ( 'NONE',  ( 0.000000000000000000, -0.000000000000000000, 1.000000000000000000 ) ) ;
#681 = AXIS2_PLACEMENT_3D ( 'NONE', #4893, #4638, #3076 ) ;
#682 = CARTESIAN_POINT ( 'NONE',  ( -3.222779383194839919, 36.20647063078918393, 6.953611362866927159 ) ) ;
#683 = ORIENTED_EDGE ( 'NONE', *, *, #4461, .F. ) ;
#684 = CARTESIAN_POINT ( 'NONE',  ( -5.843263013952674889, 32.72209497980954040, 2.228965057154136176 ) ) ;
#685 = CARTESIAN_POINT ( 'NONE',  ( 7.594877537106057730, 24.22078081206443301, 0.8614890972741463537 ) ) ;
#686 = DIRECTION ( 'NONE',  ( 0.000000000000000000, 0.000000000000000000, 1.000000000000000000 ) ) ;
#687 = PLANE ( 'NONE',  #4670 ) ;
#688 = ADVANCED_FACE ( 'NONE', ( #3957 ), #3577, .T. ) ;
#689 = DIRECTION ( 'NONE',  ( 0.000000000000000000, -1.000000000000000000, 0.000000000000000000 ) ) ;
#690 = ORIENTED_EDGE ( 'NONE', *, *, #4331, .F. ) ;
#691 = CARTESIAN_POINT ( 'NONE',  ( 7.340551195177837052, 24.69525257332631796, -1.106836546897945306 ) ) ;
#692 = CARTESIAN_POINT ( 'NONE',  ( -3.900922629370301653, 36.95995645754862835, 6.405050733440285526 ) ) ;
#693 = CIRCLE ( 'NONE', #3399, 2.250000000000000000 ) ;
#694 = AXIS2_PLACEMENT_3D ( 'NONE', #3460, #709, #3841 ) ;
#695 = FACE_OUTER_BOUND ( 'NONE', #2037, .T. ) ;
#696 = EDGE_CURVE ( 'NONE', #707, #4678, #1256, .T. ) ;
#697 = ORIENTED_EDGE ( 'NONE', *, *, #4532, .T. ) ;
#698 = ORIENTED_EDGE ( 'NONE', *, *, #2694, .T. ) ;
#699 = CARTESIAN_POINT ( 'NONE',  ( 2.986655546664559679, 35.91096589622327429, 7.229634479814712300 ) ) ;
#700 = DIRECTION ( 'NONE',  ( 0.000000000000000000, -0.7071067811865392461, -0.7071067811865557884 ) ) ;
#701 = ORIENTED_EDGE ( 'NONE', *, *, #3692, .F. ) ;
#702 = DIRECTION ( 'NONE',  ( 0.000000000000000000, 0.000000000000000000, 1.000000000000000000 ) ) ;
#703 = CARTESIAN_POINT ( 'NONE',  ( -2.499999999999995115, 35.00000000000000000, 18.24999999999999645 ) ) ;
#704 = EDGE_CURVE ( 'NONE', #3944, #4807, #3264, .T. ) ;
#705 = LINE ( 'NONE', #421, #1727 ) ;
#706 = CARTESIAN_POINT ( 'NONE',  ( -2.856553140006349967, 35.73680523337144876, 7.418264690201819000 ) ) ;
#707 = VERTEX_POINT ( 'NONE', #4799 ) ;
#708 = CARTESIAN_POINT ( 'NONE',  ( 7.646474576262612288, 24.13692881800232470, 0.8340179287672222497 ) ) ;
#709 = DIRECTION ( 'NONE',  ( -0.5000000000000055511, 0.4999999999999996669, 0.7071067811865437980 ) ) ;
#710 = DIRECTION ( 'NONE',  ( 1.000000000000000000, 0.000000000000000000, 0.000000000000000000 ) ) ;
#711 = DIRECTION ( 'NONE',  ( 0.5000000000000055511, -0.4999999999999996669, 0.7071067811865437980 ) ) ;
#712 = ORIENTED_EDGE ( 'NONE', *, *, #4096, .T. ) ;
#713 = CARTESIAN_POINT ( 'NONE',  ( -3.076041154889362250, 35.13468997734741350, 7.529796769778075216 ) ) ;
#714 = CARTESIAN_POINT ( 'NONE',  ( -3.920000000000000817, 0.5000000000000213163, 6.392810970662838876 ) ) ;
#715 = DIRECTION ( 'NONE',  ( 0.000000000000000000, 1.000000000000000000, 0.000000000000000000 ) ) ;
#716 = ORIENTED_EDGE ( 'NONE', *, *, #1569, .T. ) ;
#717 = ORIENTED_EDGE ( 'NONE', *, *, #1713, .F. ) ;
#718 = CARTESIAN_POINT ( 'NONE',  ( 2.644843140196136755, 35.40036518716618019, 7.865713191094820367 ) ) ;
#719 = EDGE_CURVE ( 'NONE', #1664, #2049, #1307, .T. ) ;
#720 = B_SPLINE_SURFACE_WITH_KNOTS ( 'NONE', 1, 3, ( 
 ( #3603, #372, #775, #2032, #1936, #1623, #823, #1153, #3931, #3505, #4343, #4292, #14, #3190, #2803, #2339, #1230, #2362, #1571, #3166, #3138, #4699, #4648, #91, #1205, #1180, #2754, #4369, #2387, #1983, #3085, #3555, #43, #1601, #2311, #4722 ),
 ( #471, #2698, #2778, #3960, #4266, #749, #2856, #2465, #4037, #875, #1700, #3682, #3737, #1341, #2086, #1310, #170, #1367, #4493, #1646, #571, #494, #4090, #4445, #3320, #926, #4116, #2496, #4772, #2134, #976, #548, #599, #2519, #1725, #3657 ) ),
 .UNSPECIFIED., .F., .F., .F.,
 ( 2, 2 ),
 ( 4, 2, 2, 2, 2, 2, 2, 2, 2, 2, 2, 2, 2, 2, 2, 2, 2, 4 ),
 ( 0.000000000000000000, 1.000000000000000000 ),
 ( 0.000000000000000000, 0.0002026011628623817097, 0.0004052023257247634193, 0.0006078034885871451019, 0.0007091040700183359703, 0.0008104046514495268387, 0.001215606977174290204, 0.001418208140036671941, 0.001620809302899053677, 0.001823410465761435197, 0.002026011628623816934, 0.002431213954348580408, 0.002633815117210962144, 0.002836416280073343881, 0.002937716861504534750, 0.003039017442935725618, 0.003140318024366916486, 0.003241618605798107355 ),
 .UNSPECIFIED. ) ;
#721 = CARTESIAN_POINT ( 'NONE',  ( -5.504746480520169349, 33.34525351947990401, -2.230748187900723600 ) ) ;
#722 = ORIENTED_EDGE ( 'NONE', *, *, #2678, .T. ) ;
#723 = FACE_BOUND ( 'NONE', #3632, .T. ) ;
#724 = DIRECTION ( 'NONE',  ( -0.000000000000000000, -0.000000000000000000, -1.000000000000000000 ) ) ;
#725 = CARTESIAN_POINT ( 'NONE',  ( 7.709905377178344565, 13.96614030593144840, 0.8115043506862136269 ) ) ;
#726 = LINE ( 'NONE', #4346, #3129 ) ;
#727 = ORIENTED_EDGE ( 'NONE', *, *, #1713, .T. ) ;
#728 = ORIENTED_EDGE ( 'NONE', *, *, #1014, .F. ) ;
#729 = DIRECTION ( 'NONE',  ( 0.000000000000000000, 0.000000000000000000, -1.000000000000000000 ) ) ;
#730 = DIRECTION ( 'NONE',  ( 0.000000000000000000, 0.000000000000000000, -1.000000000000000000 ) ) ;
#731 = DIRECTION ( 'NONE',  ( 1.000000000000000000, 0.000000000000000000, 0.000000000000000000 ) ) ;
#732 = CARTESIAN_POINT ( 'NONE',  ( 0.000000000000000000, 0.000000000000000000, -2.750000000000009326 ) ) ;
#733 = EDGE_CURVE ( 'NONE', #1531, #4839, #4545, .T. ) ;
#734 = ORIENTED_EDGE ( 'NONE', *, *, #2146, .T. ) ;
#735 = ADVANCED_FACE ( 'NONE', ( #1338 ), #2908, .F. ) ;
#736 = CARTESIAN_POINT ( 'NONE',  ( -3.000000000000001776, 34.75580204602314893, 8.027833777258685188 ) ) ;
#737 = PLANE ( 'NONE',  #3478 ) ;
#738 = DIRECTION ( 'NONE',  ( -0.7071067811865603403, 8.659560562355090630E-17, 0.7071067811865345831 ) ) ;
#739 = ORIENTED_EDGE ( 'NONE', *, *, #4486, .F. ) ;
#740 = VERTEX_POINT ( 'NONE', #2209 ) ;
#741 = CARTESIAN_POINT ( 'NONE',  ( 2.853162359957106098, 35.73069100561600919, 7.425050389933389283 ) ) ;
#742 = CIRCLE ( 'NONE', #3119, 2.750000000000009326 ) ;
#743 = CARTESIAN_POINT ( 'NONE',  ( -3.000000000000001332, 34.50000077093639561, 8.977364108362145600 ) ) ;
#744 = VECTOR ( 'NONE', #4515, 1000.000000000000114 ) ;
#745 = ORIENTED_EDGE ( 'NONE', *, *, #1021, .T. ) ;
#746 = EDGE_CURVE ( 'NONE', #3235, #4689, #193, .T. ) ;
#747 = CARTESIAN_POINT ( 'NONE',  ( 7.786229018831598125, 13.75042525032742446, -0.5798589777391939259 ) ) ;
#748 = VECTOR ( 'NONE', #4, 999.9999999999998863 ) ;
#749 = CARTESIAN_POINT ( 'NONE',  ( -2.625037999814104683, 35.36166272145664635, 7.928576107614944135 ) ) ;
#750 = CARTESIAN_POINT ( 'NONE',  ( 7.502321588109416517, 13.62881664869443021, 0.9412035741178681469 ) ) ;
#751 = CARTESIAN_POINT ( 'NONE',  ( -5.954799646340020125, 32.89520035366003015, 1.985245467005646969 ) ) ;
#752 = EDGE_CURVE ( 'NONE', #2406, #2042, #3318, .T. ) ;
#753 = ORIENTED_EDGE ( 'NONE', *, *, #1645, .T. ) ;
#754 = PLANE ( 'NONE',  #3962 ) ;
#755 = CARTESIAN_POINT ( 'NONE',  ( 7.483887251139224261, 24.40113786340052471, -0.9649159910925512174 ) ) ;
#756 = AXIS2_PLACEMENT_3D ( 'NONE', #239, #1411, #2126 ) ;
#757 = CYLINDRICAL_SURFACE ( 'NONE', #1398, 1.350000000000000533 ) ;
#758 = CARTESIAN_POINT ( 'NONE',  ( -3.833333333333332593, 58.00000000000000000, 6.446359868604570664 ) ) ;
#759 = VERTEX_POINT ( 'NONE', #1388 ) ;
#760 = AXIS2_PLACEMENT_3D ( 'NONE', #3015, #2264, #1857 ) ;
#761 = B_SPLINE_SURFACE_WITH_KNOTS ( 'NONE', 1, 3, ( 
 ( #4044, #4095, #554, #882, #2116, #175, #1733, #3297, #1348, #4476, #2917, #576, #2140, #203, #1764, #1834, #2240, #1881 ),
 ( #5004, #3480, #3836, #1496, #4978, #1808, #1008, #1106, #4173, #3451, #2653, #3375, #5031, #654, #4150, #4628, #4526, #4223 ) ),
 .UNSPECIFIED., .F., .F., .F.,
 ( 2, 2 ),
 ( 4, 2, 2, 2, 2, 2, 2, 2, 4 ),
 ( 0.000000000000000000, 1.000000000000000000 ),
 ( 3.223166304167751850, 3.409319138694869800, 3.595471973221987305, 3.781624807749104811, 3.967777642276222316, 4.153930476803339822, 4.340083311330457327, 4.526236145857574833, 4.712388980384692339 ),
 .UNSPECIFIED. ) ;
#762 = CARTESIAN_POINT ( 'NONE',  ( -3.000000000000001332, 34.72923556460597894, 8.076141003662902662 ) ) ;
#763 = DIRECTION ( 'NONE',  ( -0.7071067811865474617, -0.7071067811865474617, 0.000000000000000000 ) ) ;
#764 = TOROIDAL_SURFACE ( 'NONE', #3808, 4.999999999999999112, 2.000000000000000000 ) ;
#765 = CARTESIAN_POINT ( 'NONE',  ( 2.666131856178619142, 8.416131856178635573, 14.93118593202859756 ) ) ;
#766 = VERTEX_POINT ( 'NONE', #1364 ) ;
#767 = ORIENTED_EDGE ( 'NONE', *, *, #1473, .T. ) ;
#768 = CARTESIAN_POINT ( 'NONE',  ( 2.860676877887441627, 35.74123915487360392, 7.412946134450053570 ) ) ;
#769 = CIRCLE ( 'NONE', #780, 2.999999999999998668 ) ;
#770 = LINE ( 'NONE', #675, #4029 ) ;
#771 = ORIENTED_EDGE ( 'NONE', *, *, #315, .T. ) ;
#772 = CARTESIAN_POINT ( 'NONE',  ( -5.773791843645592614, 32.81472388526785267, 2.252615015540350374 ) ) ;
#773 = ORIENTED_EDGE ( 'NONE', *, *, #2228, .F. ) ;
#774 = CARTESIAN_POINT ( 'NONE',  ( 7.429144959918185798, 13.50990462788368873, -1.070247903521226229 ) ) ;
#775 = CARTESIAN_POINT ( 'NONE',  ( -3.001896672019897405, 34.78655706326025410, 7.976520398880431628 ) ) ;
#776 = CARTESIAN_POINT ( 'NONE',  ( 7.786229018831591908, 13.75042525032743335, 0.5798589777391940370 ) ) ;
#777 = B_SPLINE_CURVE_WITH_KNOTS ( 'NONE', 1,
 ( #401, #1551 ),
 .UNSPECIFIED., .F., .F.,
 ( 2, 2 ),
 ( 0.000000000000000000, 1.000000000000000000 ),
 .UNSPECIFIED. ) ;
#778 = DIRECTION ( 'NONE',  ( -1.000000000000000000, 0.000000000000000000, 0.000000000000000000 ) ) ;
#779 = ORIENTED_EDGE ( 'NONE', *, *, #4395, .T. ) ;
#780 = AXIS2_PLACEMENT_3D ( 'NONE', #1214, #1582, #3995 ) ;
#781 = ORIENTED_EDGE ( 'NONE', *, *, #3924, .T. ) ;
#782 = CARTESIAN_POINT ( 'NONE',  ( 0.000000000000000000, 57.50000000000002842, 0.000000000000000000 ) ) ;
#783 = CARTESIAN_POINT ( 'NONE',  ( -5.984070114664664430, 32.53435129595328590, -2.202897350369398488 ) ) ;
#784 = EDGE_CURVE ( 'NONE', #3206, #1337, #1674, .T. ) ;
#785 = CARTESIAN_POINT ( 'NONE',  ( 0.000000000000000000, 58.00000000000000000, -7.000000000000032863 ) ) ;
#786 = CARTESIAN_POINT ( 'NONE',  ( 7.867254451614855704, 23.93284705649379518, 0.7166666666666672292 ) ) ;
#787 = ORIENTED_EDGE ( 'NONE', *, *, #660, .T. ) ;
#788 = DIRECTION ( 'NONE',  ( -0.000000000000000000, 0.000000000000000000, -1.000000000000000000 ) ) ;
#789 = CARTESIAN_POINT ( 'NONE',  ( -6.049999999999998934, 17.55355339059321906, 2.200000000000000178 ) ) ;
#790 = LINE ( 'NONE', #1558, #2383 ) ;
#791 = ORIENTED_EDGE ( 'NONE', *, *, #4421, .T. ) ;
#792 = ORIENTED_EDGE ( 'NONE', *, *, #1878, .T. ) ;
#793 = CARTESIAN_POINT ( 'NONE',  ( 3.452615160860172949, 36.46988355721881447, 6.738508673247994629 ) ) ;
#794 = DIRECTION ( 'NONE',  ( -0.000000000000000000, -1.000000000000000000, -0.000000000000000000 ) ) ;
#795 = ORIENTED_EDGE ( 'NONE', *, *, #384, .F. ) ;
#796 = CARTESIAN_POINT ( 'NONE',  ( -5.739230668774631283, 32.86080150408704270, 2.267297754330508841 ) ) ;
#797 = EDGE_CURVE ( 'NONE', #4479, #1429, #901, .T. ) ;
#798 = PLANE ( 'NONE',  #2072 ) ;
#799 = LINE ( 'NONE', #3930, #1009 ) ;
#800 = CARTESIAN_POINT ( 'NONE',  ( -2.299999999999998934, 58.00000000000000000, 3.867815921162743198 ) ) ;
#801 = DIRECTION ( 'NONE',  ( 0.7071067811865482389, 8.659560562354941486E-17, -0.7071067811865469066 ) ) ;
#802 = CARTESIAN_POINT ( 'NONE',  ( 0.000000000000000000, 58.00000000000000000, 4.700000000000017053 ) ) ;
#803 = ORIENTED_EDGE ( 'NONE', *, *, #3104, .T. ) ;
#804 = CARTESIAN_POINT ( 'NONE',  ( -5.300000000000001599, 16.55355339059321196, -2.950000000000000622 ) ) ;
#805 = CARTESIAN_POINT ( 'NONE',  ( -5.784995648349060104, 32.79978360322849795, -2.248271212213851289 ) ) ;
#806 = CARTESIAN_POINT ( 'NONE',  ( -3.000000000000002665, 0.5000000000000073275, 18.75000000000000355 ) ) ;
#807 = VERTEX_POINT ( 'NONE', #4951 ) ;
#808 = CARTESIAN_POINT ( 'NONE',  ( -5.300000000000000711, 57.50000000000002842, -3.867815921162741866 ) ) ;
#809 = ORIENTED_EDGE ( 'NONE', *, *, #4500, .T. ) ;
#810 = EDGE_CURVE ( 'NONE', #4568, #4329, #2957, .T. ) ;
#811 = CARTESIAN_POINT ( 'NONE',  ( -6.226776695296639019, 17.37677669529658786, -1.949999999999999956 ) ) ;
#812 = CARTESIAN_POINT ( 'NONE',  ( -5.716109029451916790, 17.10837792390936229, 2.277973800722493003 ) ) ;
#813 = CARTESIAN_POINT ( 'NONE',  ( -3.811247652502704142, 36.87543298181341100, 6.463945813713983135 ) ) ;
#814 = ORIENTED_EDGE ( 'NONE', *, *, #57, .F. ) ;
#815 = ORIENTED_EDGE ( 'NONE', *, *, #2728, .T. ) ;
#816 = EDGE_CURVE ( 'NONE', #1137, #4184, #4517, .T. ) ;
#817 = DIRECTION ( 'NONE',  ( -0.7071067811865469066, 0.7071067811865482389, 0.000000000000000000 ) ) ;
#818 = AXIS2_PLACEMENT_3D ( 'NONE', #648, #2130, #3780 ) ;
#819 = DIRECTION ( 'NONE',  ( -1.000000000000000000, -0.000000000000000000, -0.000000000000000000 ) ) ;
#820 = EDGE_LOOP ( 'NONE', ( #3365, #3508 ) ) ;
#821 = CARTESIAN_POINT ( 'NONE',  ( -5.992771529281614384, 32.52275118356180172, 2.202007586715254206 ) ) ;
#822 = DIRECTION ( 'NONE',  ( 0.000000000000000000, 0.000000000000000000, -1.000000000000000000 ) ) ;
#823 = CARTESIAN_POINT ( 'NONE',  ( -3.036187842801998382, 34.98850464859919640, 7.694674130433611481 ) ) ;
#824 = CARTESIAN_POINT ( 'NONE',  ( 7.459710379483207809, 13.55957343467684950, 1.002310361214898915 ) ) ;
#825 = EDGE_CURVE ( 'NONE', #1772, #1051, #1968, .T. ) ;
#826 = PLANE ( 'NONE',  #425 ) ;
#827 = VERTEX_POINT ( 'NONE', #4144 ) ;
#828 = CIRCLE ( 'NONE', #105, 4.200000000000000178 ) ;
#829 = DIRECTION ( 'NONE',  ( -0.000000000000000000, -1.000000000000000000, -0.000000000000000000 ) ) ;
#830 = CARTESIAN_POINT ( 'NONE',  ( -5.537471632758657059, 33.12981396654874544, -2.401868200320180335 ) ) ;
#831 = CARTESIAN_POINT ( 'NONE',  ( 3.873808148869414048, 36.87233965844665562, 6.424933080038905509 ) ) ;
#832 = AXIS2_PLACEMENT_3D ( 'NONE', #527, #1702, #3423 ) ;
#833 = DIRECTION ( 'NONE',  ( -1.000000000000000000, -0.000000000000000000, -1.095509984775996541E-16 ) ) ;
#834 = ORIENTED_EDGE ( 'NONE', *, *, #1109, .F. ) ;
#835 = DIRECTION ( 'NONE',  ( 1.000000000000000000, 0.000000000000000000, 1.095509984775996541E-16 ) ) ;
#836 = VECTOR ( 'NONE', #1274, 1000.000000000000114 ) ;
#837 = CARTESIAN_POINT ( 'NONE',  ( -5.784995648209253716, 17.20021639658390455, 2.248271212266648167 ) ) ;
#838 = EDGE_CURVE ( 'NONE', #3620, #3640, #4166, .T. ) ;
#839 = CARTESIAN_POINT ( 'NONE',  ( -3.830460275177141494, 36.89877234312368159, 6.451043057009442805 ) ) ;
#840 = ORIENTED_EDGE ( 'NONE', *, *, #2826, .F. ) ;
#841 = ORIENTED_EDGE ( 'NONE', *, *, #235, .F. ) ;
#842 = LINE ( 'NONE', #2824, #274 ) ;
#843 = EDGE_CURVE ( 'NONE', #226, #3944, #625, .T. ) ;
#844 = CARTESIAN_POINT ( 'NONE',  ( 0.000000000000000000, 45.50000000000000000, 0.000000000000000000 ) ) ;
#845 = EDGE_LOOP ( 'NONE', ( #909, #2152, #973, #2044 ) ) ;
#847 = CARTESIAN_POINT ( 'NONE',  ( 2.532177022578304459, 35.05324969348616548, 8.678466942369411186 ) ) ;
#846 = AXIS2_PLACEMENT_3D ( 'NONE', #703, #2601, #4600 ) ;
#848 = FACE_OUTER_BOUND ( 'NONE', #1574, .T. ) ;
#849 = DIRECTION ( 'NONE',  ( 0.000000000000000000, -1.000000000000000000, 0.000000000000000000 ) ) ;
#850 = VECTOR ( 'NONE', #4833, 1000.000000000000000 ) ;
#851 = AXIS2_PLACEMENT_3D ( 'NONE', #2580, #2624, #3063 ) ;
#852 = DIRECTION ( 'NONE',  ( -1.095509984775996541E-16, 0.000000000000000000, 1.000000000000000000 ) ) ;
#853 = CARTESIAN_POINT ( 'NONE',  ( -2.499999999999993783, 35.00000000000000000, 9.165151389911681434 ) ) ;
#854 = ORIENTED_EDGE ( 'NONE', *, *, #566, .F. ) ;
#855 = ORIENTED_EDGE ( 'NONE', *, *, #1314, .F. ) ;
#856 = CARTESIAN_POINT ( 'NONE',  ( 7.985105581812618425, 13.94930181330844476, -0.5500000000000010436 ) ) ;
#857 = ADVANCED_FACE ( 'NONE', ( #1000 ), #4569, .F. ) ;
#858 = CARTESIAN_POINT ( 'NONE',  ( -5.943660458064875307, 32.58822818323741188, -2.207402649938659867 ) ) ;
#859 = CARTESIAN_POINT ( 'NONE',  ( 3.054041970013669172, 35.05853532184764987, 7.611725327227786941 ) ) ;
#860 = ORIENTED_EDGE ( 'NONE', *, *, #2261, .F. ) ;
#861 = DIRECTION ( 'NONE',  ( 0.000000000000000000, 1.000000000000000000, 0.000000000000000000 ) ) ;
#862 = ORIENTED_EDGE ( 'NONE', *, *, #235, .T. ) ;
#863 = EDGE_CURVE ( 'NONE', #3054, #1951, #243, .T. ) ;
#864 = CARTESIAN_POINT ( 'NONE',  ( -3.390672272707423662, 35.93637786108554621, 6.888638968114261907 ) ) ;
#865 = CARTESIAN_POINT ( 'NONE',  ( -5.910083712647094423, 17.36699846970921968, 2.213137711802902086 ) ) ;
#866 = CARTESIAN_POINT ( 'NONE',  ( -15.41219158730642214, 26.75000000000000355, 15.00000000000000178 ) ) ;
#867 = ORIENTED_EDGE ( 'NONE', *, *, #219, .F. ) ;
#868 = ORIENTED_EDGE ( 'NONE', *, *, #3975, .F. ) ;
#869 = DIRECTION ( 'NONE',  ( 1.156482317317871478E-16, 0.000000000000000000, -1.000000000000000000 ) ) ;
#870 = DIRECTION ( 'NONE',  ( 0.000000000000000000, -0.000000000000000000, 1.000000000000000000 ) ) ;
#871 = ORIENTED_EDGE ( 'NONE', *, *, #2034, .T. ) ;
#872 = DIRECTION ( 'NONE',  ( -0.5000000000000021094, -0.4999999999999962252, 0.7071067811865486830 ) ) ;
#873 = CYLINDRICAL_SURFACE ( 'NONE', #3628, 2.250000000000000000 ) ;
#874 = EDGE_CURVE ( 'NONE', #4242, #4510, #3366, .T. ) ;
#875 = CARTESIAN_POINT ( 'NONE',  ( -2.690778214376377875, 35.48335147022473279, 7.741746864261208394 ) ) ;
#876 = LINE ( 'NONE', #4038, #1317 ) ;
#877 = DIRECTION ( 'NONE',  ( 0.000000000000000000, 1.000000000000000000, 0.000000000000000000 ) ) ;
#878 = ORIENTED_EDGE ( 'NONE', *, *, #1818, .T. ) ;
#879 = ORIENTED_EDGE ( 'NONE', *, *, #259, .T. ) ;
#880 = EDGE_CURVE ( 'NONE', #4556, #2219, #1418, .T. ) ;
#881 = CARTESIAN_POINT ( 'NONE',  ( -5.592306728183925379, 16.94330334170881258, -2.355715985641043453 ) ) ;
#882 = CARTESIAN_POINT ( 'NONE',  ( 7.368931701076301799, 24.66687206742786742, 0.9891528432763053713 ) ) ;
#883 = CARTESIAN_POINT ( 'NONE',  ( 2.999999999999999556, 34.75710005609098374, 8.025723217575635005 ) ) ;
#884 = ORIENTED_EDGE ( 'NONE', *, *, #2151, .T. ) ;
#885 = DIRECTION ( 'NONE',  ( 7.746425390926770481E-17, -0.7071067811865489050, -0.7071067811865462405 ) ) ;
#886 = ORIENTED_EDGE ( 'NONE', *, *, #2166, .T. ) ;
#887 = FILL_AREA_STYLE_COLOUR ( '', #4612 ) ;
#888 = DIRECTION ( 'NONE',  ( 0.000000000000000000, 0.000000000000000000, -1.000000000000000000 ) ) ;
#889 = DIRECTION ( 'NONE',  ( 0.000000000000000000, 0.000000000000000000, -1.000000000000000000 ) ) ;
#890 = EDGE_CURVE ( 'NONE', #5021, #2129, #3035, .T. ) ;
#891 = ORIENTED_EDGE ( 'NONE', *, *, #3966, .T. ) ;
#892 = ORIENTED_EDGE ( 'NONE', *, *, #1168, .T. ) ;
#893 = CARTESIAN_POINT ( 'NONE',  ( 3.947368421052630971, 37.00000000000000711, 6.377168850554015833 ) ) ;
#894 = CARTESIAN_POINT ( 'NONE',  ( 7.758688736741822467, 14.04541326522209843, -0.8023168192436653801 ) ) ;
#895 = DIRECTION ( 'NONE',  ( -0.000000000000000000, -1.000000000000000000, -0.000000000000000000 ) ) ;
#896 = ORIENTED_EDGE ( 'NONE', *, *, #1021, .F. ) ;
#897 = DIRECTION ( 'NONE',  ( -1.095509984775996541E-16, 0.000000000000000000, 1.000000000000000000 ) ) ;
#898 = DIRECTION ( 'NONE',  ( 0.000000000000000000, 1.000000000000000000, -0.000000000000000000 ) ) ;
#899 = FACE_OUTER_BOUND ( 'NONE', #4387, .T. ) ;
#900 = EDGE_CURVE ( 'NONE', #99, #187, #1448, .T. ) ;
#901 = CIRCLE ( 'NONE', #1140, 4.200000000000000178 ) ;
#902 = DIRECTION ( 'NONE',  ( 7.746425390926770481E-17, -0.7071067811865489050, -0.7071067811865462405 ) ) ;
#903 = VERTEX_POINT ( 'NONE', #3256 ) ;
#904 = FACE_OUTER_BOUND ( 'NONE', #2365, .T. ) ;
#905 = AXIS2_PLACEMENT_3D ( 'NONE', #2369, #710, #429 ) ;
#906 = DIRECTION ( 'NONE',  ( 0.000000000000000000, -0.000000000000000000, 1.000000000000000000 ) ) ;
#907 = CARTESIAN_POINT ( 'NONE',  ( 3.767499102296875790, 36.68152555125389824, 6.502638039215240084 ) ) ;
#908 = EDGE_CURVE ( 'NONE', #672, #1234, #513, .T. ) ;
#909 = ORIENTED_EDGE ( 'NONE', *, *, #1254, .T. ) ;
#910 = CONICAL_SURFACE ( 'NONE', #3705, 1.599999999999998979, 0.7853981633974496113 ) ;
#911 = CARTESIAN_POINT ( 'NONE',  ( -3.000000000000002665, 33.75000000000000000, 18.75000000000000355 ) ) ;
#912 = CARTESIAN_POINT ( 'NONE',  ( 7.499999999999996447, 24.53580376850417366, 0.8000000000000000444 ) ) ;
#913 = AXIS2_PLACEMENT_3D ( 'NONE', #1232, #2806, #2419 ) ;
#914 = DIRECTION ( 'NONE',  ( 1.000000000000000000, 0.000000000000000000, 1.095509984775996541E-16 ) ) ;
#915 = ORIENTED_EDGE ( 'NONE', *, *, #633, .F. ) ;
#916 = ORIENTED_EDGE ( 'NONE', *, *, #503, .F. ) ;
#917 = DIRECTION ( 'NONE',  ( 0.000000000000000000, 0.000000000000000000, -1.000000000000000000 ) ) ;
#918 = FACE_OUTER_BOUND ( 'NONE', #3543, .T. ) ;
#919 = ADVANCED_FACE ( 'NONE', ( #4813 ), #538, .F. ) ;
#920 = CONICAL_SURFACE ( 'NONE', #2978, 1.599999999999998979, 0.7853981633974496113 ) ;
#921 = CARTESIAN_POINT ( 'NONE',  ( 2.449293598294707400E-16, 45.50000000000000000, 1.750000000000001554 ) ) ;
#922 = ORIENTED_EDGE ( 'NONE', *, *, #3234, .F. ) ;
#923 = DIRECTION ( 'NONE',  ( -1.095509984775996294E-16, 0.000000000000000000, 1.000000000000000000 ) ) ;
#924 = CARTESIAN_POINT ( 'NONE',  ( 3.926103334390208310, 36.97821501120560583, 6.390399194603250344 ) ) ;
#925 = AXIS2_PLACEMENT_3D ( 'NONE', #1807, #1080, #2991 ) ;
#926 = CARTESIAN_POINT ( 'NONE',  ( -3.537229293580312017, 36.56926301731103734, 6.666302753092250732 ) ) ;
#927 = CARTESIAN_POINT ( 'NONE',  ( -6.108925565098875410, 32.50537217450567340, 2.116666666666666252 ) ) ;
#928 = FACE_OUTER_BOUND ( 'NONE', #3538, .T. ) ;
#929 = ORIENTED_EDGE ( 'NONE', *, *, #4148, .F. ) ;
#930 = CARTESIAN_POINT ( 'NONE',  ( -5.953359724192455182, 17.42470208446819058, -2.206202566870138160 ) ) ;
#931 = VECTOR ( 'NONE', #1530, 1000.000000000000000 ) ;
#932 = AXIS2_PLACEMENT_3D ( 'NONE', #2862, #3743, #4829 ) ;
#933 = LINE ( 'NONE', #228, #4700 ) ;
#934 = CARTESIAN_POINT ( 'NONE',  ( 3.478962920617318932, 36.12081869657939848, 6.778877146188290403 ) ) ;
#935 = LINE ( 'NONE', #3949, #2971 ) ;
#936 = ORIENTED_EDGE ( 'NONE', *, *, #2664, .F. ) ;
#937 = AXIS2_PLACEMENT_3D ( 'NONE', #679, #2417, #1128 ) ;
#938 = DIRECTION ( 'NONE',  ( -1.000000000000000000, 0.000000000000000000, -0.000000000000000000 ) ) ;
#939 = DIRECTION ( 'NONE',  ( 0.3721614637823940086, 0.7071067811865466846, 0.6012452451997829517 ) ) ;
#940 = ADVANCED_FACE ( 'NONE', ( #3305 ), #4386, .T. ) ;
#941 = CARTESIAN_POINT ( 'NONE',  ( 7.412970461882263606, 13.48362106857532794, 1.139240506329114222 ) ) ;
#942 = DIRECTION ( 'NONE',  ( 0.000000000000000000, 0.7071067811865489050, 0.7071067811865462405 ) ) ;
#943 = DIRECTION ( 'NONE',  ( 0.000000000000000000, 0.000000000000000000, -1.000000000000000000 ) ) ;
#944 = ORIENTED_EDGE ( 'NONE', *, *, #3168, .F. ) ;
#945 = CARTESIAN_POINT ( 'NONE',  ( 0.000000000000000000, 57.49999999999998579, 4.200000000000000178 ) ) ;
#946 = CARTESIAN_POINT ( 'NONE',  ( -5.243657105274712293, 16.39365710527465225, -2.754555133482507134 ) ) ;
#947 = B_SPLINE_CURVE_WITH_KNOTS ( 'NONE', 3,
 ( #4661, #1095, #692, #5043 ),
 .UNSPECIFIED., .F., .F.,
 ( 4, 4 ),
 ( 0.000000000000000000, 1.000000000000000000 ),
 .UNSPECIFIED. ) ;
#948 = CARTESIAN_POINT ( 'NONE',  ( 2.999999999999997780, 33.75000000000000000, 15.00000000000000355 ) ) ;
#949 = ORIENTED_EDGE ( 'NONE', *, *, #2294, .F. ) ;
#950 = CARTESIAN_POINT ( 'NONE',  ( -5.299999999999998934, 33.44645147630656368, 2.884193457134742289 ) ) ;
#951 = CARTESIAN_POINT ( 'NONE',  ( 3.030634436383778940, 34.96361572763809988, 7.725624106168764271 ) ) ;
#952 = DIRECTION ( 'NONE',  ( 1.095509984775996541E-16, 0.000000000000000000, -1.000000000000000000 ) ) ;
#953 = CARTESIAN_POINT ( 'NONE',  ( 7.725117702636466355, 13.99086371370396620, 0.8087377933647141859 ) ) ;
#954 = ADVANCED_FACE ( 'NONE', ( #2532 ), #1063, .F. ) ;
#955 = EDGE_CURVE ( 'NONE', #4329, #3257, #1324, .T. ) ;
#956 = VERTEX_POINT ( 'NONE', #2021 ) ;
#957 = CARTESIAN_POINT ( 'NONE',  ( -5.878613864041673409, 17.32504012225889056, -2.219817186636101169 ) ) ;
#958 = DIRECTION ( 'NONE',  ( 0.000000000000000000, 1.000000000000000000, 0.000000000000000000 ) ) ;
#959 = DIRECTION ( 'NONE',  ( -0.000000000000000000, -1.000000000000000000, -0.000000000000000000 ) ) ;
#960 = LINE ( 'NONE', #4714, #1075 ) ;
#961 = ORIENTED_EDGE ( 'NONE', *, *, #5029, .T. ) ;
#962 = CARTESIAN_POINT ( 'NONE',  ( -15.41219158730642214, 5.000000000000000888, 15.00000000000000178 ) ) ;
#963 =( LENGTH_UNIT ( ) NAMED_UNIT ( * ) SI_UNIT ( .MILLI., .METRE. ) );
#964 = DIRECTION ( 'NONE',  ( 0.000000000000000000, 0.000000000000000000, -1.000000000000000000 ) ) ;
#965 = CARTESIAN_POINT ( 'NONE',  ( -5.300000000000000711, 33.47849154485408718, -2.741359273843977373 ) ) ;
#966 = EDGE_CURVE ( 'NONE', #3143, #563, #2482, .T. ) ;
#967 = LINE ( 'NONE', #2150, #1431 ) ;
#968 = ORIENTED_EDGE ( 'NONE', *, *, #1854, .F. ) ;
#969 = CARTESIAN_POINT ( 'NONE',  ( 2.999999999999997335, 22.29289321881348584, 18.75000000000000355 ) ) ;
#970 = CARTESIAN_POINT ( 'NONE',  ( -5.998457895430076903, 17.48483058449998850, -2.199995981754977681 ) ) ;
#971 = DIRECTION ( 'NONE',  ( -0.000000000000000000, 1.000000000000000000, -0.000000000000000000 ) ) ;
#972 = EDGE_CURVE ( 'NONE', #2747, #4778, #2123, .T. ) ;
#973 = ORIENTED_EDGE ( 'NONE', *, *, #3861, .F. ) ;
#974 = CARTESIAN_POINT ( 'NONE',  ( 0.000000000000000000, 0.5000000000000073275, 0.000000000000000000 ) ) ;
#975 = CARTESIAN_POINT ( 'NONE',  ( 3.163015760745281568, 35.39083677651220938, 7.285699171708816202 ) ) ;
#976 = CARTESIAN_POINT ( 'NONE',  ( -3.704357524080030384, 36.75450991424144576, 6.538628801839784010 ) ) ;
#977 = CARTESIAN_POINT ( 'NONE',  ( 2.499999999999992895, 1.750000000000001110, 18.25000000000001066 ) ) ;
#978 = CARTESIAN_POINT ( 'NONE',  ( 2.999999999999999556, 34.60033466487828946, 8.430266488689438731 ) ) ;
#979 = ORIENTED_EDGE ( 'NONE', *, *, #2473, .T. ) ;
#980 = CARTESIAN_POINT ( 'NONE',  ( -5.931493148980092833, 17.39554846007523636, -2.209241373240995010 ) ) ;
#981 = FACE_OUTER_BOUND ( 'NONE', #4019, .T. ) ;
#982 = EDGE_CURVE ( 'NONE', #2049, #3899, #3695, .T. ) ;
#983 = VECTOR ( 'NONE', #2251, 1000.000000000000000 ) ;
#984 = DIRECTION ( 'NONE',  ( -0.000000000000000000, -1.000000000000000000, -0.000000000000000000 ) ) ;
#985 = CARTESIAN_POINT ( 'NONE',  ( -3.079036010583291461, 36.03057472136198669, 7.112699228388814632 ) ) ;
#986 = VERTEX_POINT ( 'NONE', #2509 ) ;
#987 = PLANE ( 'NONE',  #4298 ) ;
#988 = AXIS2_PLACEMENT_3D ( 'NONE', #16, #2725, #1545 ) ;
#989 = DIRECTION ( 'NONE',  ( 0.000000000000000000, 1.000000000000000000, 0.000000000000000000 ) ) ;
#990 = CARTESIAN_POINT ( 'NONE',  ( 0.000000000000000000, 48.50000000000000000, 0.000000000000000000 ) ) ;
#991 = CARTESIAN_POINT ( 'NONE',  ( -3.834514180551884088, 36.90389549811483505, 6.448345651070820139 ) ) ;
#992 = VECTOR ( 'NONE', #220, 1000.000000000000000 ) ;
#993 = DIRECTION ( 'NONE',  ( -0.7071067811865475727, -0.7071067811865474617, -9.185433182841438638E-17 ) ) ;
#994 = EDGE_LOOP ( 'NONE', ( #862, #2026, #5034, #3922 ) ) ;
#995 = CARTESIAN_POINT ( 'NONE',  ( -4.799999999999993605, 0.000000000000000000, -3.867815921162741866 ) ) ;
#996 = AXIS2_PLACEMENT_3D ( 'NONE', #4447, #877, #4067 ) ;
#997 = CARTESIAN_POINT ( 'NONE',  ( -5.259454983417849228, 16.40945498341778475, -2.687299543487197795 ) ) ;
#998 = DIRECTION ( 'NONE',  ( -1.095509984775996541E-16, 0.000000000000000000, 1.000000000000000000 ) ) ;
#999 = ORIENTED_EDGE ( 'NONE', *, *, #874, .F. ) ;
#1000 = FACE_OUTER_BOUND ( 'NONE', #405, .T. ) ;
#1001 = CARTESIAN_POINT ( 'NONE',  ( 3.936809769026404560, 36.98919867015614216, 6.383704270005726045 ) ) ;
#1002 = EDGE_CURVE ( 'NONE', #1638, #1559, #3204, .T. ) ;
#1003 = VECTOR ( 'NONE', #522, 999.9999999999998863 ) ;
#1004 = CARTESIAN_POINT ( 'NONE',  ( 0.000000000000000000, 45.50000000000000000, 0.000000000000000000 ) ) ;
#1005 = CARTESIAN_POINT ( 'NONE',  ( 2.540143987878174858, 35.08026773190263725, 8.565826647940902205 ) ) ;
#1006 = EDGE_LOOP ( 'NONE', ( #2137, #54, #1409, #3393, #3589 ) ) ;
#1007 = CARTESIAN_POINT ( 'NONE',  ( -1.734723475976807094E-15, 33.25000000000000000, 15.00000000000000355 ) ) ;
#1008 = CARTESIAN_POINT ( 'NONE',  ( 7.472674940800715149, 24.41935915318224559, 0.9810194404673705515 ) ) ;
#1009 = VECTOR ( 'NONE', #4265, 999.9999999999998863 ) ;
#1010 = CARTESIAN_POINT ( 'NONE',  ( -5.657132940464314252, 17.02973064454564067, 2.309053775980606016 ) ) ;
#1011 = CARTESIAN_POINT ( 'NONE',  ( -3.357005604809406574, 36.36451449552901494, 6.822034616458672041 ) ) ;
#1012 = EDGE_LOOP ( 'NONE', ( #3564, #602, #2433, #207 ) ) ;
#1013 = DIRECTION ( 'NONE',  ( 0.000000000000000000, 1.000000000000000000, -0.000000000000000000 ) ) ;
#1014 = EDGE_CURVE ( 'NONE', #356, #226, #1879, .T. ) ;
#1015 = AXIS2_PLACEMENT_3D ( 'NONE', #4052, #4864, #2947 ) ;
#1016 = CARTESIAN_POINT ( 'NONE',  ( 7.675331786125481948, 13.90995866336086451, -0.8227055670174255875 ) ) ;
#1017 = DIRECTION ( 'NONE',  ( -0.000000000000000000, -1.000000000000000000, -0.000000000000000000 ) ) ;
#1019 = VECTOR ( 'NONE', #2984, 1000.000000000000000 ) ;
#1018 = CARTESIAN_POINT ( 'NONE',  ( -11.09999999999999787, 22.25000000000000355, -1.949999999999999956 ) ) ;
#1020 = DIRECTION ( 'NONE',  ( 0.5773502691896262862, -0.5773502691896292838, 0.5773502691896217343 ) ) ;
#1021 = EDGE_CURVE ( 'NONE', #3142, #4154, #4914, .T. ) ;
#1022 = ORIENTED_EDGE ( 'NONE', *, *, #3075, .T. ) ;
#1023 = CARTESIAN_POINT ( 'NONE',  ( 10.53580376850417188, 16.50000000000000000, 0.5499999999999998224 ) ) ;
#1024 = CARTESIAN_POINT ( 'NONE',  ( -5.333717501960840046, 16.48371750196078267, -2.494842772976575418 ) ) ;
#1025 = CYLINDRICAL_SURFACE ( 'NONE', #339, 7.499999999999998224 ) ;
#1026 = CONICAL_SURFACE ( 'NONE', #2322, 2.250000000000000000, 0.7853981633974435050 ) ;
#1027 = ORIENTED_EDGE ( 'NONE', *, *, #628, .T. ) ;
#1028 = DIRECTION ( 'NONE',  ( 0.7071067811865479058, -0.7071067811865471286, 0.000000000000000000 ) ) ;
#1029 = CARTESIAN_POINT ( 'NONE',  ( 2.777960534069633614, 35.62148077301220894, 7.556324371578760690 ) ) ;
#1030 = DIRECTION ( 'NONE',  ( 1.000000000000000000, 0.000000000000000000, 0.000000000000000000 ) ) ;
#1031 = DIRECTION ( 'NONE',  ( 0.000000000000000000, 0.000000000000000000, -1.000000000000000000 ) ) ;
#1032 = CARTESIAN_POINT ( 'NONE',  ( 2.999999999999999112, 34.65863297696700585, 8.252107330133034324 ) ) ;
#1033 = EDGE_CURVE ( 'NONE', #443, #2589, #159, .T. ) ;
#1034 = FACE_OUTER_BOUND ( 'NONE', #3096, .T. ) ;
#1035 = CARTESIAN_POINT ( 'NONE',  ( 2.499999999999986677, 12.00000000000001776, 18.75000000000000355 ) ) ;
#1036 = LINE ( 'NONE', #4882, #4109 ) ;
#1037 = CARTESIAN_POINT ( 'NONE',  ( -3.321426887314702814, 36.32314805556055859, 6.855432315684289790 ) ) ;
#1038 = ADVANCED_FACE ( 'NONE', ( #1715, #4079 ), #3999, .T. ) ;
#1039 = ORIENTED_EDGE ( 'NONE', *, *, #2344, .F. ) ;
#1040 = CARTESIAN_POINT ( 'NONE',  ( -3.000000000000002220, 30.00000000000000355, 13.40000000000000391 ) ) ;
#1041 = CARTESIAN_POINT ( 'NONE',  ( 7.743049115837396634, 14.01999936824330106, -0.8053528749517283591 ) ) ;
#1042 = B_SPLINE_CURVE_WITH_KNOTS ( 'NONE', 1,
 ( #1522, #4553 ),
 .UNSPECIFIED., .F., .F.,
 ( 2, 2 ),
 ( 0.000000000000000000, 1.000000000000000000 ),
 .UNSPECIFIED. ) ;
#1043 = DIRECTION ( 'NONE',  ( -0.000000000000000000, -1.000000000000000000, -0.000000000000000000 ) ) ;
#1044 = DIRECTION ( 'NONE',  ( -0.000000000000000000, -0.000000000000000000, -1.000000000000000000 ) ) ;
#1045 = DIRECTION ( 'NONE',  ( 0.000000000000000000, 0.000000000000000000, -1.000000000000000000 ) ) ;
#1046 = VERTEX_POINT ( 'NONE', #4987 ) ;
#1047 = CARTESIAN_POINT ( 'NONE',  ( 7.685943309287845970, 24.07279805439066322, -0.8183747555353442227 ) ) ;
#1048 = DIRECTION ( 'NONE',  ( -0.7071067811865476838, 0.7071067811865473507, -7.746425390926787738E-17 ) ) ;
#1049 = ADVANCED_FACE ( 'NONE', ( #3772 ), #4020, .F. ) ;
#1050 = DIRECTION ( 'NONE',  ( 0.000000000000000000, 0.000000000000000000, 1.000000000000000000 ) ) ;
#1051 = VERTEX_POINT ( 'NONE', #587 ) ;
#1052 = CARTESIAN_POINT ( 'NONE',  ( 2.999999999999997335, 35.00000000000000000, 18.75000000000000355 ) ) ;
#1053 = CARTESIAN_POINT ( 'NONE',  ( 2.711225695149790393, 35.51676056970153184, 7.694464011305030660 ) ) ;
#1054 = CARTESIAN_POINT ( 'NONE',  ( -10.84999999999999787, 22.35355339059327662, 2.200000000000000178 ) ) ;
#1055 = CARTESIAN_POINT ( 'NONE',  ( 7.483887251137437246, 13.59886213659615528, 0.9649159910947412433 ) ) ;
#1056 = CARTESIAN_POINT ( 'NONE',  ( 7.412970461882263606, 58.00000000000000000, -1.139240506329114222 ) ) ;
#1057 = DIRECTION ( 'NONE',  ( 0.000000000000000000, 0.7071067811865439090, 0.7071067811865512365 ) ) ;
#1058 = EDGE_CURVE ( 'NONE', #2899, #4347, #1794, .T. ) ;
#1059 = CARTESIAN_POINT ( 'NONE',  ( -5.539103278005017117, 16.68910327800496418, 2.220734550897475845 ) ) ;
#1060 = CARTESIAN_POINT ( 'NONE',  ( -3.678107570603175169, 36.72550051395884196, 6.557873170965824450 ) ) ;
#1061 = CARTESIAN_POINT ( 'NONE',  ( -6.049999999999998934, 32.44644660940678449, 2.200000000000000178 ) ) ;
#1062 = CARTESIAN_POINT ( 'NONE',  ( 7.679529295024620339, 13.91678268820356479, -0.8212627087177593044 ) ) ;
#1063 = CONICAL_SURFACE ( 'NONE', #332, 3.249999999999999556, 0.7853981633974488341 ) ;
#1064 = DIRECTION ( 'NONE',  ( 0.000000000000000000, 1.000000000000000000, 0.000000000000000000 ) ) ;
#1065 = EDGE_CURVE ( 'NONE', #827, #563, #1865, .T. ) ;
#1066 = CARTESIAN_POINT ( 'NONE',  ( -9.899999999999996803, 25.00000000000000000, -1.950000000000007727 ) ) ;
#1067 = AXIS2_PLACEMENT_3D ( 'NONE', #4823, #2388, #1311 ) ;
#1068 = CARTESIAN_POINT ( 'NONE',  ( 2.999999999999998224, 34.49999999999999289, 9.165151389911681434 ) ) ;
#1069 = ORIENTED_EDGE ( 'NONE', *, *, #3494, .T. ) ;
#1070 = CARTESIAN_POINT ( 'NONE',  ( 7.985105581812618425, 24.05069818669155524, -0.5500000000000000444 ) ) ;
#1071 = FACE_OUTER_BOUND ( 'NONE', #520, .T. ) ;
#1072 = AXIS2_PLACEMENT_3D ( 'NONE', #4873, #3314, #998 ) ;
#1073 = CARTESIAN_POINT ( 'NONE',  ( 7.500000000000000000, 13.46419623149582634, 0.7673672027782441063 ) ) ;
#1074 = EDGE_LOOP ( 'NONE', ( #4529, #916, #457, #2788 ) ) ;
#1075 = VECTOR ( 'NONE', #1220, 1000.000000000000000 ) ;
#1076 = CARTESIAN_POINT ( 'NONE',  ( -10.84999999999999787, 22.25000000000000355, 2.200000000000000178 ) ) ;
#1077 = EDGE_CURVE ( 'NONE', #4221, #4329, #1390, .T. ) ;
#1078 = CARTESIAN_POINT ( 'NONE',  ( -5.358282214225596363, 33.36873699043933073, -2.655580072993555252 ) ) ;
#1079 = ORIENTED_EDGE ( 'NONE', *, *, #2506, .F. ) ;
#1080 = DIRECTION ( 'NONE',  ( 0.000000000000000000, -1.000000000000000000, 0.000000000000000000 ) ) ;
#1081 = CARTESIAN_POINT ( 'NONE',  ( 7.412970461882263606, 13.48362106857649323, -1.139240506329114222 ) ) ;
#1082 = LINE ( 'NONE', #3909, #2295 ) ;
#1083 = CIRCLE ( 'NONE', #1748, 3.249999999999999556 ) ;
#1084 = CARTESIAN_POINT ( 'NONE',  ( -2.689793110323396519, 35.48213132472559295, 7.742891395204734906 ) ) ;
#1085 = VERTEX_POINT ( 'NONE', #638 ) ;
#1086 = CARTESIAN_POINT ( 'NONE',  ( 7.800457950381809447, 14.11328823738709204, -0.8000000000000002665 ) ) ;
#1087 = AXIS2_PLACEMENT_3D ( 'NONE', #2731, #3531, #4375 ) ;
#1088 = DIRECTION ( 'NONE',  ( -0.000000000000000000, 1.000000000000000000, -0.000000000000000000 ) ) ;
#1089 = CARTESIAN_POINT ( 'NONE',  ( 7.985105581812616649, 24.05069818669155168, -0.5499999999999998224 ) ) ;
#1090 = AXIS2_PLACEMENT_3D ( 'NONE', #4078, #4131, #614 ) ;
#1091 = CARTESIAN_POINT ( 'NONE',  ( 2.833333333333329040, 34.66666666666666430, 9.165151389911681434 ) ) ;
#1092 = VERTEX_POINT ( 'NONE', #3024 ) ;
#1093 = EDGE_CURVE ( 'NONE', #1466, #4568, #4965, .T. ) ;
#1094 = CARTESIAN_POINT ( 'NONE',  ( 7.437945024917563153, 24.47579526649236925, -1.046925339143971678 ) ) ;
#1095 = CARTESIAN_POINT ( 'NONE',  ( -3.882053351141121933, 36.91991291509723538, 6.417614836197283346 ) ) ;
#1096 = CIRCLE ( 'NONE', #4866, 1.600000000000005862 ) ;
#1097 = AXIS2_PLACEMENT_3D ( 'NONE', #3992, #477, #97 ) ;
#1098 = DIRECTION ( 'NONE',  ( -0.000000000000000000, -1.000000000000000000, -0.000000000000000000 ) ) ;
#1099 = ORIENTED_EDGE ( 'NONE', *, *, #4153, .T. ) ;
#1100 = EDGE_LOOP ( 'NONE', ( #3703, #1436, #4392, #3711 ) ) ;
#1101 = AXIS2_PLACEMENT_3D ( 'NONE', #1446, #4169, #1030 ) ;
#1102 = CARTESIAN_POINT ( 'NONE',  ( 0.000000000000000000, 49.00000000000001421, 0.000000000000000000 ) ) ;
#1103 = CARTESIAN_POINT ( 'NONE',  ( -5.302311999700155987, 33.44336394313991434, -3.008844321795884902 ) ) ;
#1104 = ORIENTED_EDGE ( 'NONE', *, *, #409, .T. ) ;
#1105 = DIRECTION ( 'NONE',  ( 0.000000000000000000, -1.000000000000000000, 0.000000000000000000 ) ) ;
#1106 = CARTESIAN_POINT ( 'NONE',  ( 7.502321588109416517, 24.37118335130561420, 0.9412035741178672588 ) ) ;
#1107 = ADVANCED_FACE ( 'NONE', ( #4941 ), #687, .F. ) ;
#1108 = CARTESIAN_POINT ( 'NONE',  ( 7.347592192732688154, 13.31178842422851893, 1.066945674463626981 ) ) ;
#1109 = EDGE_CURVE ( 'NONE', #3980, #2204, #577, .T. ) ;
#1110 = DIRECTION ( 'NONE',  ( -1.000000000000000000, -0.000000000000000000, -1.095509984775996541E-16 ) ) ;
#1111 = ORIENTED_EDGE ( 'NONE', *, *, #2416, .F. ) ;
#1112 = CARTESIAN_POINT ( 'NONE',  ( 7.757096421529422692, 14.04282786756988344, -0.8032188499291391670 ) ) ;
#1113 = CARTESIAN_POINT ( 'NONE',  ( -11.09999999999999787, 27.75000000000000000, 2.200000000000000178 ) ) ;
#1114 = CARTESIAN_POINT ( 'NONE',  ( -3.000000000000002220, 5.000000000000000888, 13.40000000000000391 ) ) ;
#1115 = DIRECTION ( 'NONE',  ( 8.659560562354948882E-17, 0.7071067811865463515, -0.7071067811865487940 ) ) ;
#1116 = ORIENTED_EDGE ( 'NONE', *, *, #4913, .T. ) ;
#1117 = CARTESIAN_POINT ( 'NONE',  ( 7.711088805464472173, 24.32471496303969616, -0.6092025888059479088 ) ) ;
#1118 = DIRECTION ( 'NONE',  ( 0.000000000000000000, 0.000000000000000000, 1.000000000000000000 ) ) ;
#1119 = EDGE_CURVE ( 'NONE', #4715, #4603, #3441, .T. ) ;
#1120 = CARTESIAN_POINT ( 'NONE',  ( -3.863403069441828652, 36.87986937264584242, 6.430496018422847015 ) ) ;
#1121 = VERTEX_POINT ( 'NONE', #3334 ) ;
#1122 = ORIENTED_EDGE ( 'NONE', *, *, #4439, .F. ) ;
#1123 = CARTESIAN_POINT ( 'NONE',  ( -2.750000000000006217, 30.00000000000000355, 13.65000000000000036 ) ) ;
#1124 = EDGE_CURVE ( 'NONE', #3042, #94, #2372, .T. ) ;
#1125 = CARTESIAN_POINT ( 'NONE',  ( -6.226776695296638131, 32.62322330470341569, -1.949999999999999956 ) ) ;
#1126 = ORIENTED_EDGE ( 'NONE', *, *, #1975, .T. ) ;
#1127 = CARTESIAN_POINT ( 'NONE',  ( 7.340551195177838828, 13.30474742667366783, -1.106836546897945972 ) ) ;
#1128 = DIRECTION ( 'NONE',  ( 0.000000000000000000, 0.000000000000000000, -1.000000000000000000 ) ) ;
#1129 = FACE_OUTER_BOUND ( 'NONE', #2781, .T. ) ;
#1130 = CARTESIAN_POINT ( 'NONE',  ( -5.324508716074085157, 33.41376832130801233, 2.752974657663904701 ) ) ;
#1131 = ORIENTED_EDGE ( 'NONE', *, *, #2557, .F. ) ;
#1132 = CARTESIAN_POINT ( 'NONE',  ( 7.500000000000000000, 13.46419623149582634, -0.7673672027782323379 ) ) ;
#1133 = EDGE_CURVE ( 'NONE', #4405, #2357, #236, .T. ) ;
#1134 = DIRECTION ( 'NONE',  ( -0.000000000000000000, -0.000000000000000000, -1.000000000000000000 ) ) ;
#1135 = CARTESIAN_POINT ( 'NONE',  ( -6.226776695296634578, 17.37677669529658431, 1.949999999999999289 ) ) ;
#1136 = FACE_OUTER_BOUND ( 'NONE', #3307, .T. ) ;
#1137 = VERTEX_POINT ( 'NONE', #2609 ) ;
#1138 = CARTESIAN_POINT ( 'NONE',  ( 7.429144959918185798, 24.49009537211635035, -1.070247903521226007 ) ) ;
#1139 = FACE_OUTER_BOUND ( 'NONE', #2457, .T. ) ;
#1140 = AXIS2_PLACEMENT_3D ( 'NONE', #1751, #1827, #2571 ) ;
#1141 = FACE_OUTER_BOUND ( 'NONE', #2927, .T. ) ;
#1142 = ORIENTED_EDGE ( 'NONE', *, *, #863, .F. ) ;
#1143 = VERTEX_POINT ( 'NONE', #1066 ) ;
#1144 = CARTESIAN_POINT ( 'NONE',  ( 2.603023248082939389, 35.31215507588272118, 8.014636070223685849 ) ) ;
#1145 = AXIS2_PLACEMENT_3D ( 'NONE', #4118, #2597, #1830 ) ;
#1146 = CARTESIAN_POINT ( 'NONE',  ( -5.888990869628516478, 32.96100913037153646, -2.006271458483955605 ) ) ;
#1147 = AXIS2_PLACEMENT_3D ( 'NONE', #2382, #1224, #3239 ) ;
#1148 = ORIENTED_EDGE ( 'NONE', *, *, #1644, .F. ) ;
#1149 = CARTESIAN_POINT ( 'NONE',  ( -5.454077146988931979, 33.24100191293753426, 2.493953570278918619 ) ) ;
#1150 = EDGE_CURVE ( 'NONE', #4995, #4366, #176, .T. ) ;
#1151 = CARTESIAN_POINT ( 'NONE',  ( 7.487843721906756400, 13.45203995340259162, -0.7794558079350756286 ) ) ;
#1152 = AXIS2_PLACEMENT_3D ( 'NONE', #1872, #3418, #1050 ) ;
#1153 = CARTESIAN_POINT ( 'NONE',  ( -3.050755485572946402, 35.04547566038118589, 7.627846897050341468 ) ) ;
#1154 = CARTESIAN_POINT ( 'NONE',  ( -6.850000000000006750, 25.00000000000000000, -2.200000000000000178 ) ) ;
#1155 = CARTESIAN_POINT ( 'NONE',  ( -5.404378668631887983, 33.44562133136816584, 2.376951738636982725 ) ) ;
#1156 = EDGE_LOOP ( 'NONE', ( #4961, #4383, #3698, #2342, #1249, #1027, #4819, #3220 ) ) ;
#1157 = ORIENTED_EDGE ( 'NONE', *, *, #810, .T. ) ;
#1158 = CARTESIAN_POINT ( 'NONE',  ( 0.000000000000000000, 35.00000000000000000, 0.000000000000000000 ) ) ;
#1159 = PRODUCT_DEFINITION_CONTEXT ( 'detailed design', #5028, 'design' ) ;
#1160 = CARTESIAN_POINT ( 'NONE',  ( 7.725117702660055485, 24.00913628625936269, -0.8087377933597404978 ) ) ;
#1161 = CARTESIAN_POINT ( 'NONE',  ( 15.84112518895544675, 15.84112518895545385, 0.8000000000000000444 ) ) ;
#1162 = ORIENTED_EDGE ( 'NONE', *, *, #378, .F. ) ;
#1163 = DIRECTION ( 'NONE',  ( 0.7071067811865476838, -0.4999999999999990008, 0.5000000000000008882 ) ) ;
#1164 = VERTEX_POINT ( 'NONE', #3358 ) ;
#1165 = VECTOR ( 'NONE', #1396, 1000.000000000000114 ) ;
#1166 = CARTESIAN_POINT ( 'NONE',  ( -3.729160309723385414, 36.62000726213214818, 6.531326705700262636 ) ) ;
#1167 = CARTESIAN_POINT ( 'NONE',  ( 7.985105581812616649, 24.05069818669155168, -0.5499999999999998224 ) ) ;
#1168 = EDGE_CURVE ( 'NONE', #4807, #5021, #4560, .T. ) ;
#1169 = CARTESIAN_POINT ( 'NONE',  ( -3.781398800932328275, 36.84079738779520596, 6.484307839681052066 ) ) ;
#1170 = ORIENTED_EDGE ( 'NONE', *, *, #2221, .T. ) ;
#1171 = ORIENTED_EDGE ( 'NONE', *, *, #1614, .T. ) ;
#1172 = DIRECTION ( 'NONE',  ( 1.000000000000000000, 0.000000000000000000, 0.000000000000000000 ) ) ;
#1173 = VECTOR ( 'NONE', #2563, 1000.000000000000114 ) ;
#1174 = AXIS2_PLACEMENT_3D ( 'NONE', #1816, #4655, #686 ) ;
#1175 = CARTESIAN_POINT ( 'NONE',  ( -5.998457895430072462, 32.51516941550000439, -2.199995981754977237 ) ) ;
#1176 = CIRCLE ( 'NONE', #3733, 2.250000000000000000 ) ;
#1177 = ORIENTED_EDGE ( 'NONE', *, *, #3932, .F. ) ;
#1178 = CARTESIAN_POINT ( 'NONE',  ( -5.808067193705232611, 32.76902105365320494, 2.239986538690926565 ) ) ;
#1179 = LINE ( 'NONE', #3882, #4775 ) ;
#1180 = CARTESIAN_POINT ( 'NONE',  ( -3.646664678820860761, 36.46157877163736316, 6.603130607573914901 ) ) ;
#1181 = CARTESIAN_POINT ( 'NONE',  ( 0.000000000000000000, 37.00000000000000711, 0.000000000000000000 ) ) ;
#1182 = ADVANCED_FACE ( 'NONE', ( #3724 ), #661, .F. ) ;
#1183 = CYLINDRICAL_SURFACE ( 'NONE', #591, 7.499999999999998224 ) ;
#1184 = ORIENTED_EDGE ( 'NONE', *, *, #4713, .F. ) ;
#1185 = ORIENTED_EDGE ( 'NONE', *, *, #4495, .T. ) ;
#1186 = CARTESIAN_POINT ( 'NONE',  ( 2.081899558550474888E-16, 48.50000000000000000, -1.699999999999979083 ) ) ;
#1187 = CARTESIAN_POINT ( 'NONE',  ( -5.978181812641015114, 32.54220394491279933, -2.203444545152409173 ) ) ;
#1188 = DIRECTION ( 'NONE',  ( -0.7071067811865474617, -0.7071067811865474617, -0.000000000000000000 ) ) ;
#1189 = EDGE_CURVE ( 'NONE', #4896, #2773, #4889, .T. ) ;
#1190 = VERTEX_POINT ( 'NONE', #2975 ) ;
#1191 = CARTESIAN_POINT ( 'NONE',  ( -3.000000000000001776, 34.57752654925040048, 8.516497923982608853 ) ) ;
#1192 = ORIENTED_EDGE ( 'NONE', *, *, #1835, .T. ) ;
#1193 = CARTESIAN_POINT ( 'NONE',  ( -1.734723475976807094E-15, 30.00000000000000355, 15.00000000000000355 ) ) ;
#1194 = CARTESIAN_POINT ( 'NONE',  ( -5.820009646628294675, 17.24690088696141999, 2.236018888024867035 ) ) ;
#1195 = CARTESIAN_POINT ( 'NONE',  ( 2.999999999999997780, 5.000000000000000888, 15.00000000000000355 ) ) ;
#1196 = ORIENTED_EDGE ( 'NONE', *, *, #1306, .F. ) ;
#1197 = ORIENTED_EDGE ( 'NONE', *, *, #1218, .T. ) ;
#1198 = CARTESIAN_POINT ( 'NONE',  ( 3.716066115269847536, 36.75840678227983460, 6.531447983349352171 ) ) ;
#1199 = ADVANCED_FACE ( 'NONE', ( #663 ), #2224, .F. ) ;
#1200 = B_SPLINE_CURVE_WITH_KNOTS ( 'NONE', 1,
 ( #3490, #1135 ),
 .UNSPECIFIED., .F., .F.,
 ( 2, 2 ),
 ( 0.000000000000000000, 1.000000000000000000 ),
 .UNSPECIFIED. ) ;
#1201 = CYLINDRICAL_SURFACE ( 'NONE', #185, 1.199999999999999956 ) ;
#1202 = ORIENTED_EDGE ( 'NONE', *, *, #3029, .F. ) ;
#1203 = CARTESIAN_POINT ( 'NONE',  ( -5.612388971590292819, 33.02992482832355847, 2.340776552812960265 ) ) ;
#1204 = CARTESIAN_POINT ( 'NONE',  ( 2.519548064025539880, 35.01935307795755392, 8.862206570709345144 ) ) ;
#1205 = CARTESIAN_POINT ( 'NONE',  ( -3.594932801705688075, 36.36010537235775075, 6.652391910156230104 ) ) ;
#1206 = CARTESIAN_POINT ( 'NONE',  ( -5.873223304703361514, 17.37677669529658431, 2.200000000000000178 ) ) ;
#1207 = CARTESIAN_POINT ( 'NONE',  ( -15.41219158730642214, 8.250000000000001776, 15.00000000000000355 ) ) ;
#1208 = EDGE_LOOP ( 'NONE', ( #1892, #1455, #3653, #4087 ) ) ;
#1209 = CARTESIAN_POINT ( 'NONE',  ( -5.338628637063232318, 16.60505979071991334, -2.707557925710502911 ) ) ;
#1210 = ADVANCED_FACE ( 'NONE', ( #4158 ), #3046, .F. ) ;
#1211 = CARTESIAN_POINT ( 'NONE',  ( 7.735202431146328550, 23.99275193535664386, -0.8067324037841149265 ) ) ;
#1212 = FACE_OUTER_BOUND ( 'NONE', #1590, .T. ) ;
#1213 = ORIENTED_EDGE ( 'NONE', *, *, #3641, .F. ) ;
#1214 = CARTESIAN_POINT ( 'NONE',  ( -2.300000000000001599, 57.50000000000002842, -3.867815921162742310 ) ) ;
#1215 = ORIENTED_EDGE ( 'NONE', *, *, #3707, .F. ) ;
#1216 = B_SPLINE_CURVE_WITH_KNOTS ( 'NONE', 3,
 ( #1081, #2265, #320, #3883 ),
 .UNSPECIFIED., .F., .F.,
 ( 4, 4 ),
 ( 0.000000000000000000, 1.000000000000000000 ),
 .UNSPECIFIED. ) ;
#1217 = CARTESIAN_POINT ( 'NONE',  ( -3.863403069440763726, 36.87986937264355447, 6.430496018423583315 ) ) ;
#1218 = EDGE_CURVE ( 'NONE', #1519, #2864, #3118, .T. ) ;
#1219 = FACE_OUTER_BOUND ( 'NONE', #1967, .T. ) ;
#1220 = DIRECTION ( 'NONE',  ( 0.000000000000000000, 1.000000000000000000, 0.000000000000000000 ) ) ;
#1221 = ORIENTED_EDGE ( 'NONE', *, *, #4520, .T. ) ;
#1222 = ORIENTED_EDGE ( 'NONE', *, *, #1946, .T. ) ;
#1223 = CARTESIAN_POINT ( 'NONE',  ( 3.693627290225633519, 36.73438426930021450, 6.547756759884922673 ) ) ;
#1224 = DIRECTION ( 'NONE',  ( -0.000000000000000000, -0.000000000000000000, -1.000000000000000000 ) ) ;
#1225 = ORIENTED_EDGE ( 'NONE', *, *, #1657, .F. ) ;
#1226 = ADVANCED_FACE ( 'NONE', ( #3511 ), #757, .F. ) ;
#1227 = DIRECTION ( 'NONE',  ( 0.000000000000000000, 0.000000000000000000, -1.000000000000000000 ) ) ;
#1228 = AXIS2_PLACEMENT_3D ( 'NONE', #4091, #4954, #1342 ) ;
#1229 = DIRECTION ( 'NONE',  ( 0.000000000000000000, 0.000000000000000000, 1.000000000000000000 ) ) ;
#1230 = CARTESIAN_POINT ( 'NONE',  ( -3.254667907088560685, 35.62545008838286975, 7.098708374713920577 ) ) ;
#1231 = CARTESIAN_POINT ( 'NONE',  ( -1.974428535177110993E-15, 5.000000000000000888, 13.39999999999999503 ) ) ;
#1232 = CARTESIAN_POINT ( 'NONE',  ( 0.000000000000000000, 58.00000000000000000, 0.000000000000000000 ) ) ;
#1233 = EDGE_CURVE ( 'NONE', #2672, #1358, #3094, .T. ) ;
#1234 = VERTEX_POINT ( 'NONE', #1529 ) ;
#1235 = ORIENTED_EDGE ( 'NONE', *, *, #345, .F. ) ;
#1236 = VECTOR ( 'NONE', #3111, 1000.000000000000000 ) ;
#1237 = CARTESIAN_POINT ( 'NONE',  ( -5.439671650322547514, 16.73978502085929421, -2.513456596721724612 ) ) ;
#1238 = CARTESIAN_POINT ( 'NONE',  ( -6.050000000000001599, 32.44644660940677738, -2.200000000000000178 ) ) ;
#1239 = CARTESIAN_POINT ( 'NONE',  ( 3.244977886627272490, 35.60016373242332577, 7.117044695672901433 ) ) ;
#1240 = ORIENTED_EDGE ( 'NONE', *, *, #2967, .F. ) ;
#1241 = LINE ( 'NONE', #2043, #612 ) ;
#1242 = ORIENTED_EDGE ( 'NONE', *, *, #1604, .T. ) ;
#1243 = CARTESIAN_POINT ( 'NONE',  ( -3.293472237049652307, 35.71751003596506990, 7.032517649455074071 ) ) ;
#1244 = VECTOR ( 'NONE', #939, 999.9999999999998863 ) ;
#1245 = LINE ( 'NONE', #560, #4942 ) ;
#1246 = CARTESIAN_POINT ( 'NONE',  ( -2.300000000000001599, 0.000000000000000000, -3.867815921162742310 ) ) ;
#1247 = EDGE_CURVE ( 'NONE', #1429, #1637, #2320, .T. ) ;
#1248 = AXIS2_PLACEMENT_3D ( 'NONE', #4633, #2682, #4248 ) ;
#1249 = ORIENTED_EDGE ( 'NONE', *, *, #366, .F. ) ;
#1250 = ORIENTED_EDGE ( 'NONE', *, *, #1450, .T. ) ;
#1251 = LINE ( 'NONE', #4363, #518 ) ;
#1252 = AXIS2_PLACEMENT_3D ( 'NONE', #510, #3920, #2046 ) ;
#1253 = CARTESIAN_POINT ( 'NONE',  ( 2.499999999999990230, 5.000000000000000888, 11.75000000000000355 ) ) ;
#1254 = EDGE_CURVE ( 'NONE', #1848, #2589, #313, .T. ) ;
#1255 = ORIENTED_EDGE ( 'NONE', *, *, #1124, .T. ) ;
#1256 = B_SPLINE_CURVE_WITH_KNOTS ( 'NONE', 3,
 ( #3626, #146, #4367, #1698, #3213, #4007, #2875, #1722, #847, #2108, #1671, #1258, #4035, #492, #2829, #2055, #115, #2084 ),
 .UNSPECIFIED., .F., .F.,
 ( 4, 2, 1, 2, 2, 2, 1, 2, 2, 4 ),
 ( 0.000000000000000000, 0.2500000000000093259, 0.3750000000000156541, 0.4375000000000204281, 0.5000000000000252021, 0.6250000000000289768, 0.6875000000000336398, 0.7187500000000330846, 0.7500000000000324185, 1.000000000000000000 ),
 .UNSPECIFIED. ) ;
#1258 = CARTESIAN_POINT ( 'NONE',  ( 2.540646572472200937, 35.08321789568371685, 8.559460953331713640 ) ) ;
#1257 = CIRCLE ( 'NONE', #5024, 2.999999999999999112 ) ;
#1259 = DIRECTION ( 'NONE',  ( -1.000000000000000000, -0.000000000000000000, -0.000000000000000000 ) ) ;
#1260 = CARTESIAN_POINT ( 'NONE',  ( 2.999999999999997335, 1.249999999999994227, 18.75000000000000711 ) ) ;
#1261 = AXIS2_PLACEMENT_3D ( 'NONE', #4443, #4416, #1227 ) ;
#1262 = DIRECTION ( 'NONE',  ( -0.000000000000000000, -1.000000000000000000, 0.000000000000000000 ) ) ;
#1263 = DIRECTION ( 'NONE',  ( 1.000000000000000000, -0.000000000000000000, 1.095509984775996418E-16 ) ) ;
#1264 = ORIENTED_EDGE ( 'NONE', *, *, #3086, .F. ) ;
#1265 = ORIENTED_EDGE ( 'NONE', *, *, #1233, .T. ) ;
#1266 = FACE_OUTER_BOUND ( 'NONE', #3625, .T. ) ;
#1267 = CARTESIAN_POINT ( 'NONE',  ( -5.992547592923093802, 32.52304442135819329, -2.202174210923947939 ) ) ;
#1268 = EDGE_CURVE ( 'NONE', #4603, #545, #777, .T. ) ;
#1269 = CARTESIAN_POINT ( 'NONE',  ( 3.039569587542024109, 35.00037162056629825, 7.681175798485754491 ) ) ;
#1270 = AXIS2_PLACEMENT_3D ( 'NONE', #4636, #711, #3824 ) ;
#1271 = ORIENTED_EDGE ( 'NONE', *, *, #2888, .T. ) ;
#1272 = CARTESIAN_POINT ( 'NONE',  ( -5.299999999999998046, 33.55000000000006821, 2.200000000000000178 ) ) ;
#1273 = ORIENTED_EDGE ( 'NONE', *, *, #1975, .F. ) ;
#1274 = DIRECTION ( 'NONE',  ( -0.7071067811865474617, 0.000000000000000000, -0.7071067811865474617 ) ) ;
#1275 = CARTESIAN_POINT ( 'NONE',  ( -5.844563393442381738, 17.27963921333794417, 2.228570591403856493 ) ) ;
#1276 = DIRECTION ( 'NONE',  ( 3.363765581148665724E-16, 0.000000000000000000, 1.000000000000000000 ) ) ;
#1277 = ORIENTED_EDGE ( 'NONE', *, *, #4872, .T. ) ;
#1278 = ORIENTED_EDGE ( 'NONE', *, *, #144, .F. ) ;
#1279 = DIRECTION ( 'NONE',  ( 0.000000000000000000, 1.000000000000000000, 0.000000000000000000 ) ) ;
#1280 = LINE ( 'NONE', #2361, #5018 ) ;
#1281 = EDGE_CURVE ( 'NONE', #4690, #1697, #1506, .T. ) ;
#1282 = CARTESIAN_POINT ( 'NONE',  ( -2.299999999999998934, 37.00000000000000711, 3.867815921162743198 ) ) ;
#1283 = ORIENTED_EDGE ( 'NONE', *, *, #3343, .T. ) ;
#1284 = CARTESIAN_POINT ( 'NONE',  ( 2.499999999999992006, 0.000000000000000000, 3.867815921162743642 ) ) ;
#1285 = CARTESIAN_POINT ( 'NONE',  ( -3.000000000000002220, 30.00000000000000355, 15.00000000000000178 ) ) ;
#1286 = ADVANCED_FACE ( 'NONE', ( #2272 ), #1965, .T. ) ;
#1287 = CARTESIAN_POINT ( 'NONE',  ( 0.000000000000000000, 45.99999999999997158, 0.000000000000000000 ) ) ;
#1288 = CARTESIAN_POINT ( 'NONE',  ( 0.000000000000000000, 48.50000000000000000, 0.000000000000000000 ) ) ;
#1289 = ORIENTED_EDGE ( 'NONE', *, *, #3185, .T. ) ;
#1290 = CARTESIAN_POINT ( 'NONE',  ( -6.050000000000001599, 17.55355339059322262, -2.200000000000000178 ) ) ;
#1291 = FACE_OUTER_BOUND ( 'NONE', #2303, .T. ) ;
#1292 = CARTESIAN_POINT ( 'NONE',  ( 3.605633773348251747, 36.37546586249943914, 6.643954633586584890 ) ) ;
#1293 = ORIENTED_EDGE ( 'NONE', *, *, #838, .T. ) ;
#1294 = CARTESIAN_POINT ( 'NONE',  ( 7.808328886515983669, 14.12607850860509195, -0.8000000000000000444 ) ) ;
#1295 = EDGE_LOOP ( 'NONE', ( #2082, #2828, #2786, #4851 ) ) ;
#1296 = ADVANCED_FACE ( 'NONE', ( #1212 ), #2685, .F. ) ;
#1297 = DIRECTION ( 'NONE',  ( -0.000000000000000000, 0.000000000000000000, -1.000000000000000000 ) ) ;
#1298 = DIRECTION ( 'NONE',  ( 0.000000000000000000, 1.000000000000000000, 0.000000000000000000 ) ) ;
#1299 = DIRECTION ( 'NONE',  ( 7.746425390926803761E-17, 0.7071067811865462405, -0.7071067811865489050 ) ) ;
#1300 = ORIENTED_EDGE ( 'NONE', *, *, #2805, .T. ) ;
#1301 = VERTEX_POINT ( 'NONE', #5038 ) ;
#1302 = CARTESIAN_POINT ( 'NONE',  ( -5.299999999999998046, 16.44999999999993534, -2.574388938522980563 ) ) ;
#1303 = CARTESIAN_POINT ( 'NONE',  ( 7.519002682236325619, 13.65592342665065395, -0.9226799606161295575 ) ) ;
#1304 = DIRECTION ( 'NONE',  ( 0.000000000000000000, 0.000000000000000000, -1.000000000000000000 ) ) ;
#1305 = ORIENTED_EDGE ( 'NONE', *, *, #1119, .T. ) ;
#1306 = EDGE_CURVE ( 'NONE', #2407, #1531, #3893, .T. ) ;
#1307 = LINE ( 'NONE', #1284, #4381 ) ;
#1308 = CARTESIAN_POINT ( 'NONE',  ( 3.617319428642982615, 36.65269067753165189, 6.603219231595022443 ) ) ;
#1309 = AXIS2_PLACEMENT_3D ( 'NONE', #4507, #304, #1771 ) ;
#1310 = CARTESIAN_POINT ( 'NONE',  ( -2.948915075362417149, 35.86310081823880580, 7.279415460634809598 ) ) ;
#1311 = DIRECTION ( 'NONE',  ( -1.095509984775996911E-16, 8.006416042969880035E-16, 1.000000000000000000 ) ) ;
#1312 = CIRCLE ( 'NONE', #3619, 2.000000000000000444 ) ;
#1313 = CARTESIAN_POINT ( 'NONE',  ( -2.518940859536057175, 35.01391002805598873, 8.868822652624901437 ) ) ;
#1314 = EDGE_CURVE ( 'NONE', #2672, #1190, #4326, .T. ) ;
#1315 = ORIENTED_EDGE ( 'NONE', *, *, #22, .F. ) ;
#1316 = CARTESIAN_POINT ( 'NONE',  ( -5.890975174488427335, 17.34152091636030590, -2.217025748472868152 ) ) ;
#1317 = VECTOR ( 'NONE', #3167, 1000.000000000000000 ) ;
#1318 = DIRECTION ( 'NONE',  ( 0.000000000000000000, 0.000000000000000000, 1.000000000000000000 ) ) ;
#1319 = CARTESIAN_POINT ( 'NONE',  ( 3.597138724421904410, 36.35883267582166667, 6.652262472951881556 ) ) ;
#1320 = DIRECTION ( 'NONE',  ( 0.000000000000000000, -0.7071067811865469066, 0.7071067811865482389 ) ) ;
#1321 = ORIENTED_EDGE ( 'NONE', *, *, #4742, .T. ) ;
#1322 = AXIS2_PLACEMENT_3D ( 'NONE', #844, #2827, #3575 ) ;
#1323 = LINE ( 'NONE', #3748, #3970 ) ;
#1324 = B_SPLINE_CURVE_WITH_KNOTS ( 'NONE', 3,
 ( #2896, #2455, #2074, #1636 ),
 .UNSPECIFIED., .F., .F.,
 ( 4, 4 ),
 ( 0.000000000000000000, 1.000000000000000000 ),
 .UNSPECIFIED. ) ;
#1325 = CARTESIAN_POINT ( 'NONE',  ( 7.757096421432809308, 23.95717213258676637, 0.8032188499417454164 ) ) ;
#1326 = LINE ( 'NONE', #4482, #3565 ) ;
#1327 = VECTOR ( 'NONE', #1805, 1000.000000000000000 ) ;
#1328 = CARTESIAN_POINT ( 'NONE',  ( -5.300000000000002487, 33.49452485514898115, -2.695027266387938436 ) ) ;
#1329 = FACE_OUTER_BOUND ( 'NONE', #3927, .T. ) ;
#1330 = VERTEX_POINT ( 'NONE', #1917 ) ;
#1331 = CIRCLE ( 'NONE', #4604, 3.249999999999999556 ) ;
#1332 = CARTESIAN_POINT ( 'NONE',  ( -6.029506598113509419, 17.17950659811345915, -1.949984620736925134 ) ) ;
#1333 = DIRECTION ( 'NONE',  ( 0.000000000000000000, 0.000000000000000000, -1.000000000000000000 ) ) ;
#1334 = EDGE_CURVE ( 'NONE', #3620, #2931, #4707, .T. ) ;
#1335 = VECTOR ( 'NONE', #4356, 1000.000000000000000 ) ;
#1336 = CARTESIAN_POINT ( 'NONE',  ( -11.09999999999999787, 22.25000000000000355, -1.949999999999999512 ) ) ;
#1337 = VERTEX_POINT ( 'NONE', #2293 ) ;
#1338 = FACE_OUTER_BOUND ( 'NONE', #18, .T. ) ;
#1339 = CARTESIAN_POINT ( 'NONE',  ( 2.629820196777296726, 35.37089258212316167, 7.913132744589011836 ) ) ;
#1340 = CIRCLE ( 'NONE', #117, 1.650000000000005684 ) ;
#1341 = CARTESIAN_POINT ( 'NONE',  ( -2.868532183321783169, 35.75382689803571168, 7.398477215009513053 ) ) ;
#1342 = DIRECTION ( 'NONE',  ( -1.095509984775996171E-16, 0.000000000000000000, 1.000000000000000000 ) ) ;
#1343 = CIRCLE ( 'NONE', #1758, 1.350000000000002309 ) ;
#1344 = CARTESIAN_POINT ( 'NONE',  ( -2.536210175495907215, 35.06689390161826481, 8.621453102485148179 ) ) ;
#1345 = VERTEX_POINT ( 'NONE', #380 ) ;
#1346 = CARTESIAN_POINT ( 'NONE',  ( -3.000000000000002665, 0.5000000000000073275, 18.24999999999999645 ) ) ;
#1347 = AXIS2_PLACEMENT_3D ( 'NONE', #4112, #4491, #4897 ) ;
#1348 = CARTESIAN_POINT ( 'NONE',  ( 7.514950499847180332, 24.52085326865699244, 0.7493549360113456181 ) ) ;
#1349 = EDGE_CURVE ( 'NONE', #740, #1092, #1200, .T. ) ;
#1350 = CARTESIAN_POINT ( 'NONE',  ( -5.796660630728255548, 17.21576756489755766, 2.242203593871999523 ) ) ;
#1351 = CARTESIAN_POINT ( 'NONE',  ( -7.100000000000000533, 25.00000000000000000, -1.950000000000007727 ) ) ;
#1352 = EDGE_LOOP ( 'NONE', ( #716, #3419, #475, #3862 ) ) ;
#1353 = LINE ( 'NONE', #2505, #2825 ) ;
#1354 = FILL_AREA_STYLE ('',( #887 ) ) ;
#1355 = CARTESIAN_POINT ( 'NONE',  ( 7.443927980257977417, 24.53580376850417366, 0.9153885648905372152 ) ) ;
#1356 = ADVANCED_FACE ( 'NONE', ( #1889 ), #4919, .F. ) ;
#1357 = CARTESIAN_POINT ( 'NONE',  ( -5.299999999999999822, 33.45799108466015781, -2.820261847671534650 ) ) ;
#1358 = VERTEX_POINT ( 'NONE', #3461 ) ;
#1359 = ORIENTED_EDGE ( 'NONE', *, *, #1433, .T. ) ;
#1360 = CARTESIAN_POINT ( 'NONE',  ( -6.226776695296639019, 17.37677669529658786, -1.949999999999999956 ) ) ;
#1361 = CARTESIAN_POINT ( 'NONE',  ( 2.499999999999992006, 1.749999999999998890, 5.852574443919840126E-17 ) ) ;
#1362 = DIRECTION ( 'NONE',  ( 1.000000000000000000, -1.266937925838610979E-32, 0.000000000000000000 ) ) ;
#1363 = ORIENTED_EDGE ( 'NONE', *, *, #59, .T. ) ;
#1364 = CARTESIAN_POINT ( 'NONE',  ( 0.000000000000000000, 45.00000000000001421, -2.250000000000000000 ) ) ;
#1365 = CARTESIAN_POINT ( 'NONE',  ( 3.894337575471100266, 36.94550239163560690, 6.410536974536351629 ) ) ;
#1366 = EDGE_CURVE ( 'NONE', #3719, #4322, #2705, .T. ) ;
#1367 = CARTESIAN_POINT ( 'NONE',  ( -3.035857751946227090, 35.97616779823663080, 7.164821381884533658 ) ) ;
#1368 = CARTESIAN_POINT ( 'NONE',  ( -5.224462091197401570, 33.62553790880264870, -2.959948559467882934 ) ) ;
#1369 = CARTESIAN_POINT ( 'NONE',  ( 7.657812652602352443, 13.88149180564857410, 0.8293492156323365450 ) ) ;
#1370 = ORIENTED_EDGE ( 'NONE', *, *, #3844, .T. ) ;
#1371 = CARTESIAN_POINT ( 'NONE',  ( -5.808067193724994581, 17.23097894637215077, -2.239986538684194173 ) ) ;
#1372 = CARTESIAN_POINT ( 'NONE',  ( 2.999999999999998224, 28.64644660940673404, 12.39644660940674648 ) ) ;
#1373 = FACE_OUTER_BOUND ( 'NONE', #4426, .T. ) ;
#1374 = CARTESIAN_POINT ( 'NONE',  ( -2.781917863898281329, 35.62909636701265015, 7.546121688984366749 ) ) ;
#1375 = EDGE_LOOP ( 'NONE', ( #1381, #896, #438, #2534 ) ) ;
#1376 = DIRECTION ( 'NONE',  ( -0.000000000000000000, 1.000000000000000000, -0.000000000000000000 ) ) ;
#1377 = CARTESIAN_POINT ( 'NONE',  ( 7.695673328872844721, 24.05697627530996741, 0.8161463183944654975 ) ) ;
#1378 = CARTESIAN_POINT ( 'NONE',  ( -1.378682730924608339E-15, 30.00000000000000355, 11.75000000000000355 ) ) ;
#1379 = CARTESIAN_POINT ( 'NONE',  ( 16.01790188425208328, 16.01790188425209394, -0.5499999999999998224 ) ) ;
#1380 = DIRECTION ( 'NONE',  ( 1.000000000000000000, 0.000000000000000000, 0.000000000000000000 ) ) ;
#1381 = ORIENTED_EDGE ( 'NONE', *, *, #57, .T. ) ;
#1382 = EDGE_CURVE ( 'NONE', #4013, #3980, #3563, .T. ) ;
#1383 = LINE ( 'NONE', #188, #4449 ) ;
#1384 = CARTESIAN_POINT ( 'NONE',  ( -5.796660630728261765, 17.21576756489756832, -2.242203593871998191 ) ) ;
#1385 = DIRECTION ( 'NONE',  ( 0.000000000000000000, 0.000000000000000000, 1.000000000000000000 ) ) ;
#1386 = B_SPLINE_CURVE_WITH_KNOTS ( 'NONE', 3,
 ( #1132, #2317, #3194, #856 ),
 .UNSPECIFIED., .F., .F.,
 ( 4, 4 ),
 ( 0.000000000000000000, 1.000000000000000000 ),
 .UNSPECIFIED. ) ;
#1387 = ORIENTED_EDGE ( 'NONE', *, *, #3568, .F. ) ;
#1388 = CARTESIAN_POINT ( 'NONE',  ( 7.500000000000000000, 13.46419623149582634, 0.000000000000000000 ) ) ;
#1389 = CARTESIAN_POINT ( 'NONE',  ( 2.980670039658415593, 35.90333757096729528, 7.237157634303319931 ) ) ;
#1390 = B_SPLINE_CURVE_WITH_KNOTS ( 'NONE', 3,
 ( #4182, #3413, #2202, #1089 ),
 .UNSPECIFIED., .F., .F.,
 ( 4, 4 ),
 ( 0.000000000000000000, 1.000000000000000000 ),
 .UNSPECIFIED. ) ;
#1391 = APPLICATION_PROTOCOL_DEFINITION ( 'draft international standard', 'automotive_design', 1998, #5028 ) ;
#1392 = DIRECTION ( 'NONE',  ( 3.363765581148665724E-16, 0.000000000000000000, 1.000000000000000000 ) ) ;
#1393 = EDGE_CURVE ( 'NONE', #1092, #2371, #4729, .T. ) ;
#1394 = CARTESIAN_POINT ( 'NONE',  ( 2.999999999999998224, 34.64313412058438502, 8.296532741971757829 ) ) ;
#1395 = ORIENTED_EDGE ( 'NONE', *, *, #2843, .F. ) ;
#1396 = DIRECTION ( 'NONE',  ( -0.5773502691896255090, 0.8164965809277261455, -0.000000000000000000 ) ) ;
#1397 = DIRECTION ( 'NONE',  ( -0.000000000000000000, -1.000000000000000000, -0.000000000000000000 ) ) ;
#1398 = AXIS2_PLACEMENT_3D ( 'NONE', #4301, #353, #5059 ) ;
#1399 = EDGE_CURVE ( 'NONE', #3067, #356, #2551, .T. ) ;
#1400 = CARTESIAN_POINT ( 'NONE',  ( -5.702953949272540513, 16.85295394927248225, 2.095405034624093332 ) ) ;
#1401 = CARTESIAN_POINT ( 'NONE',  ( -2.639517941190529626, 35.39011024764035795, 7.882884636718495486 ) ) ;
#1402 = EDGE_LOOP ( 'NONE', ( #3336, #242, #2004, #2719, #3335, #745, #2432, #4355, #2763 ) ) ;
#1403 = CARTESIAN_POINT ( 'NONE',  ( -2.527371891420386874, 35.03899393721766842, 8.747590004294838906 ) ) ;
#1404 = CIRCLE ( 'NONE', #4267, 1.199999999999999956 ) ;
#1405 = CARTESIAN_POINT ( 'NONE',  ( 7.412970461882263606, 24.51637893141626989, 1.139240506329114222 ) ) ;
#1406 = LINE ( 'NONE', #2508, #4780 ) ;
#1407 = DIRECTION ( 'NONE',  ( 1.000000000000000000, -0.000000000000000000, 1.095509984775996418E-16 ) ) ;
#1408 = AXIS2_PLACEMENT_3D ( 'NONE', #2772, #3652, #2356 ) ;
#1409 = ORIENTED_EDGE ( 'NONE', *, *, #1077, .F. ) ;
#1410 = ORIENTED_EDGE ( 'NONE', *, *, #3045, .T. ) ;
#1411 = DIRECTION ( 'NONE',  ( -0.000000000000000000, 1.000000000000000000, -0.000000000000000000 ) ) ;
#1412 = CIRCLE ( 'NONE', #4521, 9.499999999999998224 ) ;
#1413 = DIRECTION ( 'NONE',  ( 0.000000000000000000, 0.000000000000000000, 1.000000000000000000 ) ) ;
#1414 = ADVANCED_FACE ( 'NONE', ( #4016 ), #3744, .T. ) ;
#1415 = FACE_BOUND ( 'NONE', #2325, .T. ) ;
#1416 = VECTOR ( 'NONE', #2854, 1000.000000000000000 ) ;
#1417 = ORIENTED_EDGE ( 'NONE', *, *, #2761, .T. ) ;
#1418 = LINE ( 'NONE', #4546, #496 ) ;
#1419 = CARTESIAN_POINT ( 'NONE',  ( 3.413102872606736504, 35.98210880842309933, 6.859832000855280221 ) ) ;
#1420 = EDGE_CURVE ( 'NONE', #986, #4405, #1036, .T. ) ;
#1421 = CARTESIAN_POINT ( 'NONE',  ( 0.000000000000000000, 58.00000000000000000, 0.000000000000000000 ) ) ;
#1422 = CARTESIAN_POINT ( 'NONE',  ( 2.999999999999998668, 34.72852955329950220, 8.077747210701751612 ) ) ;
#1423 = AXIS2_PLACEMENT_3D ( 'NONE', #4121, #95, #2915 ) ;
#1424 = CARTESIAN_POINT ( 'NONE',  ( -2.833333333333332593, 34.66666666666666430, 9.165151389911683211 ) ) ;
#1425 = PLANE ( 'NONE',  #2410 ) ;
#1426 = VECTOR ( 'NONE', #3591, 999.9999999999998863 ) ;
#1427 = CARTESIAN_POINT ( 'NONE',  ( -6.226776695296634578, 17.37677669529658431, 1.949999999999999956 ) ) ;
#1428 = CARTESIAN_POINT ( 'NONE',  ( -3.671499027613980282, 36.71819333643254168, 6.562752625297799014 ) ) ;
#1429 = VERTEX_POINT ( 'NONE', #2626 ) ;
#1430 = DIRECTION ( 'NONE',  ( 0.000000000000000000, 0.000000000000000000, -1.000000000000000000 ) ) ;
#1431 = VECTOR ( 'NONE', #3727, 1000.000000000000114 ) ;
#1432 = VECTOR ( 'NONE', #1504, 999.9999999999998863 ) ;
#1433 = EDGE_CURVE ( 'NONE', #766, #1962, #4199, .T. ) ;
#1434 = CARTESIAN_POINT ( 'NONE',  ( 0.000000000000000000, 45.50000000000000000, 0.000000000000000000 ) ) ;
#1435 = DIRECTION ( 'NONE',  ( -0.7071067811865477948, 0.7071067811865473507, -0.000000000000000000 ) ) ;
#1436 = ORIENTED_EDGE ( 'NONE', *, *, #4390, .F. ) ;
#1437 = ORIENTED_EDGE ( 'NONE', *, *, #3745, .T. ) ;
#1438 = CARTESIAN_POINT ( 'NONE',  ( 7.368931701076300911, 24.66687206742787453, -0.9891528432763064815 ) ) ;
#1439 = CARTESIAN_POINT ( 'NONE',  ( -5.324508716074087822, 16.58623167869199833, -2.752974657663904701 ) ) ;
#1440 = CARTESIAN_POINT ( 'NONE',  ( 7.425036744862147486, 24.49677400972072050, -1.060725911548231926 ) ) ;
#1441 = VECTOR ( 'NONE', #458, 1000.000000000000000 ) ;
#1442 = ORIENTED_EDGE ( 'NONE', *, *, #484, .T. ) ;
#1443 = CARTESIAN_POINT ( 'NONE',  ( 0.000000000000000000, 37.00000000000000711, 0.000000000000000000 ) ) ;
#1444 = CARTESIAN_POINT ( 'NONE',  ( 3.704428710996229057, 36.56586334692164542, 6.552257644947396820 ) ) ;
#1445 = EDGE_CURVE ( 'NONE', #2042, #3133, #15, .T. ) ;
#1446 = CARTESIAN_POINT ( 'NONE',  ( 0.000000000000000000, 0.000000000000000000, 0.000000000000000000 ) ) ;
#1447 = CARTESIAN_POINT ( 'NONE',  ( -5.300000000000001599, 16.48000145477321610, -2.634534871016781743 ) ) ;
#1448 = B_SPLINE_CURVE_WITH_KNOTS ( 'NONE', 3,
 ( #3394, #2517, #2819, #1357, #136, #965, #1688, #1328, #4409, #3593, #1741, #4024 ),
 .UNSPECIFIED., .F., .F.,
 ( 4, 2, 2, 2, 2, 4 ),
 ( 0.000000000000000000, 0.2499999999999983347, 0.4999999999999966693, 0.6249999999999974465, 0.7499999999999983347, 1.000000000000000000 ),
 .UNSPECIFIED. ) ;
#1449 = CARTESIAN_POINT ( 'NONE',  ( 7.715864548415048318, 13.97583179837911871, 0.8107458630515557152 ) ) ;
#1450 = EDGE_CURVE ( 'NONE', #1904, #1046, #1942, .T. ) ;
#1451 = LINE ( 'NONE', #1056, #1909 ) ;
#1452 = CARTESIAN_POINT ( 'NONE',  ( 4.999999999999998224, 0.000000000000000000, 8.077747210701753389 ) ) ;
#1453 = CARTESIAN_POINT ( 'NONE',  ( -5.380205604995371260, 16.66049419725371550, 2.608632079737066345 ) ) ;
#1454 = CARTESIAN_POINT ( 'NONE',  ( -8.499999999999998224, 25.00000000000000000, 2.200000000000000178 ) ) ;
#1455 = ORIENTED_EDGE ( 'NONE', *, *, #2454, .F. ) ;
#1456 = CARTESIAN_POINT ( 'NONE',  ( -6.017275737331659435, 32.49007895963121229, 2.200000000000000178 ) ) ;
#1457 = CARTESIAN_POINT ( 'NONE',  ( 7.435427984854976913, 24.47989182220037208, 1.047574453747315060 ) ) ;
#1458 = CARTESIAN_POINT ( 'NONE',  ( -3.577777777777794377, 58.00000000000000000, -6.016602544030963173 ) ) ;
#1459 = CARTESIAN_POINT ( 'NONE',  ( -3.000000000000002220, 5.000000000000000888, 15.00000000000000178 ) ) ;
#1460 = ADVANCED_FACE ( 'NONE', ( #1373 ), #632, .T. ) ;
#1461 = CARTESIAN_POINT ( 'NONE',  ( 2.499999999999991562, 35.00000000000000000, 9.165151389911681434 ) ) ;
#1462 = ORIENTED_EDGE ( 'NONE', *, *, #3261, .T. ) ;
#1463 = CARTESIAN_POINT ( 'NONE',  ( 7.418600507878680084, 24.61720326062550157, -0.8787543369858513698 ) ) ;
#1464 = PLANE ( 'NONE',  #3064 ) ;
#1465 = CARTESIAN_POINT ( 'NONE',  ( 0.000000000000000000, 57.49999999999998579, 0.000000000000000000 ) ) ;
#1466 = VERTEX_POINT ( 'NONE', #3405 ) ;
#1467 = CARTESIAN_POINT ( 'NONE',  ( 2.920261106719145072, 35.82330409057092169, 7.321294587745697413 ) ) ;
#1468 = CARTESIAN_POINT ( 'NONE',  ( -10.84999999999999787, 27.64644660940673049, 2.200000000000000178 ) ) ;
#1469 = CARTESIAN_POINT ( 'NONE',  ( 7.735202431192820249, 14.00724806471940553, 0.8067324037757848121 ) ) ;
#1470 = LINE ( 'NONE', #4627, #3391 ) ;
#1471 = DIRECTION ( 'NONE',  ( 0.000000000000000000, 0.000000000000000000, 1.000000000000000000 ) ) ;
#1472 = CARTESIAN_POINT ( 'NONE',  ( 7.639703178003091288, 13.85206173227165927, 0.8364323623385901962 ) ) ;
#1473 = EDGE_CURVE ( 'NONE', #356, #4678, #2495, .T. ) ;
#1474 = CARTESIAN_POINT ( 'NONE',  ( -3.724986224415506531, 36.77743306400149237, 6.523876170326014190 ) ) ;
#1475 = ORIENTED_EDGE ( 'NONE', *, *, #2775, .F. ) ;
#1476 = CARTESIAN_POINT ( 'NONE',  ( 7.625147690457897198, 13.82841577290166413, -0.8442130642896544801 ) ) ;
#1477 = AXIS2_PLACEMENT_3D ( 'NONE', #265, #569, #3341 ) ;
#1478 = DIRECTION ( 'NONE',  ( -0.7071067811865465735, 8.659560562354942719E-17, -0.7071067811865483499 ) ) ;
#1479 = DIRECTION ( 'NONE',  ( 8.673617379883917143E-16, 0.000000000000000000, -1.000000000000000000 ) ) ;
#1480 = AXIS2_PLACEMENT_3D ( 'NONE', #4899, #4848, #1392 ) ;
#1481 = CARTESIAN_POINT ( 'NONE',  ( 7.412970461882263606, 24.51637893141626989, 1.139240506329114222 ) ) ;
#1482 = VERTEX_POINT ( 'NONE', #2942 ) ;
#1483 = CARTESIAN_POINT ( 'NONE',  ( 7.459710379483209586, 24.44042656532320379, -1.002310361214899581 ) ) ;
#1484 = CARTESIAN_POINT ( 'NONE',  ( 0.000000000000000000, 24.53580376850417366, 0.8000000000000000444 ) ) ;
#1485 = AXIS2_PLACEMENT_3D ( 'NONE', #4164, #971, #645 ) ;
#1486 = CARTESIAN_POINT ( 'NONE',  ( 2.832856717972841221, 8.580685823136546375, 14.85995533825234816 ) ) ;
#1487 = VERTEX_POINT ( 'NONE', #4097 ) ;
#1488 = EDGE_LOOP ( 'NONE', ( #5020, #4777, #1921, #3430 ) ) ;
#1489 = CARTESIAN_POINT ( 'NONE',  ( 2.591598520219645430, 35.28420193411096051, 8.065909789435616872 ) ) ;
#1490 = EDGE_CURVE ( 'NONE', #3853, #2713, #2243, .T. ) ;
#1491 = ADVANCED_FACE ( 'NONE', ( #578 ), #4613, .T. ) ;
#1492 = CARTESIAN_POINT ( 'NONE',  ( -5.333717501960838270, 33.51628249803922444, -2.494842772976577638 ) ) ;
#1493 = ORIENTED_EDGE ( 'NONE', *, *, #1835, .F. ) ;
#1494 = AXIS2_PLACEMENT_3D ( 'NONE', #2380, #1279, #2458 ) ;
#1495 = FACE_OUTER_BOUND ( 'NONE', #1012, .T. ) ;
#1496 = CARTESIAN_POINT ( 'NONE',  ( 7.429144959918185798, 24.49009537211634324, 1.070247903521225785 ) ) ;
#1497 = LINE ( 'NONE', #1154, #1814 ) ;
#1498 = CIRCLE ( 'NONE', #1423, 1.750000000000001554 ) ;
#1499 = CARTESIAN_POINT ( 'NONE',  ( -5.226162889743307893, 33.62383711025675126, 2.890882859769665636 ) ) ;
#1500 = ORIENTED_EDGE ( 'NONE', *, *, #3805, .F. ) ;
#1501 = CARTESIAN_POINT ( 'NONE',  ( 7.565567851605619509, 13.73159710166349612, -0.8818698785881453617 ) ) ;
#1502 = ADVANCED_FACE ( 'NONE', ( #3453, #1129 ), #5032, .T. ) ;
#1503 = VECTOR ( 'NONE', #622, 1000.000000000000000 ) ;
#1504 = DIRECTION ( 'NONE',  ( 0.5773502691896256200, 0.5773502691896258421, 0.5773502691896258421 ) ) ;
#1505 = B_SPLINE_CURVE_WITH_KNOTS ( 'NONE', 3,
 ( #1360, #1332, #2182, #3699, #3362, #542, #4917, #2928 ),
 .UNSPECIFIED., .F., .F.,
 ( 4, 2, 2, 4 ),
 ( 0.000000000000000000, 0.5000000000000005551, 0.7500000000000002220, 1.000000000000000000 ),
 .UNSPECIFIED. ) ;
#1506 = LINE ( 'NONE', #1114, #96 ) ;
#1507 = CIRCLE ( 'NONE', #4293, 1.350000000000002309 ) ;
#1508 = DIRECTION ( 'NONE',  ( 0.000000000000000000, 0.000000000000000000, 1.000000000000000000 ) ) ;
#1509 = ORIENTED_EDGE ( 'NONE', *, *, #77, .F. ) ;
#1510 = CARTESIAN_POINT ( 'NONE',  ( -3.156803948898768475, 35.37519378135860393, 7.299775327010961767 ) ) ;
#1511 = EDGE_CURVE ( 'NONE', #1885, #2331, #1082, .T. ) ;
#1512 = CARTESIAN_POINT ( 'NONE',  ( -3.577777777777772616, 0.000000000000000000, -6.016602544030927646 ) ) ;
#1513 = AXIS2_PLACEMENT_3D ( 'NONE', #4885, #3667, #3768 ) ;
#1514 = CARTESIAN_POINT ( 'NONE',  ( -2.090764221029006836E-15, 23.50000000000000000, 18.25000000000001066 ) ) ;
#1515 = EDGE_LOOP ( 'NONE', ( #307, #4289, #2158, #4297 ) ) ;
#1516 = ORIENTED_EDGE ( 'NONE', *, *, #41, .F. ) ;
#1517 = CARTESIAN_POINT ( 'NONE',  ( 2.819569455229195221, 35.68291407928826686, 7.480883500331646729 ) ) ;
#1518 = CARTESIAN_POINT ( 'NONE',  ( -5.702953949272545842, 33.14704605072751775, -2.095405034624093332 ) ) ;
#1519 = VERTEX_POINT ( 'NONE', #5005 ) ;
#1520 = EDGE_CURVE ( 'NONE', #2427, #903, #1497, .T. ) ;
#1521 = LINE ( 'NONE', #517, #2816 ) ;
#1522 = CARTESIAN_POINT ( 'NONE',  ( 7.808328886515983669, 14.12607850860509195, -0.8000000000000000444 ) ) ;
#1523 = CARTESIAN_POINT ( 'NONE',  ( 7.711088805464469509, 13.67528503696029851, 0.6092025888059504624 ) ) ;
#1524 = CARTESIAN_POINT ( 'NONE',  ( -5.464271298825586598, 33.22741821097268655, 2.478747968516224365 ) ) ;
#1525 = VERTEX_POINT ( 'NONE', #2655 ) ;
#1526 = ORIENTED_EDGE ( 'NONE', *, *, #2678, .F. ) ;
#1527 = CARTESIAN_POINT ( 'NONE',  ( -6.226776695296638131, 32.62322330470341569, 1.950000000000000622 ) ) ;
#1528 = DIRECTION ( 'NONE',  ( -0.3614101326064537156, -0.7071067811865523467, -0.6077686369412121925 ) ) ;
#1529 = CARTESIAN_POINT ( 'NONE',  ( -6.226776695296639019, 17.37677669529658786, -1.949999999999999956 ) ) ;
#1530 = DIRECTION ( 'NONE',  ( 0.000000000000000000, -1.000000000000000000, 0.000000000000000000 ) ) ;
#1531 = VERTEX_POINT ( 'NONE', #4601 ) ;
#1532 = CARTESIAN_POINT ( 'NONE',  ( -3.000000000000001332, 34.72923556460597894, 8.076141003662902662 ) ) ;
#1533 = FACE_OUTER_BOUND ( 'NONE', #1208, .T. ) ;
#1534 = CARTESIAN_POINT ( 'NONE',  ( 2.499999999999986677, 8.250000000000001776, 15.00000000000000533 ) ) ;
#1535 = ADVANCED_FACE ( 'NONE', ( #395 ), #4225, .F. ) ;
#1536 = EDGE_LOOP ( 'NONE', ( #4798, #1321, #4664, #3308, #4786, #5045 ) ) ;
#1537 = ORIENTED_EDGE ( 'NONE', *, *, #2967, .T. ) ;
#1538 = CARTESIAN_POINT ( 'NONE',  ( 3.939484588539694521, 36.98649833769519546, 6.382048567354424939 ) ) ;
#1539 = CARTESIAN_POINT ( 'NONE',  ( -6.226776695296637243, 32.62322330470341569, -1.950000000000001732 ) ) ;
#1540 = ORIENTED_EDGE ( 'NONE', *, *, #199, .T. ) ;
#1541 = CARTESIAN_POINT ( 'NONE',  ( -5.299999999999998046, 33.48335997137642295, 2.724541873914639645 ) ) ;
#1542 = DIRECTION ( 'NONE',  ( 1.000000000000000000, 0.000000000000000000, 0.000000000000000000 ) ) ;
#1543 = DIRECTION ( 'NONE',  ( 0.000000000000000000, -0.000000000000000000, 1.000000000000000000 ) ) ;
#1544 = ADVANCED_FACE ( 'NONE', ( #4701 ), #2625, .F. ) ;
#1545 = DIRECTION ( 'NONE',  ( 1.000000000000000000, -1.266937925838610979E-32, 0.000000000000000000 ) ) ;
#1546 = LINE ( 'NONE', #3910, #1236 ) ;
#1547 = ORIENTED_EDGE ( 'NONE', *, *, #2350, .T. ) ;
#1548 = DIRECTION ( 'NONE',  ( -0.4999999999999998890, 0.4999999999999998890, 0.7071067811865476838 ) ) ;
#1549 = CARTESIAN_POINT ( 'NONE',  ( -6.849999999999993427, 25.00000000000000000, 2.200000000000000178 ) ) ;
#1550 = EDGE_CURVE ( 'NONE', #1559, #2807, #705, .T. ) ;
#1551 = CARTESIAN_POINT ( 'NONE',  ( -3.863403069440763726, 36.87986937264355447, 6.430496018423583315 ) ) ;
#1552 = ORIENTED_EDGE ( 'NONE', *, *, #1349, .T. ) ;
#1553 = CARTESIAN_POINT ( 'NONE',  ( 0.000000000000000000, 0.5000000000000004441, 0.000000000000000000 ) ) ;
#1554 = ORIENTED_EDGE ( 'NONE', *, *, #3436, .T. ) ;
#1555 = CARTESIAN_POINT ( 'NONE',  ( -3.269930516070429949, 35.66165988862037750, 7.072673888993125324 ) ) ;
#1556 = CARTESIAN_POINT ( 'NONE',  ( -5.775008343237685970, 17.18689865119173277, 2.252111125063761321 ) ) ;
#1557 = VECTOR ( 'NONE', #2616, 1000.000000000000000 ) ;
#1558 = CARTESIAN_POINT ( 'NONE',  ( -15.41219158730642214, 30.00000000000000355, 11.75000000000000178 ) ) ;
#1559 = VERTEX_POINT ( 'NONE', #3139 ) ;
#1560 = ORIENTED_EDGE ( 'NONE', *, *, #447, .F. ) ;
#1561 = CARTESIAN_POINT ( 'NONE',  ( 3.234395913296447489, 36.21780636477389947, 6.942854855499269284 ) ) ;
#1562 = AXIS2_PLACEMENT_3D ( 'NONE', #4477, #1837, #680 ) ;
#1563 = ADVANCED_FACE ( 'NONE', ( #3065 ), #5054, .T. ) ;
#1564 = CARTESIAN_POINT ( 'NONE',  ( 2.999999999999997780, 26.25606379523529199, 14.78682942357819208 ) ) ;
#1565 = CONICAL_SURFACE ( 'NONE', #2549, 4.200000000000000178, 0.7853981633974500554 ) ;
#1566 = ORIENTED_EDGE ( 'NONE', *, *, #2024, .T. ) ;
#1567 = CARTESIAN_POINT ( 'NONE',  ( -5.672860890458653493, 32.94928567939926722, 2.301256225630430308 ) ) ;
#1568 = CARTESIAN_POINT ( 'NONE',  ( 7.502321588109414741, 13.62881664869443199, -0.9412035741178693682 ) ) ;
#1569 = EDGE_CURVE ( 'NONE', #3247, #2400, #3352, .T. ) ;
#1570 = AXIS2_PLACEMENT_3D ( 'NONE', #2834, #4397, #4824 ) ;
#1571 = CARTESIAN_POINT ( 'NONE',  ( -3.315336879410521131, 35.76815204506790025, 6.997536861834845467 ) ) ;
#1572 = CARTESIAN_POINT ( 'NONE',  ( 7.487843721906760841, 13.45203995340259340, 0.7794558079350728530 ) ) ;
#1573 = CARTESIAN_POINT ( 'NONE',  ( -5.433201480004218986, 33.26884463606782560, 2.520213803973103239 ) ) ;
#1574 = EDGE_LOOP ( 'NONE', ( #72, #2708, #1819, #284 ) ) ;
#1575 = CONICAL_SURFACE ( 'NONE', #832, 1.350000000000000533, 0.7853981633974530530 ) ;
#1576 = B_SPLINE_CURVE_WITH_KNOTS ( 'NONE', 3,
 ( #2768, #839, #2142, #4334, #813, #1997, #2352, #58, #3665, #1169, #579, #3571, #1707, #1615, #3181, #1474, #3717, #2627, #2553, #1060, #1428, #3329, #275, #3746, #3429, #1788, #3766, #2995, #2656, #250, #2218, #3353, #4555, #3817, #1838, #4907, #1011, #1037, #4200, #206, #682, #1767, #1811, #2245, #298, #985, #4980, #4226, #2173, #2582, #231, #4152, #3040, #1860, #3378, #706, #4883, #1374, #2943, #4125, #4602, #1084, #4502, #609, #1401, #634, #3406, #2969, #4528, #2196 ),
 .UNSPECIFIED., .F., .F.,
 ( 4, 2, 2, 1, 2, 2, 1, 1, 2, 2, 1, 2, 2, 2, 2, 1, 1, 2, 2, 1, 2, 2, 2, 1, 2, 2, 2, 1, 2, 2, 2, 2, 2, 1, 2, 2, 2, 2, 2, 4 ),
 ( 0.000000000000000000, 0.007812499999994127961, 0.01562499999998825592, 0.02343749999998238215, 0.02734374999998185479, 0.03124999999998132744, 0.04687499999999128475, 0.05468749999999626688, 0.05859374999999680811, 0.06249999999999734934, 0.07812499999999289457, 0.08593749999999279743, 0.09374999999999268641, 0.1093749999999968497, 0.1250000000000010270, 0.1562500000000133504, 0.1718750000000171529, 0.1796875000000167644, 0.1875000000000163758, 0.2187500000000152378, 0.2343750000000122680, 0.2500000000000092704, 0.3124999999999978351, 0.3437499999999924505, 0.3593749999999900080, 0.3749999999999875655, 0.4374999999999693023, 0.4687499999999604205, 0.4843749999999583111, 0.4999999999999561462, 0.5624999999999575895, 0.5937499999999604761, 0.6249999999999634737, 0.6874999999999694689, 0.7187499999999724665, 0.7499999999999754641, 0.8124999999999782396, 0.8437499999999804601, 0.8749999999999825695, 1.000000000000000000 ),
 .UNSPECIFIED. ) ;
#1577 = CARTESIAN_POINT ( 'NONE',  ( 12.01461148550039049, 22.11254221252185204, 0.9288077169962292157 ) ) ;
#1578 = CARTESIAN_POINT ( 'NONE',  ( -5.808095367854754443, 32.76898367620178476, -2.239976939143222712 ) ) ;
#1579 = CIRCLE ( 'NONE', #1494, 7.499999999999998224 ) ;
#1580 = CARTESIAN_POINT ( 'NONE',  ( -0.2500000000000184297, 30.00000000000000355, 13.65000000000000036 ) ) ;
#1581 = VERTEX_POINT ( 'NONE', #3267 ) ;
#1582 = DIRECTION ( 'NONE',  ( 0.000000000000000000, -1.000000000000000000, 0.000000000000000000 ) ) ;
#1583 = ORIENTED_EDGE ( 'NONE', *, *, #752, .T. ) ;
#1584 = EDGE_CURVE ( 'NONE', #1655, #2615, #2876, .T. ) ;
#1585 = VECTOR ( 'NONE', #4598, 1000.000000000000000 ) ;
#1586 = CARTESIAN_POINT ( 'NONE',  ( -3.000000000000002665, 35.00000000000000000, 18.75000000000000355 ) ) ;
#1587 = CARTESIAN_POINT ( 'NONE',  ( -5.943660458265080493, 17.41177181702812149, 2.207402649909688375 ) ) ;
#1588 = AXIS2_PLACEMENT_3D ( 'NONE', #3062, #1105, #4817 ) ;
#1589 = LINE ( 'NONE', #2792, #3545 ) ;
#1590 = EDGE_LOOP ( 'NONE', ( #237, #2308, #2167, #2815, #5007 ) ) ;
#1591 = ORIENTED_EDGE ( 'NONE', *, *, #3832, .F. ) ;
#1592 = CARTESIAN_POINT ( 'NONE',  ( 3.801146709281988390, 36.84844194574667853, 6.472049737384221402 ) ) ;
#1593 = VECTOR ( 'NONE', #283, 1000.000000000000000 ) ;
#1594 = CIRCLE ( 'NONE', #851, 2.000000000000000000 ) ;
#1595 = CARTESIAN_POINT ( 'NONE',  ( -5.299999999999998934, 16.55355339059104480, 2.949999999999999734 ) ) ;
#1596 = ORIENTED_EDGE ( 'NONE', *, *, #3005, .F. ) ;
#1597 = EDGE_CURVE ( 'NONE', #3054, #3143, #4674, .T. ) ;
#1598 = CARTESIAN_POINT ( 'NONE',  ( 2.499999999999990230, 5.000000000000000888, 15.00000000000000355 ) ) ;
#1599 = DIRECTION ( 'NONE',  ( 1.000000000000000000, 0.000000000000000000, 0.000000000000000000 ) ) ;
#1600 = CARTESIAN_POINT ( 'NONE',  ( 7.985105581812614872, 13.94930181330844832, -0.5500000000000002665 ) ) ;
#1601 = CARTESIAN_POINT ( 'NONE',  ( -3.836633186591263289, 36.82501051550657678, 6.449221093572452546 ) ) ;
#1602 = CARTESIAN_POINT ( 'NONE',  ( -6.226776695296638131, 32.62322330470341569, 1.950000000000000622 ) ) ;
#1603 = CARTESIAN_POINT ( 'NONE',  ( -5.946918382631698030, 32.58388876589785355, 2.205331772726693451 ) ) ;
#1604 = EDGE_CURVE ( 'NONE', #4075, #2583, #876, .T. ) ;
#1605 = ORIENTED_EDGE ( 'NONE', *, *, #253, .T. ) ;
#1606 = CARTESIAN_POINT ( 'NONE',  ( -5.299999999988235899, 16.55355831964969937, -2.901060283915467775 ) ) ;
#1607 = CARTESIAN_POINT ( 'NONE',  ( -5.673192172617308238, 32.94884557536314418, -2.301418839288316143 ) ) ;
#1608 = DIRECTION ( 'NONE',  ( 3.363765581148665724E-16, 0.000000000000000000, 1.000000000000000000 ) ) ;
#1609 = VERTEX_POINT ( 'NONE', #1231 ) ;
#1610 = CARTESIAN_POINT ( 'NONE',  ( -3.000000000000001332, 34.65823831843818681, 8.249693945507008408 ) ) ;
#1611 = ORIENTED_EDGE ( 'NONE', *, *, #2697, .T. ) ;
#1612 = CARTESIAN_POINT ( 'NONE',  ( -3.361899191300906864, 35.87311722465058494, 6.928406457640419625 ) ) ;
#1613 = CARTESIAN_POINT ( 'NONE',  ( -5.319185960141898484, 16.57912509715185934, 2.754496679738705378 ) ) ;
#1614 = EDGE_CURVE ( 'NONE', #1358, #2353, #2002, .T. ) ;
#1615 = CARTESIAN_POINT ( 'NONE',  ( -3.734268955546028224, 36.78776312341101118, 6.517264294486829534 ) ) ;
#1616 = ORIENTED_EDGE ( 'NONE', *, *, #273, .T. ) ;
#1617 = ORIENTED_EDGE ( 'NONE', *, *, #1233, .F. ) ;
#1618 = CARTESIAN_POINT ( 'NONE',  ( 2.999999999999997780, 30.00000000000000355, 15.00000000000000355 ) ) ;
#1619 = CARTESIAN_POINT ( 'NONE',  ( -5.299999999999998046, 16.44999999999993534, 2.574388938524322157 ) ) ;
#1620 = EDGE_LOOP ( 'NONE', ( #3443, #2746, #1760, #2511 ) ) ;
#1621 = CYLINDRICAL_SURFACE ( 'NONE', #2409, 1.399999999999998579 ) ;
#1622 = CARTESIAN_POINT ( 'NONE',  ( 2.499999999999991118, 35.00000000000000000, 9.165151389911681434 ) ) ;
#1623 = CARTESIAN_POINT ( 'NONE',  ( -3.027881190342470941, 34.95207840182067827, 7.740074554416029429 ) ) ;
#1624 = DIRECTION ( 'NONE',  ( 0.8595146491472761552, 0.000000000000000000, 0.5111111111111114047 ) ) ;
#1625 = CARTESIAN_POINT ( 'NONE',  ( -2.549919426945262746, 35.12263643548939029, 8.432992696897828822 ) ) ;
#1626 = VERTEX_POINT ( 'NONE', #4723 ) ;
#1627 = CARTESIAN_POINT ( 'NONE',  ( -3.000000000000002665, 0.5000000000000073275, 18.24999999999999645 ) ) ;
#1628 = CARTESIAN_POINT ( 'NONE',  ( -5.300000000000001599, 33.44644660939986380, -2.950000000000000622 ) ) ;
#1629 = ADVANCED_FACE ( 'NONE', ( #525 ), #4195, .F. ) ;
#1630 = CARTESIAN_POINT ( 'NONE',  ( 3.411766387474481466, 35.97927770193342667, 6.861503429434876011 ) ) ;
#1631 = ORIENTED_EDGE ( 'NONE', *, *, #746, .F. ) ;
#1632 = CARTESIAN_POINT ( 'NONE',  ( -2.504811303461235372, 35.00099026709249728, 9.088550766045425888 ) ) ;
#1633 = ORIENTED_EDGE ( 'NONE', *, *, #3261, .F. ) ;
#1634 = CARTESIAN_POINT ( 'NONE',  ( -3.569473079368342461, 36.30945281163381821, 6.677966988219177225 ) ) ;
#1635 = DIRECTION ( 'NONE',  ( 0.000000000000000000, 1.000000000000000000, 0.000000000000000000 ) ) ;
#1636 = CARTESIAN_POINT ( 'NONE',  ( 7.499999999999996447, 24.53580376850417366, -0.7673672027782261207 ) ) ;
#1637 = VERTEX_POINT ( 'NONE', #4066 ) ;
#1638 = VERTEX_POINT ( 'NONE', #472 ) ;
#1639 = CARTESIAN_POINT ( 'NONE',  ( 3.819322518498014851, 36.86749582740650055, 6.459775478559595996 ) ) ;
#1640 = DIRECTION ( 'NONE',  ( 0.000000000000000000, 0.000000000000000000, 1.000000000000000000 ) ) ;
#1641 = VERTEX_POINT ( 'NONE', #4746 ) ;
#1642 = DIRECTION ( 'NONE',  ( -3.363765581148665724E-16, 0.000000000000000000, -1.000000000000000000 ) ) ;
#1643 = VECTOR ( 'NONE', #4830, 1000.000000000000114 ) ;
#1644 = EDGE_CURVE ( 'NONE', #2976, #1581, #549, .T. ) ;
#1645 = EDGE_CURVE ( 'NONE', #1744, #4663, #1676, .T. ) ;
#1646 = CARTESIAN_POINT ( 'NONE',  ( -3.128066191881390790, 36.09168682433350739, 7.055400126072503220 ) ) ;
#1647 = CIRCLE ( 'NONE', #4518, 7.499999999999998224 ) ;
#1648 = DIRECTION ( 'NONE',  ( 0.000000000000000000, 0.000000000000000000, -1.000000000000000000 ) ) ;
#1649 = CARTESIAN_POINT ( 'NONE',  ( 7.458557432540468213, 13.46419623149582634, 0.8663904146049996591 ) ) ;
#1650 = VERTEX_POINT ( 'NONE', #3961 ) ;
#1651 = VECTOR ( 'NONE', #4994, 1000.000000000000114 ) ;
#1652 = CARTESIAN_POINT ( 'NONE',  ( -5.964766151607684641, 17.43990927539228153, -2.204845919568596102 ) ) ;
#1653 = CARTESIAN_POINT ( 'NONE',  ( -5.962931274247138091, 32.56253797148454510, -2.204946588705143817 ) ) ;
#1654 = CARTESIAN_POINT ( 'NONE',  ( 3.136089556465447181, 35.31726702539079099, 7.350206339378600795 ) ) ;
#1655 = VERTEX_POINT ( 'NONE', #2418 ) ;
#1656 = CARTESIAN_POINT ( 'NONE',  ( 2.499999999999992006, -3.375000000000018208, 3.375000000000032419 ) ) ;
#1657 = EDGE_CURVE ( 'NONE', #1736, #740, #4446, .T. ) ;
#1658 = LINE ( 'NONE', #4306, #436 ) ;
#1659 = AXIS2_PLACEMENT_3D ( 'NONE', #4412, #2408, #3981 ) ;
#1660 = CARTESIAN_POINT ( 'NONE',  ( -5.643921890209436576, 17.01211749059202205, 2.319315389827321550 ) ) ;
#1661 = DIRECTION ( 'NONE',  ( 1.000000000000000000, -0.000000000000000000, 1.095509984775996664E-16 ) ) ;
#1662 = STYLED_ITEM ( 'NONE', ( #182 ), #3458 ) ;
#1663 = VERTEX_POINT ( 'NONE', #2804 ) ;
#1664 = VERTEX_POINT ( 'NONE', #2033 ) ;
#1665 = ADVANCED_FACE ( 'NONE', ( #3556 ), #2060, .F. ) ;
#1666 = CARTESIAN_POINT ( 'NONE',  ( 3.686917849158206639, 36.72719122729758823, 6.552655865728291396 ) ) ;
#1667 = VECTOR ( 'NONE', #2, 1000.000000000000000 ) ;
#1668 = LINE ( 'NONE', #4005, #2965 ) ;
#1669 = ORIENTED_EDGE ( 'NONE', *, *, #4872, .F. ) ;
#1671 = CARTESIAN_POINT ( 'NONE',  ( 2.538642045059201990, 35.07567350738498391, 8.587376789743911942 ) ) ;
#1670 = CONICAL_SURFACE ( 'NONE', #365, 3.699999999999994849, 0.7853981633974536081 ) ;
#1672 = CARTESIAN_POINT ( 'NONE',  ( 0.000000000000000000, 58.00000000000000000, -1.199999999999999956 ) ) ;
#1673 = DIRECTION ( 'NONE',  ( -0.000000000000000000, 0.000000000000000000, 1.000000000000000000 ) ) ;
#1674 = CIRCLE ( 'NONE', #2789, 7.499999999999998224 ) ;
#1675 = AXIS2_PLACEMENT_3D ( 'NONE', #3109, #1958, #4673 ) ;
#1676 = LINE ( 'NONE', #495, #501 ) ;
#1677 = EDGE_CURVE ( 'NONE', #3409, #133, #742, .T. ) ;
#1678 = CARTESIAN_POINT ( 'NONE',  ( -2.540138983744258283, 35.08110833330465539, 8.566420936713949885 ) ) ;
#1679 = VERTEX_POINT ( 'NONE', #45 ) ;
#1680 = DIRECTION ( 'NONE',  ( 0.7071067811865472397, 0.000000000000000000, -0.7071067811865479058 ) ) ;
#1681 = CARTESIAN_POINT ( 'NONE',  ( -5.299999999999998046, 33.55000000000006821, 2.574388938522977455 ) ) ;
#1682 = CARTESIAN_POINT ( 'NONE',  ( 3.856202872002389093, 36.84123804592977081, 6.437097681647494518 ) ) ;
#1683 = CONICAL_SURFACE ( 'NONE', #3233, 1.699999999999972200, 0.7853981633974479459 ) ;
#1684 = ORIENTED_EDGE ( 'NONE', *, *, #604, .T. ) ;
#1685 = LINE ( 'NONE', #3691, #2992 ) ;
#1686 = SURFACE_STYLE_FILL_AREA ( #1354 ) ;
#1687 = LINE ( 'NONE', #3255, #2576 ) ;
#1688 = CARTESIAN_POINT ( 'NONE',  ( -5.300000000000001599, 33.48345504681530826, -2.726018134760138878 ) ) ;
#1689 = EDGE_CURVE ( 'NONE', #4603, #3206, #1312, .T. ) ;
#1690 = EDGE_LOOP ( 'NONE', ( #4989, #3983, #3438, #4922 ) ) ;
#1691 = ORIENTED_EDGE ( 'NONE', *, *, #3677, .T. ) ;
#1692 = FACE_OUTER_BOUND ( 'NONE', #363, .T. ) ;
#1693 = DIRECTION ( 'NONE',  ( -3.363765581148665724E-16, 0.000000000000000000, -1.000000000000000000 ) ) ;
#1694 = EDGE_CURVE ( 'NONE', #4366, #4995, #1404, .T. ) ;
#1695 = CARTESIAN_POINT ( 'NONE',  ( -5.299999999999998046, 16.51654495318489779, 2.726018134760660683 ) ) ;
#1696 = B_SPLINE_CURVE_WITH_KNOTS ( 'NONE', 3,
 ( #3103, #4621, #2646, #3500, #1489, #1144, #3807, #4665, #718, #389, #291, #4217, #1053, #1853, #2716, #2617, #1517, #3831, #741, #768, #4239, #1467, #3032, #699, #1901, #2281, #1875, #2693, #3445, #2332, #412, #3521, #4337, #1561, #4028, #4312, #2027, #1974, #3546, #3184, #793, #2355, #4766, #34, #439, #2434, #3237, #3925, #1666, #1223, #1198, #3596, #3952, #1592, #7, #516, #1639, #4004, #2748, #893 ),
 .UNSPECIFIED., .F., .F.,
 ( 4, 2, 2, 2, 2, 2, 2, 2, 1, 2, 2, 2, 1, 2, 2, 2, 1, 2, 2, 2, 1, 1, 2, 2, 2, 1, 1, 2, 2, 1, 1, 1, 2, 2, 4 ),
 ( 0.000000000000000000, 0.06250000000000875688, 0.09375000000001226796, 0.1250000000000157929, 0.1875000000000229261, 0.2187500000000272837, 0.2500000000000316414, 0.3125000000000437428, 0.3437500000000480171, 0.3593750000000501266, 0.3750000000000522360, 0.4375000000000537348, 0.4687500000000562883, 0.4843750000000574540, 0.5000000000000585088, 0.5625000000000500711, 0.5937500000000434097, 0.6093750000000379696, 0.6250000000000325295, 0.6875000000000249800, 0.7187500000000214273, 0.7343750000000196509, 0.7421875000000188738, 0.7500000000000179856, 0.8125000000000146549, 0.8437500000000128786, 0.8593750000000101030, 0.8671875000000107692, 0.8750000000000115463, 0.9062500000000002220, 0.9218749999999944489, 0.9296874999999934497, 0.9335937499999926725, 0.9374999999999918954, 1.000000000000000000 ),
 .UNSPECIFIED. ) ;
#1697 = VERTEX_POINT ( 'NONE', #4419 ) ;
#1698 = CARTESIAN_POINT ( 'NONE',  ( 2.516602545919642608, 35.01464262384053683, 8.907100476835092095 ) ) ;
#1699 = CARTESIAN_POINT ( 'NONE',  ( -1.734723475976807094E-15, 33.25000000000000000, 18.25000000000001066 ) ) ;
#1700 = CARTESIAN_POINT ( 'NONE',  ( -2.700188496183187237, 35.49929663113292122, 7.719068866429303455 ) ) ;
#1701 = CARTESIAN_POINT ( 'NONE',  ( 7.437945024917564929, 13.52420473350767516, 1.046925339143972122 ) ) ;
#1702 = DIRECTION ( 'NONE',  ( 1.000000000000000000, 0.000000000000000000, 0.000000000000000000 ) ) ;
#1703 = ORIENTED_EDGE ( 'NONE', *, *, #3135, .F. ) ;
#1704 = PLANE ( 'NONE',  #2812 ) ;
#1705 = CARTESIAN_POINT ( 'NONE',  ( 2.499999999999990674, 35.00000000000000000, 18.24999999999999645 ) ) ;
#1706 = CARTESIAN_POINT ( 'NONE',  ( 3.449254071549090472, 36.05863586867025816, 6.814706080341777827 ) ) ;
#1707 = CARTESIAN_POINT ( 'NONE',  ( -3.742257877670110755, 36.79666753522047884, 6.511597359063610035 ) ) ;
#1708 = ORIENTED_EDGE ( 'NONE', *, *, #2022, .F. ) ;
#1709 = DIRECTION ( 'NONE',  ( 0.000000000000000000, 0.000000000000000000, 1.000000000000000000 ) ) ;
#1710 = B_SPLINE_CURVE_WITH_KNOTS ( 'NONE', 3,
 ( #2718, #743, #3833, #2236, #3902, #3446 ),
 .UNSPECIFIED., .F., .F.,
 ( 4, 2, 4 ),
 ( 0.000000000000000000, 0.5000000000000000000, 1.000000000000000000 ),
 .UNSPECIFIED. ) ;
#1711 = ADVANCED_FACE ( 'NONE', ( #899 ), #3658, .F. ) ;
#1712 = DIRECTION ( 'NONE',  ( 1.000000000000000000, 0.000000000000000000, 0.000000000000000000 ) ) ;
#1713 = EDGE_CURVE ( 'NONE', #398, #2175, #416, .T. ) ;
#1714 = DIRECTION ( 'NONE',  ( 0.000000000000000000, 1.000000000000000000, 0.000000000000000000 ) ) ;
#1715 = FACE_OUTER_BOUND ( 'NONE', #4815, .T. ) ;
#1716 = DIRECTION ( 'NONE',  ( 1.095509984775996541E-16, 0.000000000000000000, -1.000000000000000000 ) ) ;
#1717 = VERTEX_POINT ( 'NONE', #977 ) ;
#1718 = DIRECTION ( 'NONE',  ( 0.000000000000000000, 0.7071067811865463515, 0.7071067811865487940 ) ) ;
#1719 = CARTESIAN_POINT ( 'NONE',  ( -5.302311999700155987, 16.55663605686008566, -3.008844321795883126 ) ) ;
#1720 = PLANE ( 'NONE',  #3043 ) ;
#1721 = EDGE_LOOP ( 'NONE', ( #2649, #2983, #4710, #968 ) ) ;
#1722 = CARTESIAN_POINT ( 'NONE',  ( 2.528533599960417266, 35.04247354211490517, 8.730898727680726168 ) ) ;
#1723 = CARTESIAN_POINT ( 'NONE',  ( 2.814465447812176890, 35.67575715315305018, 7.489098623967080037 ) ) ;
#1724 = EDGE_CURVE ( 'NONE', #3187, #956, #1903, .T. ) ;
#1725 = CARTESIAN_POINT ( 'NONE',  ( -3.816825103124013907, 36.88153955464363065, 6.460118161639019974 ) ) ;
#1726 = CARTESIAN_POINT ( 'NONE',  ( -5.504746480514839391, 16.65474648051478113, 2.230748187903897506 ) ) ;
#1727 = VECTOR ( 'NONE', #4294, 1000.000000000000114 ) ;
#1728 = DIRECTION ( 'NONE',  ( -0.000000000000000000, 1.000000000000000000, -0.000000000000000000 ) ) ;
#1729 = ORIENTED_EDGE ( 'NONE', *, *, #1065, .T. ) ;
#1730 = ADVANCED_FACE ( 'NONE', ( #1804 ), #2135, .T. ) ;
#1731 = CARTESIAN_POINT ( 'NONE',  ( -5.536337756466324755, 16.86867226145610488, -2.403002076303041523 ) ) ;
#1732 = AXIS2_PLACEMENT_3D ( 'NONE', #1756, #3322, #627 ) ;
#1733 = CARTESIAN_POINT ( 'NONE',  ( 7.439667920020494485, 24.59613584848367651, 0.8441565907659405177 ) ) ;
#1734 = CARTESIAN_POINT ( 'NONE',  ( 3.387264983632746418, 35.92620730296084020, 6.894238562193694797 ) ) ;
#1735 = PLANE ( 'NONE',  #2799 ) ;
#1736 = VERTEX_POINT ( 'NONE', #1054 ) ;
#1737 = AXIS2_PLACEMENT_3D ( 'NONE', #1465, #715, #2614 ) ;
#1738 = CYLINDRICAL_SURFACE ( 'NONE', #3403, 3.249999999999999556 ) ;
#1739 = DIRECTION ( 'NONE',  ( -0.7071067811865433539, 0.7071067811865516806, 0.000000000000000000 ) ) ;
#1740 = CARTESIAN_POINT ( 'NONE',  ( 7.434708070950960312, 13.49492239332324317, 0.9903647482276660696 ) ) ;
#1741 = CARTESIAN_POINT ( 'NONE',  ( -5.300000000000001599, 33.53368086450325336, -2.605111963947892129 ) ) ;
#1742 = EDGE_CURVE ( 'NONE', #4516, #1092, #2449, .T. ) ;
#1743 = ORIENTED_EDGE ( 'NONE', *, *, #1150, .F. ) ;
#1744 = VERTEX_POINT ( 'NONE', #3783 ) ;
#1745 = VECTOR ( 'NONE', #3622, 1000.000000000000000 ) ;
#1746 = DIRECTION ( 'NONE',  ( 0.000000000000000000, 1.000000000000000000, 0.000000000000000000 ) ) ;
#1747 = CARTESIAN_POINT ( 'NONE',  ( -5.763064854758477296, 16.91306485475842436, -2.061352627281774375 ) ) ;
#1748 = AXIS2_PLACEMENT_3D ( 'NONE', #1193, #835, #4077 ) ;
#1749 = DIRECTION ( 'NONE',  ( -0.000000000000000000, -0.000000000000000000, -1.000000000000000000 ) ) ;
#1750 = ORIENTED_EDGE ( 'NONE', *, *, #1247, .F. ) ;
#1751 = CARTESIAN_POINT ( 'NONE',  ( 0.000000000000000000, 50.00000000000000000, 0.000000000000000000 ) ) ;
#1752 = CARTESIAN_POINT ( 'NONE',  ( 3.011032327871823178, 35.94264141012536840, 7.197399837039245796 ) ) ;
#1753 = AXIS2_PLACEMENT_3D ( 'NONE', #4299, #2393, #49 ) ;
#1754 = B_SPLINE_CURVE_WITH_KNOTS ( 'NONE', 1,
 ( #811, #406 ),
 .UNSPECIFIED., .F., .F.,
 ( 2, 2 ),
 ( 0.000000000000000000, 1.000000000000000000 ),
 .UNSPECIFIED. ) ;
#1755 = DIRECTION ( 'NONE',  ( -0.7071067811865494601, -0.7071067811865455743, 4.311394980511694551E-18 ) ) ;
#1756 = CARTESIAN_POINT ( 'NONE',  ( -3.000000000000002220, 30.00000000000000355, 15.00000000000000178 ) ) ;
#1757 = EDGE_CURVE ( 'NONE', #468, #4221, #4494, .T. ) ;
#1758 = AXIS2_PLACEMENT_3D ( 'NONE', #586, #2480, #158 ) ;
#1759 = CARTESIAN_POINT ( 'NONE',  ( 7.766478283603158950, 14.05807184660900688, 0.8021921408813680321 ) ) ;
#1760 = ORIENTED_EDGE ( 'NONE', *, *, #2603, .T. ) ;
#1761 = CARTESIAN_POINT ( 'NONE',  ( -5.612388971586103281, 16.97007517166474955, -2.340776552815940548 ) ) ;
#1762 = CIRCLE ( 'NONE', #533, 3.249999999999999556 ) ;
#1763 = AXIS2_PLACEMENT_3D ( 'NONE', #1452, #2677, #4244 ) ;
#1764 = CARTESIAN_POINT ( 'NONE',  ( 7.825167379124009059, 24.21063638938016283, 0.5686945698679107819 ) ) ;
#1765 = DIRECTION ( 'NONE',  ( 0.000000000000000000, 0.000000000000000000, -1.000000000000000000 ) ) ;
#1766 = EDGE_CURVE ( 'NONE', #3379, #1519, #2375, .T. ) ;
#1767 = CARTESIAN_POINT ( 'NONE',  ( -3.207323785289728058, 36.18793430987427229, 6.969697205534337137 ) ) ;
#1768 = CARTESIAN_POINT ( 'NONE',  ( -3.364294578331099328E-15, 11.50000000000001776, 18.25000000000001066 ) ) ;
#1769 = CARTESIAN_POINT ( 'NONE',  ( -5.299999999999998046, 16.44999999999993534, 2.200000000000000178 ) ) ;
#1770 = DIRECTION ( 'NONE',  ( 0.000000000000000000, 0.000000000000000000, 1.000000000000000000 ) ) ;
#1771 = DIRECTION ( 'NONE',  ( 0.000000000000000000, 0.000000000000000000, -1.000000000000000000 ) ) ;
#1772 = VERTEX_POINT ( 'NONE', #4927 ) ;
#1773 = ORIENTED_EDGE ( 'NONE', *, *, #3745, .F. ) ;
#1774 = LINE ( 'NONE', #141, #3716 ) ;
#1775 = DIRECTION ( 'NONE',  ( 1.000000000000000000, 0.000000000000000000, 0.000000000000000000 ) ) ;
#1776 = EDGE_CURVE ( 'NONE', #2357, #3719, #4170, .T. ) ;
#1777 = CARTESIAN_POINT ( 'NONE',  ( 2.999999999999998224, 30.00000000000000355, 11.25000000000000355 ) ) ;
#1778 = EDGE_LOOP ( 'NONE', ( #1939, #2914, #4937 ) ) ;
#1779 = DIRECTION ( 'NONE',  ( -0.7071067811865474617, -0.000000000000000000, -0.7071067811865474617 ) ) ;
#1780 = CARTESIAN_POINT ( 'NONE',  ( 3.277767954657620830, 35.67830176265678688, 7.060111734906419301 ) ) ;
#1781 = EDGE_CURVE ( 'NONE', #4778, #707, #1782, .T. ) ;
#1782 = LINE ( 'NONE', #3739, #3038 ) ;
#1783 = CARTESIAN_POINT ( 'NONE',  ( 2.559015888280590456, 35.16770574774593427, 8.312526934625589448 ) ) ;
#1784 = ORIENTED_EDGE ( 'NONE', *, *, #114, .F. ) ;
#1785 = DIRECTION ( 'NONE',  ( -0.7071067811865500152, 0.000000000000000000, 0.7071067811865451302 ) ) ;
#1786 = DIRECTION ( 'NONE',  ( 0.000000000000000000, 0.7071067811865509034, 0.7071067811865441310 ) ) ;
#1787 = CARTESIAN_POINT ( 'NONE',  ( -6.158053889203397802, 17.30805388920333954, 1.949994642339970996 ) ) ;
#1788 = CARTESIAN_POINT ( 'NONE',  ( -3.590761973279622765, 36.62884508182940380, 6.624002384846353841 ) ) ;
#1789 = ORIENTED_EDGE ( 'NONE', *, *, #3592, .F. ) ;
#1790 = CARTESIAN_POINT ( 'NONE',  ( 0.000000000000000000, 48.50000000000000000, 0.000000000000000000 ) ) ;
#1791 = CARTESIAN_POINT ( 'NONE',  ( 3.367778697655232844E-16, 0.000000000000000000, 2.750000000000009326 ) ) ;
#1792 = EDGE_CURVE ( 'NONE', #4399, #4879, #3398, .T. ) ;
#1793 = DIRECTION ( 'NONE',  ( 0.000000000000000000, 0.000000000000000000, -1.000000000000000000 ) ) ;
#1794 = LINE ( 'NONE', #2948, #4993 ) ;
#1795 = DIRECTION ( 'NONE',  ( 0.3614101326064567132, -0.7071067811865473507, 0.6077686369412159673 ) ) ;
#1796 = ORIENTED_EDGE ( 'NONE', *, *, #4744, .T. ) ;
#1797 = CARTESIAN_POINT ( 'NONE',  ( -1.734723475976807094E-15, 8.250000000000001776, 15.00000000000000533 ) ) ;
#1798 = ADVANCED_FACE ( 'NONE', ( #651 ), #4877, .F. ) ;
#1799 = CARTESIAN_POINT ( 'NONE',  ( -5.433201480004220763, 16.73115536393217084, -2.520213803973103239 ) ) ;
#1800 = CARTESIAN_POINT ( 'NONE',  ( 2.755455298081544285E-16, 0.5000000000000004441, 2.250000000000000000 ) ) ;
#1801 = ORIENTED_EDGE ( 'NONE', *, *, #3906, .F. ) ;
#1802 = CARTESIAN_POINT ( 'NONE',  ( -15.41219158730642214, 5.000000000000000888, 11.75000000000000178 ) ) ;
#1803 = CARTESIAN_POINT ( 'NONE',  ( 2.570208789893862811, 35.22953898743617174, 8.168314990036785517 ) ) ;
#1804 = FACE_OUTER_BOUND ( 'NONE', #4047, .T. ) ;
#1805 = DIRECTION ( 'NONE',  ( 0.000000000000000000, -1.000000000000000000, 0.000000000000000000 ) ) ;
#1806 = EDGE_CURVE ( 'NONE', #807, #1609, #4998, .T. ) ;
#1807 = CARTESIAN_POINT ( 'NONE',  ( 0.000000000000000000, 0.5000000000000004441, 0.000000000000000000 ) ) ;
#1808 = CARTESIAN_POINT ( 'NONE',  ( 7.459710379483207809, 24.44042656532319668, 1.002310361214899359 ) ) ;
#1809 = VECTOR ( 'NONE', #1044, 1000.000000000000000 ) ;
#1810 = CARTESIAN_POINT ( 'NONE',  ( -5.763064854758472855, 16.91306485475841370, 2.061352627281774375 ) ) ;
#1811 = CARTESIAN_POINT ( 'NONE',  ( -3.200765724807262291, 36.18004654586243873, 6.976583612592168748 ) ) ;
#1812 = EDGE_LOOP ( 'NONE', ( #1142, #1708, #192, #1684 ) ) ;
#1813 = CARTESIAN_POINT ( 'NONE',  ( -5.399812303116380718, 33.31335666919017768, 2.575355699880083726 ) ) ;
#1814 = VECTOR ( 'NONE', #801, 999.9999999999998863 ) ;
#1815 = CARTESIAN_POINT ( 'NONE',  ( 7.420104565921874951, 13.49521741722909596, -1.092819174711320285 ) ) ;
#1816 = CARTESIAN_POINT ( 'NONE',  ( 0.000000000000000000, 0.5000000000000073275, 0.000000000000000000 ) ) ;
#1817 = CARTESIAN_POINT ( 'NONE',  ( 10.53580376850417188, 21.50000000000000000, 0.8000000000000000444 ) ) ;
#1818 = EDGE_CURVE ( 'NONE', #4303, #589, #2630, .T. ) ;
#1819 = ORIENTED_EDGE ( 'NONE', *, *, #164, .F. ) ;
#1820 = ORIENTED_EDGE ( 'NONE', *, *, #1694, .F. ) ;
#1821 = CARTESIAN_POINT ( 'NONE',  ( 7.411680033202269868, 24.51847587802969386, -1.142668644244889009 ) ) ;
#1822 = AXIS2_PLACEMENT_3D ( 'NONE', #4214, #3442, #4236 ) ;
#1823 = DIRECTION ( 'NONE',  ( 0.000000000000000000, 0.000000000000000000, 1.000000000000000000 ) ) ;
#1824 = CARTESIAN_POINT ( 'NONE',  ( 0.000000000000000000, 45.50000000000000000, 0.000000000000000000 ) ) ;
#1825 = ADVANCED_FACE ( 'NONE', ( #2960 ), #4651, .T. ) ;
#1826 = ORIENTED_EDGE ( 'NONE', *, *, #704, .T. ) ;
#1827 = DIRECTION ( 'NONE',  ( -0.000000000000000000, -1.000000000000000000, -0.000000000000000000 ) ) ;
#1828 = CARTESIAN_POINT ( 'NONE',  ( 3.487844987278641451, 36.13937982237034419, 6.768207668784834929 ) ) ;
#1829 = VECTOR ( 'NONE', #2429, 1000.000000000000114 ) ;
#1830 = DIRECTION ( 'NONE',  ( 0.000000000000000000, 1.000000000000000000, 0.000000000000000000 ) ) ;
#1831 = CARTESIAN_POINT ( 'NONE',  ( 7.436165004392730538, 13.52131467935656239, 1.046247715740312278 ) ) ;
#1832 = VECTOR ( 'NONE', #2702, 1000.000000000000000 ) ;
#1833 = CARTESIAN_POINT ( 'NONE',  ( -3.000000000000002665, 34.49999999999999289, 18.75000000000000355 ) ) ;
#1834 = CARTESIAN_POINT ( 'NONE',  ( 7.904440338444571168, 24.13136343005960427, 0.5537648312681382468 ) ) ;
#1835 = EDGE_CURVE ( 'NONE', #2371, #672, #1876, .T. ) ;
#1836 = AXIS2_PLACEMENT_3D ( 'NONE', #5017, #359, #3098 ) ;
#1837 = DIRECTION ( 'NONE',  ( 0.000000000000000000, 1.000000000000000000, 0.000000000000000000 ) ) ;
#1838 = CARTESIAN_POINT ( 'NONE',  ( -3.411014859716523517, 36.42648243113172413, 6.773600417533134355 ) ) ;
#1839 = ORIENTED_EDGE ( 'NONE', *, *, #838, .F. ) ;
#1840 = CARTESIAN_POINT ( 'NONE',  ( -5.860418068037295036, 32.69921961273584543, 2.224173191402445404 ) ) ;
#1841 = AXIS2_PLACEMENT_3D ( 'NONE', #1553, #689, #1866 ) ;
#1842 = VECTOR ( 'NONE', #606, 999.9999999999998863 ) ;
#1843 = DIRECTION ( 'NONE',  ( 1.000000000000000000, 0.000000000000000000, 0.000000000000000000 ) ) ;
#1844 = CARTESIAN_POINT ( 'NONE',  ( -2.300000000000001599, 0.5000000000000073275, -3.867815921162742310 ) ) ;
#1846 = AXIS2_PLACEMENT_3D ( 'NONE', #167, #4063, #4741 ) ;
#1845 = DIRECTION ( 'NONE',  ( 0.000000000000000000, 0.000000000000000000, 1.000000000000000000 ) ) ;
#1847 = DIRECTION ( 'NONE',  ( 0.000000000000000000, -1.000000000000000000, 0.000000000000000000 ) ) ;
#1848 = VERTEX_POINT ( 'NONE', #1564 ) ;
#1849 = CARTESIAN_POINT ( 'NONE',  ( 7.439667920020496261, 24.59613584848368006, -0.8441565907659416279 ) ) ;
#1850 = CARTESIAN_POINT ( 'NONE',  ( 7.808328886515983669, 23.87392149139492403, -0.8000000000000000444 ) ) ;
#1851 = DIRECTION ( 'NONE',  ( 0.000000000000000000, 0.000000000000000000, -1.000000000000000000 ) ) ;
#1852 = EDGE_LOOP ( 'NONE', ( #258, #145 ) ) ;
#1853 = CARTESIAN_POINT ( 'NONE',  ( 2.741850556542432038, 35.56634198011468584, 7.626851246380673466 ) ) ;
#1854 = EDGE_CURVE ( 'NONE', #187, #3031, #2538, .T. ) ;
#1855 = DIRECTION ( 'NONE',  ( -0.7071067811865420216, -0.7071067811865531239, 0.000000000000000000 ) ) ;
#1856 = CARTESIAN_POINT ( 'NONE',  ( 7.513400024948316158, 13.64682279536635967, 0.9295251197668779053 ) ) ;
#1857 = DIRECTION ( 'NONE',  ( 0.000000000000000000, 0.000000000000000000, -1.000000000000000000 ) ) ;
#1858 = CARTESIAN_POINT ( 'NONE',  ( -9.899999999999996803, 25.00000000000000000, 2.200000000000000178 ) ) ;
#1859 = CARTESIAN_POINT ( 'NONE',  ( -5.433201480004218098, 16.73115536393216374, 2.520213803973102795 ) ) ;
#1860 = CARTESIAN_POINT ( 'NONE',  ( -2.893513802102663401, 35.78812405786850803, 7.360526918747376079 ) ) ;
#1861 = CARTESIAN_POINT ( 'NONE',  ( -5.299999999999997158, 33.49398704961991768, 2.695093780020432650 ) ) ;
#1862 = VERTEX_POINT ( 'NONE', #1468 ) ;
#1863 = FACE_BOUND ( 'NONE', #1156, .T. ) ;
#1864 = FACE_OUTER_BOUND ( 'NONE', #2186, .T. ) ;
#1865 = LINE ( 'NONE', #3384, #4429 ) ;
#1866 = DIRECTION ( 'NONE',  ( 0.000000000000000000, 0.000000000000000000, -1.000000000000000000 ) ) ;
#1867 = EDGE_CURVE ( 'NONE', #398, #766, #4595, .T. ) ;
#1868 = ORIENTED_EDGE ( 'NONE', *, *, #2194, .F. ) ;
#1869 = B_SPLINE_CURVE_WITH_KNOTS ( 'NONE', 3,
 ( #3827, #4186, #3516, #4588 ),
 .UNSPECIFIED., .F., .F.,
 ( 4, 4 ),
 ( 0.000000000000000000, 1.000000000000000000 ),
 .UNSPECIFIED. ) ;
#1870 = CARTESIAN_POINT ( 'NONE',  ( -3.027636697315153391, 34.95082287939730747, 7.741745120711376771 ) ) ;
#1871 = CARTESIAN_POINT ( 'NONE',  ( -8.499999999999998224, 25.00000000000000000, 1.950000000000002620 ) ) ;
#1872 = CARTESIAN_POINT ( 'NONE',  ( -3.000000000000002220, 30.00000000000000355, 15.00000000000000178 ) ) ;
#1873 = EDGE_LOOP ( 'NONE', ( #640, #4434, #2029, #1729, #3697 ) ) ;
#1874 = ORIENTED_EDGE ( 'NONE', *, *, #137, .F. ) ;
#1875 = CARTESIAN_POINT ( 'NONE',  ( 3.034966525461886722, 35.97301342944937375, 7.167724999582612000 ) ) ;
#1876 = LINE ( 'NONE', #338, #1977 ) ;
#1877 = ORIENTED_EDGE ( 'NONE', *, *, #511, .F. ) ;
#1878 = EDGE_CURVE ( 'NONE', #1885, #1487, #2059, .T. ) ;
#1879 = B_SPLINE_CURVE_WITH_KNOTS ( 'NONE', 3,
 ( #184, #2431, #2846, #3644, #4483, #4761 ),
 .UNSPECIFIED., .F., .F.,
 ( 4, 2, 4 ),
 ( 0.000000000000000000, 0.5000000000000000000, 1.000000000000000000 ),
 .UNSPECIFIED. ) ;
#1880 = CARTESIAN_POINT ( 'NONE',  ( -5.299999999999998934, 58.00000000000000000, 2.949999999999999734 ) ) ;
#1881 = CARTESIAN_POINT ( 'NONE',  ( 7.985105581812620201, 24.05069818669155524, 0.5499999999999999334 ) ) ;
#1882 = CARTESIAN_POINT ( 'NONE',  ( 7.383231806720870871, 13.34742803821670165, 0.9512536760973141492 ) ) ;
#1883 = CARTESIAN_POINT ( 'NONE',  ( -5.304486314241675160, 33.54551368575838666, 2.557440097389414912 ) ) ;
#1884 = EDGE_CURVE ( 'NONE', #3923, #3359, #1710, .T. ) ;
#1885 = VERTEX_POINT ( 'NONE', #1902 ) ;
#1886 = CARTESIAN_POINT ( 'NONE',  ( 7.675331786120635158, 24.09004133664718594, 0.8227055670192204850 ) ) ;
#1887 = AXIS2_PLACEMENT_3D ( 'NONE', #1459, #256, #1845 ) ;
#1888 = CARTESIAN_POINT ( 'NONE',  ( 7.505653172447926735, 24.36576893509308661, -0.9382384126425795667 ) ) ;
#1889 = FACE_OUTER_BOUND ( 'NONE', #3767, .T. ) ;
#1890 = VECTOR ( 'NONE', #4146, 1000.000000000000000 ) ;
#1891 = LINE ( 'NONE', #2296, #4793 ) ;
#1892 = ORIENTED_EDGE ( 'NONE', *, *, #2578, .T. ) ;
#1893 = CARTESIAN_POINT ( 'NONE',  ( -3.017827849792549255, 34.90051645611695363, 7.808740614695038218 ) ) ;
#1894 = DIRECTION ( 'NONE',  ( 0.000000000000000000, -0.000000000000000000, 1.000000000000000000 ) ) ;
#1895 = AXIS2_PLACEMENT_3D ( 'NONE', #1824, #4441, #2539 ) ;
#1896 = ADVANCED_FACE ( 'NONE', ( #3422 ), #4271, .F. ) ;
#1897 = CARTESIAN_POINT ( 'NONE',  ( -3.834514180553487694, 36.90389549811666825, 6.448345651069764983 ) ) ;
#1898 = ORIENTED_EDGE ( 'NONE', *, *, #2881, .F. ) ;
#1899 = ORIENTED_EDGE ( 'NONE', *, *, #1584, .T. ) ;
#1900 = CONICAL_SURFACE ( 'NONE', #3380, 1.750000000000001554, 0.7853981633974600474 ) ;
#1901 = CARTESIAN_POINT ( 'NONE',  ( 3.010222003898179732, 35.94134694046060474, 7.199124355290402733 ) ) ;
#1902 = CARTESIAN_POINT ( 'NONE',  ( 1.469576158976823553E-16, 48.00000000000002132, 1.199999999999999956 ) ) ;
#1903 = B_SPLINE_CURVE_WITH_KNOTS ( 'NONE', 3,
 ( #3292, #4472, #267, #1447, #2163, #3346, #572, #3012, #171, #2912 ),
 .UNSPECIFIED., .F., .F.,
 ( 4, 2, 2, 2, 4 ),
 ( 0.000000000000000000, 0.1250000000000035250, 0.2500000000000070499, 0.5000000000000071054, 1.000000000000000000 ),
 .UNSPECIFIED. ) ;
#1904 = VERTEX_POINT ( 'NONE', #4975 ) ;
#1905 = AXIS2_PLACEMENT_3D ( 'NONE', #1586, #3153, #4711 ) ;
#1906 = CARTESIAN_POINT ( 'NONE',  ( 7.674889466150884410, 13.63908569764671519, -0.6273808103301794503 ) ) ;
#1907 = DIRECTION ( 'NONE',  ( 1.000000000000000000, 0.000000000000000000, 1.095509984775996541E-16 ) ) ;
#1908 = DIRECTION ( 'NONE',  ( 0.000000000000000000, -1.000000000000000000, 0.000000000000000000 ) ) ;
#1909 = VECTOR ( 'NONE', #2214, 1000.000000000000000 ) ;
#1910 = CARTESIAN_POINT ( 'NONE',  ( -5.229859361563509168, 33.62014063843655265, 3.028459095727844108 ) ) ;
#1911 = EDGE_LOOP ( 'NONE', ( #2681, #3112, #3530, #915 ) ) ;
#1912 = EDGE_LOOP ( 'NONE', ( #2068, #2730, #891, #83 ) ) ;
#1913 = CARTESIAN_POINT ( 'NONE',  ( 7.748566784989050937, 14.02896625358450677, -0.8044797186112957466 ) ) ;
#1914 = VECTOR ( 'NONE', #3525, 1000.000000000000114 ) ;
#1915 = CYLINDRICAL_SURFACE ( 'NONE', #3645, 1.350000000000000533 ) ;
#1916 = EDGE_CURVE ( 'NONE', #4013, #317, #770, .T. ) ;
#1917 = CARTESIAN_POINT ( 'NONE',  ( 0.000000000000000000, 45.50000000000000000, -1.699999999999972200 ) ) ;
#1918 = AXIS2_PLACEMENT_3D ( 'NONE', #4018, #1991, #2347 ) ;
#1919 = CIRCLE ( 'NONE', #3317, 2.749999999999981792 ) ;
#1920 = DIRECTION ( 'NONE',  ( 0.7071067811865441310, 0.000000000000000000, -0.7071067811865507924 ) ) ;
#1921 = ORIENTED_EDGE ( 'NONE', *, *, #541, .T. ) ;
#1922 = CARTESIAN_POINT ( 'NONE',  ( -3.239340828858987109, 35.58793386708837403, 7.127032780694643854 ) ) ;
#1923 = CARTESIAN_POINT ( 'NONE',  ( 0.000000000000000000, 49.50000000000000000, 0.000000000000000000 ) ) ;
#1924 = VECTOR ( 'NONE', #3331, 1000.000000000000000 ) ;
#1925 = PLANE ( 'NONE',  #4358 ) ;
#1926 = EDGE_LOOP ( 'NONE', ( #4270, #879, #505, #840 ) ) ;
#1927 = VERTEX_POINT ( 'NONE', #112 ) ;
#1928 = CARTESIAN_POINT ( 'NONE',  ( 3.884428545312041514, 36.89103892844648414, 6.417672155755151486 ) ) ;
#1929 = ADVANCED_FACE ( 'NONE', ( #3982 ), #467, .F. ) ;
#1930 = VECTOR ( 'NONE', #4081, 1000.000000000000000 ) ;
#1931 = CARTESIAN_POINT ( 'NONE',  ( -5.433201480004221651, 33.26884463606783271, -2.520213803973103683 ) ) ;
#1932 = EDGE_LOOP ( 'NONE', ( #1039, #3360, #753, #107 ) ) ;
#1933 = EDGE_CURVE ( 'NONE', #4753, #4516, #305, .T. ) ;
#1934 = ORIENTED_EDGE ( 'NONE', *, *, #489, .F. ) ;
#1935 = CARTESIAN_POINT ( 'NONE',  ( 7.808328886515979228, 14.12607850860510261, -0.8000000000000000444 ) ) ;
#1936 = CARTESIAN_POINT ( 'NONE',  ( -3.014313740924362328, 34.88249212593345305, 7.832743012318270637 ) ) ;
#1937 = CARTESIAN_POINT ( 'NONE',  ( 7.418600507878679196, 13.38279673937451264, 0.8787543369858502595 ) ) ;
#1938 = CARTESIAN_POINT ( 'NONE',  ( -6.226776695296636355, 32.62322330470341569, 1.949999999999999956 ) ) ;
#1939 = ORIENTED_EDGE ( 'NONE', *, *, #1399, .F. ) ;
#1940 = FACE_OUTER_BOUND ( 'NONE', #84, .T. ) ;
#1941 = CARTESIAN_POINT ( 'NONE',  ( -5.910083712630805231, 32.63300153031287465, -2.213137711806142605 ) ) ;
#1942 = B_SPLINE_CURVE_WITH_KNOTS ( 'NONE', 3,
 ( #4554, #3765, #2172, #2141 ),
 .UNSPECIFIED., .F., .F.,
 ( 4, 4 ),
 ( 0.000000000000000000, 1.000000000000000000 ),
 .UNSPECIFIED. ) ;
#1943 = DIRECTION ( 'NONE',  ( -0.7071067811865465735, 8.659560562354942719E-17, -0.7071067811865483499 ) ) ;
#1944 = DIRECTION ( 'NONE',  ( 0.5773502691896248429, 0.8164965809277267006, 0.000000000000000000 ) ) ;
#1945 = EDGE_LOOP ( 'NONE', ( #4464, #4809, #5060, #2012 ) ) ;
#1946 = EDGE_CURVE ( 'NONE', #4715, #3206, #673, .T. ) ;
#1947 = LINE ( 'NONE', #4758, #1829 ) ;
#1948 = LINE ( 'NONE', #385, #38 ) ;
#1949 = CARTESIAN_POINT ( 'NONE',  ( 0.000000000000000000, 24.53580376850417366, 0.000000000000000000 ) ) ;
#1950 = VERTEX_POINT ( 'NONE', #4032 ) ;
#1951 = VERTEX_POINT ( 'NONE', #1253 ) ;
#1952 = EDGE_CURVE ( 'NONE', #2076, #4538, #4924, .T. ) ;
#1953 = DIRECTION ( 'NONE',  ( -1.000000000000000000, 1.266937925838610979E-32, 0.000000000000000000 ) ) ;
#1954 = CARTESIAN_POINT ( 'NONE',  ( -5.299999999999998046, 33.55000000000006821, -2.574388938522983228 ) ) ;
#1955 = ORIENTED_EDGE ( 'NONE', *, *, #3844, .F. ) ;
#1956 = CARTESIAN_POINT ( 'NONE',  ( -2.299999999999998934, 58.00000000000000000, 3.867815921162743198 ) ) ;
#1957 = DIRECTION ( 'NONE',  ( 0.000000000000000000, 0.000000000000000000, -1.000000000000000000 ) ) ;
#1958 = DIRECTION ( 'NONE',  ( 0.000000000000000000, -0.000000000000000000, 1.000000000000000000 ) ) ;
#1959 = DIRECTION ( 'NONE',  ( 0.000000000000000000, 0.7071067811865479058, 0.7071067811865472397 ) ) ;
#1960 = ADVANCED_FACE ( 'NONE', ( #519 ), #3942, .F. ) ;
#1961 = CARTESIAN_POINT ( 'NONE',  ( -5.888990869628521807, 32.96100913037152935, 2.006271458483952941 ) ) ;
#1962 = VERTEX_POINT ( 'NONE', #3162 ) ;
#1963 = DIRECTION ( 'NONE',  ( 0.000000000000000000, -1.000000000000000000, 0.000000000000000000 ) ) ;
#1964 = CARTESIAN_POINT ( 'NONE',  ( -5.854728220537200656, 32.70680654155975731, -2.225762794057655203 ) ) ;
#1965 = PLANE ( 'NONE',  #4193 ) ;
#1966 = CARTESIAN_POINT ( 'NONE',  ( -3.000000000000001332, 34.51967819644212199, 8.836900119996956349 ) ) ;
#1967 = EDGE_LOOP ( 'NONE', ( #388, #722, #2197 ) ) ;
#1968 = CIRCLE ( 'NONE', #3696, 7.499999999999998224 ) ;
#1969 = CARTESIAN_POINT ( 'NONE',  ( -3.423837185460915755, 36.00837794403100389, 6.844489361332299460 ) ) ;
#1970 = ADVANCED_FACE ( 'NONE', ( #3209 ), #1201, .F. ) ;
#1971 = DIRECTION ( 'NONE',  ( 1.000000000000000000, -0.000000000000000000, 1.095509984775996664E-16 ) ) ;
#1972 = ORIENTED_EDGE ( 'NONE', *, *, #2411, .F. ) ;
#1973 = ORIENTED_EDGE ( 'NONE', *, *, #2843, .T. ) ;
#1974 = CARTESIAN_POINT ( 'NONE',  ( 3.393195339290245638, 36.40264317326841592, 6.790532901311349789 ) ) ;
#1975 = EDGE_CURVE ( 'NONE', #4896, #2523, #1668, .T. ) ;
#1976 = DIRECTION ( 'NONE',  ( 0.000000000000000000, 0.000000000000000000, 1.000000000000000000 ) ) ;
#1977 = VECTOR ( 'NONE', #4241, 1000.000000000000000 ) ;
#1978 = ORIENTED_EDGE ( 'NONE', *, *, #3115, .T. ) ;
#1979 = DIRECTION ( 'NONE',  ( 1.000000000000000000, 0.000000000000000000, 0.000000000000000000 ) ) ;
#1980 = CARTESIAN_POINT ( 'NONE',  ( 9.184850993605144000E-16, 57.50000000000002842, 7.499999999999998224 ) ) ;
#1981 = CARTESIAN_POINT ( 'NONE',  ( 7.368931701076300911, 13.33312793257213791, -0.9891528432763087020 ) ) ;
#1982 = CONICAL_SURFACE ( 'NONE', #1737, 4.200000000000000178, 0.7853981633974500554 ) ;
#1983 = CARTESIAN_POINT ( 'NONE',  ( -3.754075836373982789, 36.66715737722942237, 6.511538589305650326 ) ) ;
#1984 = CARTESIAN_POINT ( 'NONE',  ( 7.944772285508607368, 13.90896851700443371, 0.5499976834400579495 ) ) ;
#1985 = CARTESIAN_POINT ( 'NONE',  ( -3.000000000000002220, 5.000000000000000888, 16.60000000000000142 ) ) ;
#1986 = ORIENTED_EDGE ( 'NONE', *, *, #3327, .T. ) ;
#1987 = PLANE ( 'NONE',  #1753 ) ;
#1988 = CARTESIAN_POINT ( 'NONE',  ( -5.925993909454920328, 32.61178565947601982, -2.210299985119692057 ) ) ;
#1989 = DIRECTION ( 'NONE',  ( 1.000000000000000000, -0.000000000000000000, 1.095509984775996664E-16 ) ) ;
#1990 = EDGE_LOOP ( 'NONE', ( #610, #4756 ) ) ;
#1991 = DIRECTION ( 'NONE',  ( -1.000000000000000000, 0.000000000000000000, -1.095509984775996541E-16 ) ) ;
#1992 = ORIENTED_EDGE ( 'NONE', *, *, #4249, .T. ) ;
#1993 = AXIS2_PLACEMENT_3D ( 'NONE', #227, #1785, #4904 ) ;
#1994 = LINE ( 'NONE', #4384, #836 ) ;
#1995 = CARTESIAN_POINT ( 'NONE',  ( -5.554159160299024123, 16.89244309391887100, 2.386755599698576091 ) ) ;
#1996 = VECTOR ( 'NONE', #2255, 1000.000000000000000 ) ;
#1997 = CARTESIAN_POINT ( 'NONE',  ( -3.803567641721182557, 36.86637536650047764, 6.469147572310097516 ) ) ;
#1998 = ORIENTED_EDGE ( 'NONE', *, *, #890, .T. ) ;
#1999 = ORIENTED_EDGE ( 'NONE', *, *, #3832, .T. ) ;
#2000 = CARTESIAN_POINT ( 'NONE',  ( -5.299999999999998934, 57.50000000000002842, 3.867815921162744086 ) ) ;
#2001 = AXIS2_PLACEMENT_3D ( 'NONE', #2463, #521, #923 ) ;
#2002 = B_SPLINE_CURVE_WITH_KNOTS ( 'NONE', 3,
 ( #2779, #2497, #3580, #2441 ),
 .UNSPECIFIED., .F., .F.,
 ( 4, 4 ),
 ( 0.000000000000000000, 1.000000000000000000 ),
 .UNSPECIFIED. ) ;
#2003 = CARTESIAN_POINT ( 'NONE',  ( -5.299999999999998046, 16.46631913549714810, 2.605111963948655518 ) ) ;
#2004 = ORIENTED_EDGE ( 'NONE', *, *, #550, .T. ) ;
#2005 = LINE ( 'NONE', #2030, #616 ) ;
#2006 = CARTESIAN_POINT ( 'NONE',  ( 2.999999999999997335, 0.5000000000000073275, 18.75000000000000355 ) ) ;
#2007 = ADVANCED_FACE ( 'NONE', ( #3548 ), #3374, .F. ) ;
#2008 = CARTESIAN_POINT ( 'NONE',  ( 10.28580376850417366, 16.60355339059327662, -0.8000000000000000444 ) ) ;
#2009 = CARTESIAN_POINT ( 'NONE',  ( 7.409659000787005567, 13.47823994429552030, 1.167406715218563207 ) ) ;
#2010 = DIRECTION ( 'NONE',  ( 0.000000000000000000, 1.000000000000000000, 0.000000000000000000 ) ) ;
#2011 = ORIENTED_EDGE ( 'NONE', *, *, #3327, .F. ) ;
#2012 = ORIENTED_EDGE ( 'NONE', *, *, #3953, .F. ) ;
#2013 = CARTESIAN_POINT ( 'NONE',  ( -5.399812303098557642, 16.68664333078741890, -2.575355699911018981 ) ) ;
#2014 = CARTESIAN_POINT ( 'NONE',  ( 7.769665603917473184, 23.93674907312762912, -0.8018697244376318256 ) ) ;
#2015 = CARTESIAN_POINT ( 'NONE',  ( 3.089710195470707355, 35.17776868981295024, 7.485348634308944149 ) ) ;
#2016 = EDGE_LOOP ( 'NONE', ( #4814, #588, #1605, #2793 ) ) ;
#2017 = LINE ( 'NONE', #4755, #4949 ) ;
#2018 = EDGE_LOOP ( 'NONE', ( #4580, #2782, #3183, #666, #4216 ) ) ;
#2019 = CARTESIAN_POINT ( 'NONE',  ( -3.323528399097814834, 35.78718471633340670, 6.984334142007186053 ) ) ;
#2020 = CARTESIAN_POINT ( 'NONE',  ( -5.592044857922134682, 16.94295506870268397, 2.355542700750742124 ) ) ;
#2021 = CARTESIAN_POINT ( 'NONE',  ( -5.300000000000001599, 16.55355339059321196, -2.950000000000000622 ) ) ;
#2022 = EDGE_CURVE ( 'NONE', #2899, #3054, #420, .T. ) ;
#2023 = DIRECTION ( 'NONE',  ( 0.000000000000000000, 0.000000000000000000, 1.000000000000000000 ) ) ;
#2024 = EDGE_CURVE ( 'NONE', #3606, #1330, #3288, .T. ) ;
#2025 = EDGE_LOOP ( 'NONE', ( #2970, #2874, #4948, #2750 ) ) ;
#2026 = ORIENTED_EDGE ( 'NONE', *, *, #1781, .F. ) ;
#2027 = CARTESIAN_POINT ( 'NONE',  ( 3.364928837273887030, 36.37024957688996807, 6.816317381881214388 ) ) ;
#2028 = CARTESIAN_POINT ( 'NONE',  ( -5.299999999999998934, 16.53468475441285790, 2.786919805789060067 ) ) ;
#2029 = ORIENTED_EDGE ( 'NONE', *, *, #59, .F. ) ;
#2030 = CARTESIAN_POINT ( 'NONE',  ( 5.143516556418883914E-16, 49.50000000000000000, -4.200000000000000178 ) ) ;
#2031 = CARTESIAN_POINT ( 'NONE',  ( 0.000000000000000000, 0.000000000000000000, 0.000000000000000000 ) ) ;
#2032 = CARTESIAN_POINT ( 'NONE',  ( -3.009052565094800347, 34.84933713598717731, 7.880001551770784651 ) ) ;
#2033 = CARTESIAN_POINT ( 'NONE',  ( 2.499999999999991562, 0.000000000000000000, 8.077747210701753389 ) ) ;
#2034 = EDGE_CURVE ( 'NONE', #1862, #221, #63, .T. ) ;
#2035 = CARTESIAN_POINT ( 'NONE',  ( 7.500000000000000000, 13.46419623149582634, 0.7673672027782441063 ) ) ;
#2036 = ORIENTED_EDGE ( 'NONE', *, *, #3397, .F. ) ;
#2037 = EDGE_LOOP ( 'NONE', ( #4642, #1417, #4725, #2905 ) ) ;
#2038 = CARTESIAN_POINT ( 'NONE',  ( -6.029506598116848970, 32.82049340188319064, 1.949984620736917362 ) ) ;
#2039 = CARTESIAN_POINT ( 'NONE',  ( -6.000966581199183913, 32.51181652825549406, -2.201579414215852903 ) ) ;
#2040 = CARTESIAN_POINT ( 'NONE',  ( 3.769995381370614851, 36.68609220901191037, 6.500690747834720895 ) ) ;
#2041 = ADVANCED_FACE ( 'NONE', ( #2798, #2412 ), #4768, .T. ) ;
#2042 = VERTEX_POINT ( 'NONE', #2435 ) ;
#2043 = CARTESIAN_POINT ( 'NONE',  ( -5.137397195768859781, -3.387397195768851343, 23.38739719576879494 ) ) ;
#2044 = ORIENTED_EDGE ( 'NONE', *, *, #4757, .F. ) ;
#2045 = DIRECTION ( 'NONE',  ( 0.000000000000000000, -1.000000000000000000, 0.000000000000000000 ) ) ;
#2046 = DIRECTION ( 'NONE',  ( 0.7071067811865433539, 0.7071067811865516806, 0.000000000000000000 ) ) ;
#2047 = CARTESIAN_POINT ( 'NONE',  ( 2.999999999999997335, 35.00000000000000000, 18.75000000000000355 ) ) ;
#2048 = ORIENTED_EDGE ( 'NONE', *, *, #4224, .T. ) ;
#2049 = VERTEX_POINT ( 'NONE', #4314 ) ;
#2050 = CARTESIAN_POINT ( 'NONE',  ( -3.833333333333332593, 57.50000000000002842, 6.446359868604570664 ) ) ;
#2051 = ADVANCED_FACE ( 'NONE', ( #3623, #490, #2081 ), #2053, .T. ) ;
#2052 = AXIS2_PLACEMENT_3D ( 'NONE', #4206, #3823, #3001 ) ;
#2053 = PLANE ( 'NONE',  #1072 ) ;
#2054 = ORIENTED_EDGE ( 'NONE', *, *, #3592, .T. ) ;
#2055 = CARTESIAN_POINT ( 'NONE',  ( 2.550190100558084261, 35.12313308616433005, 8.428883778754514111 ) ) ;
#2056 = AXIS2_PLACEMENT_3D ( 'NONE', #4675, #373, #3039 ) ;
#2057 = CARTESIAN_POINT ( 'NONE',  ( -3.649999999999995914, 0.000000000000000000, 5.971978462412816491 ) ) ;
#2058 = DIRECTION ( 'NONE',  ( 7.746425390926795133E-17, 0.7071067811865469066, -0.7071067811865482389 ) ) ;
#2059 = CIRCLE ( 'NONE', #2139, 1.199999999999999956 ) ;
#2060 = PLANE ( 'NONE',  #582 ) ;
#2061 = DIRECTION ( 'NONE',  ( 0.000000000000000000, 0.000000000000000000, -1.000000000000000000 ) ) ;
#2062 = ORIENTED_EDGE ( 'NONE', *, *, #1757, .T. ) ;
#2063 = ORIENTED_EDGE ( 'NONE', *, *, #4573, .T. ) ;
#2064 = AXIS2_PLACEMENT_3D ( 'NONE', #3684, #4039, #2061 ) ;
#2065 = DIRECTION ( 'NONE',  ( 1.095509984775996541E-16, 0.000000000000000000, -1.000000000000000000 ) ) ;
#2066 = CYLINDRICAL_SURFACE ( 'NONE', #932, 7.499999999999998224 ) ;
#2067 = CARTESIAN_POINT ( 'NONE',  ( 3.907838033103954611, 36.93189530962556688, 6.402177923477044175 ) ) ;
#2068 = ORIENTED_EDGE ( 'NONE', *, *, #816, .T. ) ;
#2069 = CARTESIAN_POINT ( 'NONE',  ( -2.191268969674211880E-15, 5.000000000000000888, 15.00000000000000178 ) ) ;
#2070 = EDGE_LOOP ( 'NONE', ( #2852, #4027, #3559, #498 ) ) ;
#2071 = EDGE_CURVE ( 'NONE', #4034, #3409, #4895, .T. ) ;
#2072 = AXIS2_PLACEMENT_3D ( 'NONE', #470, #2360, #3602 ) ;
#2073 = CARTESIAN_POINT ( 'NONE',  ( -6.000966581420445145, 17.48818347204013790, 2.201579414201356499 ) ) ;
#2074 = CARTESIAN_POINT ( 'NONE',  ( 7.622459399525935986, 24.41334436897823679, -0.6300585543260459609 ) ) ;
#2075 = AXIS2_PLACEMENT_3D ( 'NONE', #3913, #4726, #377 ) ;
#2076 = VERTEX_POINT ( 'NONE', #4110 ) ;
#2077 = EDGE_LOOP ( 'NONE', ( #508, #3053, #1111, #4769 ) ) ;
#2078 = CARTESIAN_POINT ( 'NONE',  ( -3.833333333333332593, 37.00000000000001421, 6.446359868604570664 ) ) ;
#2079 = CARTESIAN_POINT ( 'NONE',  ( 7.418600507878680084, 13.38279673937451797, -0.8787543369858548115 ) ) ;
#2080 = CIRCLE ( 'NONE', #4536, 4.700000000000017053 ) ;
#2081 = FACE_OUTER_BOUND ( 'NONE', #4238, .T. ) ;
#2082 = ORIENTED_EDGE ( 'NONE', *, *, #2603, .F. ) ;
#2084 = CARTESIAN_POINT ( 'NONE',  ( 2.561746776189619101, 35.18282364263961171, 8.277257150355994852 ) ) ;
#2083 = VECTOR ( 'NONE', #1786, 1000.000000000000114 ) ;
#2085 = FACE_OUTER_BOUND ( 'NONE', #4591, .T. ) ;
#2086 = CARTESIAN_POINT ( 'NONE',  ( -2.894584165839363177, 35.78982382187616196, 7.358278070864622045 ) ) ;
#2087 = DIRECTION ( 'NONE',  ( -0.000000000000000000, -1.000000000000000000, -0.000000000000000000 ) ) ;
#2088 = PLANE ( 'NONE',  #1570 ) ;
#2089 = ADVANCED_FACE ( 'NONE', ( #3678 ), #2515, .F. ) ;
#2090 = ORIENTED_EDGE ( 'NONE', *, *, #3313, .F. ) ;
#2091 = DIRECTION ( 'NONE',  ( -0.000000000000000000, -1.000000000000000000, -0.000000000000000000 ) ) ;
#2092 = CARTESIAN_POINT ( 'NONE',  ( -5.299999999999998934, 16.55355339059104480, 2.949999999999999734 ) ) ;
#2093 = CARTESIAN_POINT ( 'NONE',  ( 3.599508303092255002, 36.36347708029129677, 6.649937232059612846 ) ) ;
#2094 = VECTOR ( 'NONE', #1795, 1000.000000000000000 ) ;
#2095 = ORIENTED_EDGE ( 'NONE', *, *, #863, .T. ) ;
#2096 = CARTESIAN_POINT ( 'NONE',  ( -2.561848729508778622, 35.18338845168479168, 8.275940627827056417 ) ) ;
#2097 =( NAMED_UNIT ( * ) PLANE_ANGLE_UNIT ( ) SI_UNIT ( $, .RADIAN. ) );
#2098 = DIRECTION ( 'NONE',  ( -0.000000000000000000, -0.000000000000000000, -1.000000000000000000 ) ) ;
#2099 = DIRECTION ( 'NONE',  ( 0.000000000000000000, 0.000000000000000000, -1.000000000000000000 ) ) ;
#2100 = ADVANCED_FACE ( 'NONE', ( #544 ), #910, .F. ) ;
#2101 = LINE ( 'NONE', #3672, #1173 ) ;
#2102 = ORIENTED_EDGE ( 'NONE', *, *, #333, .F. ) ;
#2103 = DIRECTION ( 'NONE',  ( 1.000000000000000000, -0.000000000000000000, 1.095509984775996418E-16 ) ) ;
#2104 = CARTESIAN_POINT ( 'NONE',  ( -5.445805093716879597, 16.59580509371681956, -2.321663958036646047 ) ) ;
#2105 = DIRECTION ( 'NONE',  ( 0.000000000000000000, 1.000000000000000000, 0.000000000000000000 ) ) ;
#2106 = ADVANCED_FACE ( 'NONE', ( #241 ), #1720, .F. ) ;
#2107 = VERTEX_POINT ( 'NONE', #2930 ) ;
#2108 = CARTESIAN_POINT ( 'NONE',  ( 2.534705337502477729, 35.06149285758323231, 8.642554622868575009 ) ) ;
#2109 = CARTESIAN_POINT ( 'NONE',  ( 3.862761924468276487, 36.91283114275758948, 6.430896449754309963 ) ) ;
#2110 =( NAMED_UNIT ( * ) PLANE_ANGLE_UNIT ( ) SI_UNIT ( $, .RADIAN. ) );
#2111 = DIRECTION ( 'NONE',  ( -7.746425390926771714E-17, 0.7071067811865489050, 0.7071067811865462405 ) ) ;
#2112 = CARTESIAN_POINT ( 'NONE',  ( -2.551876363945738913, 35.13185538790399676, 8.406832641308206178 ) ) ;
#2113 = B_SPLINE_CURVE_WITH_KNOTS ( 'NONE', 3,
 ( #4273, #4205, #325, #4559, #755, #1888, #351, #2608, #4634, #3865, #2999, #4180, #303, #3412, #3023, #23, #3585, #3891, #3510, #4680, #4377, #5058, #1160, #2345, #1211, #3939, #2760, #427, #3533, #2014, #4300, #2319, #3146, #379 ),
 .UNSPECIFIED., .F., .F.,
 ( 4, 2, 2, 2, 2, 2, 2, 1, 2, 2, 2, 1, 2, 2, 1, 1, 2, 2, 4 ),
 ( 0.000000000000000000, 0.2499999999999892863, 0.3749999999999839018, 0.4374999999999812372, 0.4999999999999785727, 0.5624999999999759082, 0.6249999999999732436, 0.6874999999999705791, 0.7187499999999692468, 0.7499999999999678035, 0.8124999999999731326, 0.8437499999999757971, 0.8593749999999771294, 0.8749999999999784617, 0.9062499999999796829, 0.9218749999999762412, 0.9296874999999739098, 0.9374999999999715783, 1.000000000000000000 ),
 .UNSPECIFIED. ) ;
#2114 = ORIENTED_EDGE ( 'NONE', *, *, #4913, .F. ) ;
#2115 = CARTESIAN_POINT ( 'NONE',  ( -5.773791843658447220, 17.18527611474906536, -2.252615015535025744 ) ) ;
#2116 = CARTESIAN_POINT ( 'NONE',  ( 7.383231806720866430, 24.65257196178330901, 0.9512536760973138161 ) ) ;
#2117 = CARTESIAN_POINT ( 'NONE',  ( 3.858923766028655500, 36.84605433836991040, 6.435204128932718426 ) ) ;
#2118 = CARTESIAN_POINT ( 'NONE',  ( 7.808328886515983669, 23.87392149139492403, 0.8000000000000000444 ) ) ;
#2119 = EDGE_LOOP ( 'NONE', ( #3315, #3741, #3300, #1462 ) ) ;
#2120 = CARTESIAN_POINT ( 'NONE',  ( -5.000000000000001776, 0.000000000000000000, 8.076141003662902662 ) ) ;
#2121 = CARTESIAN_POINT ( 'NONE',  ( 0.000000000000000000, 13.46419623149582634, 0.000000000000000000 ) ) ;
#2122 = DIRECTION ( 'NONE',  ( 0.000000000000000000, 0.000000000000000000, 1.000000000000000000 ) ) ;
#2123 = LINE ( 'NONE', #4103, #4508 ) ;
#2124 = ORIENTED_EDGE ( 'NONE', *, *, #2411, .T. ) ;
#2125 = ORIENTED_EDGE ( 'NONE', *, *, #4378, .F. ) ;
#2126 = DIRECTION ( 'NONE',  ( 0.000000000000000000, 0.000000000000000000, 1.000000000000000000 ) ) ;
#2127 = CARTESIAN_POINT ( 'NONE',  ( -5.888990869628520031, 17.03899086962845999, -2.006271458483954717 ) ) ;
#2128 = CARTESIAN_POINT ( 'NONE',  ( -3.000000000000002665, 35.00000000000000000, 18.24999999999999645 ) ) ;
#2129 = VERTEX_POINT ( 'NONE', #1777 ) ;
#2130 = DIRECTION ( 'NONE',  ( -1.000000000000000000, -0.000000000000000000, -1.095509984775996541E-16 ) ) ;
#2131 = CARTESIAN_POINT ( 'NONE',  ( 3.779512771208361599, 36.82583523963828043, 6.486498238443528130 ) ) ;
#2132 = VECTOR ( 'NONE', #1276, 1000.000000000000000 ) ;
#2133 = ADVANCED_FACE ( 'NONE', ( #1415, #4842 ), #1025, .T. ) ;
#2134 = CARTESIAN_POINT ( 'NONE',  ( -3.685548502158404016, 36.73372590178477992, 6.552327540753255519 ) ) ;
#2135 = PLANE ( 'NONE',  #1145 ) ;
#2136 = CARTESIAN_POINT ( 'NONE',  ( 2.999999999999999112, 34.52419134744715024, 8.793266913099056836 ) ) ;
#2137 = ORIENTED_EDGE ( 'NONE', *, *, #3019, .F. ) ;
#2138 = CARTESIAN_POINT ( 'NONE',  ( -0.5000000000000029976, 23.00000000000001066, 18.75000000000000355 ) ) ;
#2139 = AXIS2_PLACEMENT_3D ( 'NONE', #2283, #2262, #4624 ) ;
#2140 = CARTESIAN_POINT ( 'NONE',  ( 7.711088805464474838, 24.32471496303969971, 0.6092025888059466876 ) ) ;
#2141 = CARTESIAN_POINT ( 'NONE',  ( 7.500000000000000000, 13.46419623149582634, -0.7673672027782323379 ) ) ;
#2142 = CARTESIAN_POINT ( 'NONE',  ( -3.826173666607909141, 36.89346121122420641, 6.453906830011595375 ) ) ;
#2143 = ORIENTED_EDGE ( 'NONE', *, *, #1657, .T. ) ;
#2144 = AXIS2_PLACEMENT_3D ( 'NONE', #4359, #3126, #556 ) ;
#2145 = FACE_OUTER_BOUND ( 'NONE', #3600, .T. ) ;
#2146 = EDGE_CURVE ( 'NONE', #3899, #3620, #2593, .T. ) ;
#2147 = CARTESIAN_POINT ( 'NONE',  ( 7.748566784913395900, 23.97103374653859831, 0.8044797186228256347 ) ) ;
#2148 = FACE_OUTER_BOUND ( 'NONE', #2354, .T. ) ;
#2149 = CARTESIAN_POINT ( 'NONE',  ( 2.999999999999997780, 33.75000000000000000, 15.00000000000000355 ) ) ;
#2150 = CARTESIAN_POINT ( 'NONE',  ( -5.300000000000000711, 0.5000000000000073275, -3.867815921162741866 ) ) ;
#2151 = EDGE_CURVE ( 'NONE', #1559, #4120, #3787, .T. ) ;
#2152 = ORIENTED_EDGE ( 'NONE', *, *, #5023, .F. ) ;
#2153 = AXIS2_PLACEMENT_3D ( 'NONE', #1102, #674, #4285 ) ;
#2154 = CARTESIAN_POINT ( 'NONE',  ( -2.300000000000001599, 0.5000000000000073275, -3.867815921162742310 ) ) ;
#2155 = CARTESIAN_POINT ( 'NONE',  ( -5.464271298825588374, 16.77258178902732766, -2.478747968516224365 ) ) ;
#2156 = CIRCLE ( 'NONE', #5015, 2.000000000000000000 ) ;
#2157 = CARTESIAN_POINT ( 'NONE',  ( 0.000000000000000000, 57.49999999999998579, 0.000000000000000000 ) ) ;
#2158 = ORIENTED_EDGE ( 'NONE', *, *, #972, .T. ) ;
#2159 = CARTESIAN_POINT ( 'NONE',  ( 2.755455298081544285E-16, 48.50000000000000000, -2.250000000000000000 ) ) ;
#2160 = CARTESIAN_POINT ( 'NONE',  ( 2.645491224749767500, 35.40161289443605597, 7.863747168443003588 ) ) ;
#2161 = AXIS2_PLACEMENT_3D ( 'NONE', #3051, #4234, #3028 ) ;
#2162 = DIRECTION ( 'NONE',  ( -1.095509984775996541E-16, 1.156482317317871971E-16, 1.000000000000000000 ) ) ;
#2163 = CARTESIAN_POINT ( 'NONE',  ( -5.300000000000000711, 16.48597777599131575, -2.647689277729794455 ) ) ;
#2164 = AXIS2_PLACEMENT_3D ( 'NONE', #3426, #1907, #1471 ) ;
#2165 = CARTESIAN_POINT ( 'NONE',  ( 2.999999999999998224, 34.49999999999999289, 9.165151389911681434 ) ) ;
#2166 = EDGE_CURVE ( 'NONE', #4347, #1717, #3778, .T. ) ;
#2167 = ORIENTED_EDGE ( 'NONE', *, *, #3905, .F. ) ;
#2168 = DIRECTION ( 'NONE',  ( -1.095509984775996541E-16, 0.000000000000000000, 1.000000000000000000 ) ) ;
#2169 = AXIS2_PLACEMENT_3D ( 'NONE', #2529, #2584, #2945 ) ;
#2170 =( GEOMETRIC_REPRESENTATION_CONTEXT ( 3 ) GLOBAL_UNCERTAINTY_ASSIGNED_CONTEXT ( ( #2661 ) ) GLOBAL_UNIT_ASSIGNED_CONTEXT ( ( #3290, #2110, #2543 ) ) REPRESENTATION_CONTEXT ( 'NONE', 'WORKASPACE' ) );
#2171 = DIRECTION ( 'NONE',  ( 0.000000000000000000, 0.000000000000000000, 1.000000000000000000 ) ) ;
#2172 = CARTESIAN_POINT ( 'NONE',  ( 7.477248344126969037, 13.46419623149582634, -0.8170498554176800488 ) ) ;
#2173 = CARTESIAN_POINT ( 'NONE',  ( -3.020481754525158102, 35.95626056173559704, 7.184839730670370628 ) ) ;
#2174 = ADVANCED_FACE ( 'NONE', ( #623 ), #4113, .F. ) ;
#2175 = VERTEX_POINT ( 'NONE', #921 ) ;
#2176 = FACE_OUTER_BOUND ( 'NONE', #1812, .T. ) ;
#2177 = CARTESIAN_POINT ( 'NONE',  ( -2.602085213965210642E-15, 35.00000000000000000, 18.75000000000000355 ) ) ;
#2178 = CARTESIAN_POINT ( 'NONE',  ( -2.299999999999998934, 57.50000000000002842, 3.867815921162743198 ) ) ;
#2179 = DIRECTION ( 'NONE',  ( -1.000000000000000000, -0.000000000000000000, -0.000000000000000000 ) ) ;
#2180 = CARTESIAN_POINT ( 'NONE',  ( -3.000000000000001776, 34.49999999999999289, 9.013878188659731450 ) ) ;
#2181 = ORIENTED_EDGE ( 'NONE', *, *, #1014, .T. ) ;
#2182 = CARTESIAN_POINT ( 'NONE',  ( -5.831230341591035149, 16.98123034159097600, -2.010817564268975399 ) ) ;
#2183 = CARTESIAN_POINT ( 'NONE',  ( -2.299999999999998934, 0.000000000000000000, 3.867815921162743198 ) ) ;
#2184 = ADVANCED_FACE ( 'NONE', ( #4061 ), #1565, .F. ) ;
#2185 = LINE ( 'NONE', #1336, #4754 ) ;
#2186 = EDGE_LOOP ( 'NONE', ( #814, #4006, #657, #4891, #4668 ) ) ;
#2187 = CARTESIAN_POINT ( 'NONE',  ( 2.999999999999997335, 34.49999999999999289, 18.75000000000000355 ) ) ;
#2188 = CARTESIAN_POINT ( 'NONE',  ( 3.343018426785624886, 35.82833114982410194, 6.957025897273806159 ) ) ;
#2189 = B_SPLINE_CURVE_WITH_KNOTS ( 'NONE', 3,
 ( #3273, #4074, #4309, #2527 ),
 .UNSPECIFIED., .F., .F.,
 ( 4, 4 ),
 ( 0.000000000000000000, 1.000000000000000000 ),
 .UNSPECIFIED. ) ;
#2190 = CARTESIAN_POINT ( 'NONE',  ( -5.259454983417846563, 33.59054501658221881, -2.687299543487196463 ) ) ;
#2191 = CARTESIAN_POINT ( 'NONE',  ( 7.469906873575689943, 13.57614326104238778, 0.9855076430837924617 ) ) ;
#2192 = DIRECTION ( 'NONE',  ( 0.000000000000000000, -1.000000000000000000, 0.000000000000000000 ) ) ;
#2193 = PLANE ( 'NONE',  #846 ) ;
#2194 = EDGE_CURVE ( 'NONE', #1330, #3606, #4437, .T. ) ;
#2195 = CARTESIAN_POINT ( 'NONE',  ( -2.299999999999998934, 58.00000000000000000, 3.867815921162743198 ) ) ;
#2196 = CARTESIAN_POINT ( 'NONE',  ( -2.561848729508775069, 35.18338845168479168, 8.275940627827056417 ) ) ;
#2197 = ORIENTED_EDGE ( 'NONE', *, *, #3424, .T. ) ;
#2198 = DIRECTION ( 'NONE',  ( 1.000000000000000000, -0.000000000000000000, 1.095509984775996664E-16 ) ) ;
#2199 = CARTESIAN_POINT ( 'NONE',  ( 7.584775252643101595, 13.76280783428340726, -0.8680911766727162915 ) ) ;
#2200 = CARTESIAN_POINT ( 'NONE',  ( -3.833333333333330373, 0.5000000000000213163, -6.446359868604570664 ) ) ;
#2201 = EDGE_CURVE ( 'NONE', #672, #1927, #2185, .T. ) ;
#2202 = CARTESIAN_POINT ( 'NONE',  ( 7.926180016713728627, 23.99177262159268054, -0.6333333333333337478 ) ) ;
#2203 = CARTESIAN_POINT ( 'NONE',  ( -3.470730529102154627, 7.720730529102180384, 12.27926947089790666 ) ) ;
#2204 = VERTEX_POINT ( 'NONE', #4467 ) ;
#2205 = CARTESIAN_POINT ( 'NONE',  ( 7.904440338444564063, 24.13136343005960427, -0.5537648312681388019 ) ) ;
#2206 = CARTESIAN_POINT ( 'NONE',  ( -5.299539645821297107, 16.55293958502161189, -2.905662144934086477 ) ) ;
#2207 = CARTESIAN_POINT ( 'NONE',  ( 0.000000000000000000, 58.00000000000000000, 0.000000000000000000 ) ) ;
#2208 = ORIENTED_EDGE ( 'NONE', *, *, #4790, .T. ) ;
#2209 = CARTESIAN_POINT ( 'NONE',  ( -6.049999999999998934, 17.55355339059321906, 2.200000000000000178 ) ) ;
#2210 = CARTESIAN_POINT ( 'NONE',  ( 3.462444868397807074, 36.08663476114603696, 6.798103996555260764 ) ) ;
#2211 = EDGE_CURVE ( 'NONE', #5021, #2976, #3731, .T. ) ;
#2212 = CARTESIAN_POINT ( 'NONE',  ( -5.374188367561142599, 16.52418836756108078, 2.391379157339533990 ) ) ;
#2213 = CARTESIAN_POINT ( 'NONE',  ( 7.689954810483198955, 13.93373070309092832, 0.8177340293415802375 ) ) ;
#2214 = DIRECTION ( 'NONE',  ( -0.000000000000000000, -1.000000000000000000, -0.000000000000000000 ) ) ;
#2215 = DIRECTION ( 'NONE',  ( 0.000000000000000000, 0.000000000000000000, -1.000000000000000000 ) ) ;
#2216 = VECTOR ( 'NONE', #2562, 1000.000000000000000 ) ;
#2217 = CARTESIAN_POINT ( 'NONE',  ( -5.464271298825588374, 16.77258178902733121, 2.478747968516223033 ) ) ;
#2218 = CARTESIAN_POINT ( 'NONE',  ( -3.505959062498177126, 36.53409074049515226, 6.692276700471571971 ) ) ;
#2219 = VERTEX_POINT ( 'NONE', #4085 ) ;
#2220 = FACE_BOUND ( 'NONE', #4844, .T. ) ;
#2221 = EDGE_CURVE ( 'NONE', #3640, #410, #567, .T. ) ;
#2222 = AXIS2_PLACEMENT_3D ( 'NONE', #2195, #984, #1765 ) ;
#2223 = FACE_OUTER_BOUND ( 'NONE', #2259, .T. ) ;
#2224 = PLANE ( 'NONE',  #12 ) ;
#2225 = VECTOR ( 'NONE', #3364, 1000.000000000000114 ) ;
#2226 = DIRECTION ( 'NONE',  ( 0.000000000000000000, 0.000000000000000000, 1.000000000000000000 ) ) ;
#2227 = ORIENTED_EDGE ( 'NONE', *, *, #3568, .T. ) ;
#2228 = EDGE_CURVE ( 'NONE', #1744, #2427, #3702, .T. ) ;
#2229 = CARTESIAN_POINT ( 'NONE',  ( 7.783508396482747393, 23.91425478769893331, -0.7999985744246508323 ) ) ;
#2230 = VECTOR ( 'NONE', #2780, 1000.000000000000114 ) ;
#2231 = CARTESIAN_POINT ( 'NONE',  ( 10.53580376850417366, 21.50000000000000000, 0.5499999999999997113 ) ) ;
#2232 = FACE_OUTER_BOUND ( 'NONE', #335, .T. ) ;
#2233 = EDGE_LOOP ( 'NONE', ( #2628, #4620, #3470, #4283 ) ) ;
#2234 = CARTESIAN_POINT ( 'NONE',  ( 3.915733953976346271, 36.94552870930442623, 6.397136003668672188 ) ) ;
#2235 = VECTOR ( 'NONE', #244, 1000.000000000000000 ) ;
#2236 = CARTESIAN_POINT ( 'NONE',  ( -3.000000000000001332, 34.59655403355385772, 8.426213944314810078 ) ) ;
#2237 = FACE_OUTER_BOUND ( 'NONE', #2284, .T. ) ;
#2238 = CIRCLE ( 'NONE', #2651, 3.699999999999994849 ) ;
#2239 = LINE ( 'NONE', #295, #2314 ) ;
#2240 = CARTESIAN_POINT ( 'NONE',  ( 7.944772285508610921, 24.09103148299555386, 0.5499976834400576164 ) ) ;
#2241 = AXIS2_PLACEMENT_3D ( 'NONE', #990, #210, #2122 ) ;
#2242 = ADVANCED_FACE ( 'NONE', ( #361 ), #386, .F. ) ;
#2243 = LINE ( 'NONE', #2602, #4593 ) ;
#2244 = ADVANCED_FACE ( 'NONE', ( #1141 ), #641, .T. ) ;
#2245 = CARTESIAN_POINT ( 'NONE',  ( -3.157998683297051912, 36.12840043167673798, 7.022037941232221137 ) ) ;
#2246 = CARTESIAN_POINT ( 'NONE',  ( -5.299999999999998934, 33.53421783285739366, 2.604834932303010664 ) ) ;
#2247 = AXIS2_PLACEMENT_3D ( 'NONE', #2707, #2636, #1045 ) ;
#2248 = CONICAL_SURFACE ( 'NONE', #1174, 7.499999999999998224, 0.7853981633974482790 ) ;
#2249 = DIRECTION ( 'NONE',  ( 1.000000000000000000, 0.000000000000000000, 1.095509984775996541E-16 ) ) ;
#2250 = PLANE ( 'NONE',  #694 ) ;
#2251 = DIRECTION ( 'NONE',  ( 0.000000000000000000, -1.000000000000000000, 0.000000000000000000 ) ) ;
#2252 = PLANE ( 'NONE',  #1270 ) ;
#2253 = EDGE_LOOP ( 'NONE', ( #878, #2765 ) ) ;
#2254 = CARTESIAN_POINT ( 'NONE',  ( 10.28580376850417544, 21.39644660940671983, 0.8000000000000000444 ) ) ;
#2255 = DIRECTION ( 'NONE',  ( -0.6785983445458447783, 0.2810846377148196185, 0.6785983445458496632 ) ) ;
#2256 = EDGE_CURVE ( 'NONE', #3340, #3079, #2423, .T. ) ;
#2257 = CARTESIAN_POINT ( 'NONE',  ( 7.808328886515983669, 58.00000000000000000, 1.200000000000000178 ) ) ;
#2258 = ORIENTED_EDGE ( 'NONE', *, *, #2775, .T. ) ;
#2259 = EDGE_LOOP ( 'NONE', ( #2605, #4203, #4677, #52 ) ) ;
#2260 = CARTESIAN_POINT ( 'NONE',  ( 3.539758070530340195, 36.24515127259594038, 6.710561810071621558 ) ) ;
#2261 = EDGE_CURVE ( 'NONE', #2107, #3520, #1647, .T. ) ;
#2262 = DIRECTION ( 'NONE',  ( -0.000000000000000000, 1.000000000000000000, -0.000000000000000000 ) ) ;
#2263 = ORIENTED_EDGE ( 'NONE', *, *, #2639, .T. ) ;
#2264 = DIRECTION ( 'NONE',  ( -0.000000000000000000, 1.000000000000000000, -0.000000000000000000 ) ) ;
#2265 = CARTESIAN_POINT ( 'NONE',  ( 7.424979072372337008, 13.50313228389483733, -1.061101183052712837 ) ) ;
#2266 = CARTESIAN_POINT ( 'NONE',  ( -6.049999999999998046, 17.55355339059321906, 2.200000000000000178 ) ) ;
#2267 = CARTESIAN_POINT ( 'NONE',  ( 2.999999999999997335, 1.250000000000001110, 18.75000000000000355 ) ) ;
#2268 = ORIENTED_EDGE ( 'NONE', *, *, #1952, .T. ) ;
#2269 = FACE_OUTER_BOUND ( 'NONE', #1620, .T. ) ;
#2270 = EDGE_CURVE ( 'NONE', #4111, #4399, #2599, .T. ) ;
#2271 = LINE ( 'NONE', #1458, #127 ) ;
#2272 = FACE_OUTER_BOUND ( 'NONE', #2869, .T. ) ;
#2273 = FACE_OUTER_BOUND ( 'NONE', #540, .T. ) ;
#2274 = ORIENTED_EDGE ( 'NONE', *, *, #2454, .T. ) ;
#2275 = B_SPLINE_SURFACE_WITH_KNOTS ( 'NONE', 1, 3, ( 
 ( #1070, #2612, #2205, #2710, #3846, #1117, #4945, #3097, #667, #4990, #642, #1849, #1463, #3027, #1438, #3416, #691, #5042 ),
 ( #260, #2229, #4587, #330, #1047, #3775, #3388, #4970, #2638, #285, #2688, #4211, #1483, #1094, #1138, #3006, #1821, #4564 ) ),
 .UNSPECIFIED., .F., .F., .F.,
 ( 2, 2 ),
 ( 4, 2, 2, 2, 2, 2, 2, 2, 4 ),
 ( 0.000000000000000000, 1.000000000000000000 ),
 ( 1.570796326794896558, 1.756949161322013619, 1.943101995849130903, 2.129254830376248186, 2.315407664903365248, 2.501560499430482309, 2.687713333957599815, 2.873866168484716876, 3.060019003011833938 ),
 .UNSPECIFIED. ) ;
#2276 = CARTESIAN_POINT ( 'NONE',  ( -3.110111881399066469, 35.24334331663789044, 7.419260801814361095 ) ) ;
#2277 = CARTESIAN_POINT ( 'NONE',  ( -10.15000000000000391, 25.00000000000000000, 2.200000000000000178 ) ) ;
#2278 = CARTESIAN_POINT ( 'NONE',  ( 0.000000000000000000, 48.50000000000000000, 1.699999999999979083 ) ) ;
#2279 = ORIENTED_EDGE ( 'NONE', *, *, #4744, .F. ) ;
#2280 = ORIENTED_EDGE ( 'NONE', *, *, #4440, .F. ) ;
#2281 = CARTESIAN_POINT ( 'NONE',  ( 3.026154862668783085, 35.96177776814354843, 7.178794872373119418 ) ) ;
#2282 = ADVANCED_FACE ( 'NONE', ( #2329 ), #1900, .F. ) ;
#2283 = CARTESIAN_POINT ( 'NONE',  ( 0.000000000000000000, 48.00000000000002132, 0.000000000000000000 ) ) ;
#2284 = EDGE_LOOP ( 'NONE', ( #767, #3732, #841, #728 ) ) ;
#2285 = ADVANCED_FACE ( 'NONE', ( #3052 ), #1925, .T. ) ;
#2286 = CARTESIAN_POINT ( 'NONE',  ( 7.383231806720869983, 13.34742803821669810, -0.9512536760973159256 ) ) ;
#2287 = CARTESIAN_POINT ( 'NONE',  ( -2.499999999999995115, 35.00000000000000000, 18.75000000000000355 ) ) ;
#2288 = CARTESIAN_POINT ( 'NONE',  ( 7.606478312876622461, 13.57067454437245679, 0.6701243862825514430 ) ) ;
#2289 = FACE_OUTER_BOUND ( 'NONE', #2233, .T. ) ;
#2290 = EDGE_LOOP ( 'NONE', ( #3661, #27, #1277, #2835, #264 ) ) ;
#2291 = CARTESIAN_POINT ( 'NONE',  ( 7.695673328896804222, 13.94302372472840723, -0.8161463183874344551 ) ) ;
#2292 = CARTESIAN_POINT ( 'NONE',  ( 0.000000000000000000, 49.50000000000000000, 0.000000000000000000 ) ) ;
#2293 = CARTESIAN_POINT ( 'NONE',  ( 9.184850993605144000E-16, 37.00000000000000711, 7.499999999999998224 ) ) ;
#2294 = EDGE_CURVE ( 'NONE', #589, #4303, #2715, .T. ) ;
#2295 = VECTOR ( 'NONE', #1959, 1000.000000000000000 ) ;
#2296 = CARTESIAN_POINT ( 'NONE',  ( -0.2500000000000045519, 5.000000000000000888, 13.65000000000000036 ) ) ;
#2297 = EDGE_LOOP ( 'NONE', ( #868, #3751, #1972, #4160 ) ) ;
#2298 = CARTESIAN_POINT ( 'NONE',  ( -3.161380388303753008, 35.38761615994760490, 7.289010293880756386 ) ) ;
#2299 = CARTESIAN_POINT ( 'NONE',  ( -5.301000000000003709, 30.00000000000000355, 13.65000000000000036 ) ) ;
#2300 = EDGE_CURVE ( 'NONE', #766, #3415, #4033, .T. ) ;
#2301 = DIRECTION ( 'NONE',  ( 0.7071067811865477948, -0.7071067811865473507, 0.000000000000000000 ) ) ;
#2302 = ORIENTED_EDGE ( 'NONE', *, *, #550, .F. ) ;
#2303 = EDGE_LOOP ( 'NONE', ( #2227, #257, #2769, #999 ) ) ;
#2304 = VECTOR ( 'NONE', #902, 1000.000000000000000 ) ;
#2305 = CARTESIAN_POINT ( 'NONE',  ( 3.647775948739912177, 36.45831987549089348, 6.602172045293389857 ) ) ;
#2306 = CONICAL_SURFACE ( 'NONE', #3215, 3.249999999999999556, 0.7853981633974552734 ) ;
#2307 = DIRECTION ( 'NONE',  ( 0.000000000000000000, 0.000000000000000000, 1.000000000000000000 ) ) ;
#2308 = ORIENTED_EDGE ( 'NONE', *, *, #3755, .T. ) ;
#2309 = CONICAL_SURFACE ( 'NONE', #3954, 2.999999999999999112, 0.7853981633974482790 ) ;
#2310 = CARTESIAN_POINT ( 'NONE',  ( 7.555506243914219766, 13.71524171437724604, -0.8890389604554852498 ) ) ;
#2311 = CARTESIAN_POINT ( 'NONE',  ( -3.850333256199920395, 36.85192444330454720, 6.439521510323937825 ) ) ;
#2312 = CARTESIAN_POINT ( 'NONE',  ( 7.439667920020498038, 13.40386415151632704, 0.8441565907659428492 ) ) ;
#2313 = EDGE_CURVE ( 'NONE', #1962, #133, #4188, .T. ) ;
#2314 = VECTOR ( 'NONE', #4149, 1000.000000000000000 ) ;
#2315 = CARTESIAN_POINT ( 'NONE',  ( -5.298264046925574178, 33.44876121350601039, 2.957461419600911690 ) ) ;
#2316 = ORIENTED_EDGE ( 'NONE', *, *, #2313, .F. ) ;
#2317 = CARTESIAN_POINT ( 'NONE',  ( 7.621561397884467404, 13.58575762938029463, -0.6310654562835174008 ) ) ;
#2318 = AXIS2_PLACEMENT_3D ( 'NONE', #3651, #1542, #1957 ) ;
#2319 = CARTESIAN_POINT ( 'NONE',  ( 7.780760073446620240, 23.91872083244641445, -0.8008735165816727175 ) ) ;
#2320 = LINE ( 'NONE', #2346, #4263 ) ;
#2321 = ADVANCED_FACE ( 'NONE', ( #2232 ), #1982, .F. ) ;
#2322 = AXIS2_PLACEMENT_3D ( 'NONE', #2324, #3512, #1508 ) ;
#2323 = VECTOR ( 'NONE', #1017, 1000.000000000000000 ) ;
#2324 = CARTESIAN_POINT ( 'NONE',  ( 0.000000000000000000, 49.00000000000001421, 0.000000000000000000 ) ) ;
#2325 = EDGE_LOOP ( 'NONE', ( #4388, #179, #3549, #2809, #1122, #3994, #4646, #803, #5035, #3951 ) ) ;
#2326 = DIRECTION ( 'NONE',  ( 0.000000000000000000, -1.000000000000000000, 0.000000000000000000 ) ) ;
#2327 = CARTESIAN_POINT ( 'NONE',  ( 2.499999999999992006, 0.000000000000000000, 3.867815921162743642 ) ) ;
#2328 = CIRCLE ( 'NONE', #2658, 1.599999999999998979 ) ;
#2329 = FACE_OUTER_BOUND ( 'NONE', #3638, .T. ) ;
#2330 = ORIENTED_EDGE ( 'NONE', *, *, #41, .T. ) ;
#2331 = VERTEX_POINT ( 'NONE', #2278 ) ;
#2332 = CARTESIAN_POINT ( 'NONE',  ( 3.153818621372985742, 36.12091747954009691, 7.028262252243098196 ) ) ;
#2333 = EDGE_CURVE ( 'NONE', #707, #4442, #1412, .T. ) ;
#2334 = CIRCLE ( 'NONE', #140, 1.350000000000002309 ) ;
#2335 = CARTESIAN_POINT ( 'NONE',  ( -5.445805093716879597, 33.40419490628318044, -2.321663958036643827 ) ) ;
#2336 = EDGE_LOOP ( 'NONE', ( #2645, #3448 ) ) ;
#2337 = CARTESIAN_POINT ( 'NONE',  ( -5.964766151817432416, 32.56009072433007390, 2.204845919545017185 ) ) ;
#2338 = CARTESIAN_POINT ( 'NONE',  ( 7.617426661484922867, 13.81586239292964358, -0.8476189602084702734 ) ) ;
#2339 = CARTESIAN_POINT ( 'NONE',  ( -3.235553313917788110, 35.57887602279848238, 7.133619156841600528 ) ) ;
#2340 = CARTESIAN_POINT ( 'NONE',  ( -5.946918382631696254, 17.41611123410215001, 2.205331772726693451 ) ) ;
#2341 = CARTESIAN_POINT ( 'NONE',  ( -5.312660307497265144, 33.42956619941043783, 2.803416350005042634 ) ) ;
#2342 = ORIENTED_EDGE ( 'NONE', *, *, #900, .T. ) ;
#2343 = CARTESIAN_POINT ( 'NONE',  ( -2.499999999999995115, 0.5000000000000073275, 18.75000000000000355 ) ) ;
#2344 = EDGE_CURVE ( 'NONE', #3917, #4258, #3030, .T. ) ;
#2345 = CARTESIAN_POINT ( 'NONE',  ( 7.731380619016166911, 23.99896143756238232, -0.8074580537159293803 ) ) ;
#2346 = CARTESIAN_POINT ( 'NONE',  ( 0.000000000000000000, 49.50000000000000000, 4.200000000000000178 ) ) ;
#2347 = DIRECTION ( 'NONE',  ( -1.095509984775996541E-16, 0.000000000000000000, 1.000000000000000000 ) ) ;
#2348 = ORIENTED_EDGE ( 'NONE', *, *, #4011, .F. ) ;
#2349 = FACE_OUTER_BOUND ( 'NONE', #5040, .T. ) ;
#2350 = EDGE_CURVE ( 'NONE', #1429, #4479, #828, .T. ) ;
#2351 = CARTESIAN_POINT ( 'NONE',  ( -5.992547593116500870, 17.47695557890046203, 2.202174210908603325 ) ) ;
#2352 = CARTESIAN_POINT ( 'NONE',  ( -3.797203174804947956, 36.85895162970597738, 6.473471456951227054 ) ) ;
#2353 = VERTEX_POINT ( 'NONE', #1073 ) ;
#2354 = EDGE_LOOP ( 'NONE', ( #3875, #166, #2476, #2944 ) ) ;
#2355 = CARTESIAN_POINT ( 'NONE',  ( 3.458578302933310589, 36.47658868599896920, 6.733394236203678496 ) ) ;
#2356 = DIRECTION ( 'NONE',  ( -1.000000000000000000, 0.000000000000000000, -0.000000000000000000 ) ) ;
#2357 = VERTEX_POINT ( 'NONE', #1514 ) ;
#2358 = ADVANCED_FACE ( 'NONE', ( #695 ), #3078, .F. ) ;
#2359 = CARTESIAN_POINT ( 'NONE',  ( -5.299999999988235011, 33.44644168035032550, 2.901060283893944103 ) ) ;
#2360 = DIRECTION ( 'NONE',  ( -0.000000000000000000, 0.7071067811865475727, 0.7071067811865475727 ) ) ;
#2361 = CARTESIAN_POINT ( 'NONE',  ( -5.300000000000001599, 57.50000000000002842, -3.867815921162741422 ) ) ;
#2362 = CARTESIAN_POINT ( 'NONE',  ( -3.294609813443989843, 35.72020974779574942, 7.030576907457109392 ) ) ;
#2363 = CARTESIAN_POINT ( 'NONE',  ( 7.808328886515979228, 14.12607850860510261, 0.8000000000000000444 ) ) ;
#2364 = CARTESIAN_POINT ( 'NONE',  ( -5.539103278005020670, 33.31089672199504292, 2.220734550897476733 ) ) ;
#2365 = EDGE_LOOP ( 'NONE', ( #3911, #1516, #1509, #1801 ) ) ;
#2366 = ORIENTED_EDGE ( 'NONE', *, *, #880, .T. ) ;
#2367 = CARTESIAN_POINT ( 'NONE',  ( -11.09999999999999787, 27.75000000000000000, -1.949999999999999956 ) ) ;
#2368 = CARTESIAN_POINT ( 'NONE',  ( -5.775008343216436302, 32.81310134883399598, -2.252111125072564501 ) ) ;
#2369 = CARTESIAN_POINT ( 'NONE',  ( -0.2500000000000045519, 5.000000000000000888, 15.00000000000000178 ) ) ;
#2370 = CARTESIAN_POINT ( 'NONE',  ( 2.999999999999998668, 34.72852955329950220, 8.077747210701753389 ) ) ;
#2371 = VERTEX_POINT ( 'NONE', #3542 ) ;
#2372 = CIRCLE ( 'NONE', #4104, 1.350000000000002309 ) ;
#2373 = CARTESIAN_POINT ( 'NONE',  ( -3.397193550571012466, 35.95058883121926385, 6.879859296750478137 ) ) ;
#2374 = CARTESIAN_POINT ( 'NONE',  ( -5.673192172562690594, 17.05115442456613906, 2.301418839320256371 ) ) ;
#2375 = CIRCLE ( 'NONE', #181, 7.000000000000032863 ) ;
#2376 = CARTESIAN_POINT ( 'NONE',  ( 2.999999999999997335, 34.49999999999999289, 18.75000000000000355 ) ) ;
#2377 = EDGE_CURVE ( 'NONE', #3944, #4778, #4858, .T. ) ;
#2378 = EDGE_LOOP ( 'NONE', ( #3523, #3513, #1552, #4208 ) ) ;
#2379 = ORIENTED_EDGE ( 'NONE', *, *, #199, .F. ) ;
#2380 = CARTESIAN_POINT ( 'NONE',  ( 0.000000000000000000, 24.53580376850417366, 0.000000000000000000 ) ) ;
#2381 = AXIS2_PLACEMENT_3D ( 'NONE', #4288, #2307, #2749 ) ;
#2382 = CARTESIAN_POINT ( 'NONE',  ( -8.499999999999998224, 25.00000000000000000, -2.200000000000000178 ) ) ;
#2383 = VECTOR ( 'NONE', #1971, 1000.000000000000000 ) ;
#2384 = EDGE_LOOP ( 'NONE', ( #867, #4903, #2456, #2316 ) ) ;
#2385 = CARTESIAN_POINT ( 'NONE',  ( -5.323894511660797413, 33.41458281415507514, 2.756005666728682080 ) ) ;
#2386 = LINE ( 'NONE', #1672, #4765 ) ;
#2387 = CARTESIAN_POINT ( 'NONE',  ( -3.726828316714097866, 36.61540670391469376, 6.533629626400816015 ) ) ;
#2388 = DIRECTION ( 'NONE',  ( 1.000000000000000000, 0.000000000000000000, 1.095509984775996541E-16 ) ) ;
#2389 = CARTESIAN_POINT ( 'NONE',  ( -2.546847488603505294, 35.10892714166340767, 8.474485054863377442 ) ) ;
#2390 = ORIENTED_EDGE ( 'NONE', *, *, #3815, .F. ) ;
#2391 = CONICAL_SURFACE ( 'NONE', #681, 1.649999999999991696, 0.7853981633974491672 ) ;
#2392 = ORIENTED_EDGE ( 'NONE', *, *, #604, .F. ) ;
#2393 = DIRECTION ( 'NONE',  ( -0.7071067811865500152, -0.000000000000000000, 0.7071067811865451302 ) ) ;
#2394 = CARTESIAN_POINT ( 'NONE',  ( -5.448463401376613113, 33.24850433784381210, -2.490876407408991522 ) ) ;
#2395 = ADVANCED_FACE ( 'NONE', ( #463 ), #1735, .T. ) ;
#2396 = EDGE_CURVE ( 'NONE', #4374, #4563, #790, .T. ) ;
#2397 = CARTESIAN_POINT ( 'NONE',  ( 3.335908741243764464, 35.81211107545372840, 6.968029126601412493 ) ) ;
#2398 = ORIENTED_EDGE ( 'NONE', *, *, #3488, .F. ) ;
#2399 = FACE_BOUND ( 'NONE', #1852, .T. ) ;
#2400 = VERTEX_POINT ( 'NONE', #4455 ) ;
#2401 = VECTOR ( 'NONE', #1680, 1000.000000000000000 ) ;
#2402 = DIRECTION ( 'NONE',  ( 0.000000000000000000, 0.000000000000000000, -1.000000000000000000 ) ) ;
#2403 = CARTESIAN_POINT ( 'NONE',  ( -6.019344160898512541, 17.51268763998807287, 2.200526306620361527 ) ) ;
#2404 = AXIS2_PLACEMENT_3D ( 'NONE', #2623, #4222, #702 ) ;
#2405 = DIRECTION ( 'NONE',  ( -0.000000000000000000, -1.000000000000000000, -0.000000000000000000 ) ) ;
#2406 = VERTEX_POINT ( 'NONE', #2890 ) ;
#2407 = VERTEX_POINT ( 'NONE', #3978 ) ;
#2408 = DIRECTION ( 'NONE',  ( -0.000000000000000000, 1.000000000000000000, -0.000000000000000000 ) ) ;
#2409 = AXIS2_PLACEMENT_3D ( 'NONE', #2415, #2492, #65 ) ;
#2410 = AXIS2_PLACEMENT_3D ( 'NONE', #2287, #3404, #270 ) ;
#2411 = EDGE_CURVE ( 'NONE', #2331, #1482, #3210, .T. ) ;
#2412 = FACE_OUTER_BOUND ( 'NONE', #2823, .T. ) ;
#2413 = CIRCLE ( 'NONE', #48, 7.000000000000032863 ) ;
#2414 = ORIENTED_EDGE ( 'NONE', *, *, #704, .F. ) ;
#2415 = CARTESIAN_POINT ( 'NONE',  ( -8.499999999999998224, 25.00000000000000000, 2.200000000000000178 ) ) ;
#2416 = EDGE_CURVE ( 'NONE', #2864, #2848, #4843, .T. ) ;
#2417 = DIRECTION ( 'NONE',  ( -0.000000000000000000, -1.000000000000000000, 0.000000000000000000 ) ) ;
#2418 = CARTESIAN_POINT ( 'NONE',  ( 5.755839955992580362E-16, 58.00000000000000000, -4.700000000000017053 ) ) ;
#2419 = DIRECTION ( 'NONE',  ( 0.000000000000000000, 0.000000000000000000, -1.000000000000000000 ) ) ;
#2420 = ORIENTED_EDGE ( 'NONE', *, *, #4163, .F. ) ;
#2421 = CARTESIAN_POINT ( 'NONE',  ( -5.388075476971385669, 33.46192452302867082, 2.396515684740852414 ) ) ;
#2422 = CYLINDRICAL_SURFACE ( 'NONE', #1097, 2.999999999999998668 ) ;
#2423 = B_SPLINE_CURVE_WITH_KNOTS ( 'NONE', 3,
 ( #334, #3873, #1440, #4640 ),
 .UNSPECIFIED., .F., .F.,
 ( 4, 4 ),
 ( 0.000000000000000000, 1.000000000000000000 ),
 .UNSPECIFIED. ) ;
#2424 = CARTESIAN_POINT ( 'NONE',  ( 3.461021857877760954, 36.08333498632593717, 6.800393653671418903 ) ) ;
#2425 = EDGE_LOOP ( 'NONE', ( #1554, #771 ) ) ;
#2426 = CARTESIAN_POINT ( 'NONE',  ( -2.750000000000006217, 5.000000000000000888, 15.00000000000000178 ) ) ;
#2427 = VERTEX_POINT ( 'NONE', #1351 ) ;
#2428 = EDGE_CURVE ( 'NONE', #3031, #1137, #2189, .T. ) ;
#2429 = DIRECTION ( 'NONE',  ( -0.7071067811865433539, -0.7071067811865516806, 0.000000000000000000 ) ) ;
#2430 = CARTESIAN_POINT ( 'NONE',  ( 0.000000000000000000, 45.50000000000000000, -1.699999999999972200 ) ) ;
#2431 = CARTESIAN_POINT ( 'NONE',  ( 2.999999999999997335, 34.65309631563702197, 8.249514424618265451 ) ) ;
#2432 = ORIENTED_EDGE ( 'NONE', *, *, #4932, .T. ) ;
#2433 = ORIENTED_EDGE ( 'NONE', *, *, #2313, .T. ) ;
#2434 = CARTESIAN_POINT ( 'NONE',  ( 3.622004672009590198, 36.65717720315108608, 6.601028634399211725 ) ) ;
#2435 = CARTESIAN_POINT ( 'NONE',  ( 2.755455298081544285E-16, 49.00000000000001421, -2.250000000000000000 ) ) ;
#2436 = EDGE_LOOP ( 'NONE', ( #108, #2692, #382, #3074 ) ) ;
#2437 = EDGE_CURVE ( 'NONE', #956, #99, #935, .T. ) ;
#2438 = FACE_OUTER_BOUND ( 'NONE', #3241, .T. ) ;
#2439 = FACE_OUTER_BOUND ( 'NONE', #4311, .T. ) ;
#2440 = CARTESIAN_POINT ( 'NONE',  ( 0.000000000000000000, 58.00000000000000000, 0.000000000000000000 ) ) ;
#2441 = CARTESIAN_POINT ( 'NONE',  ( 7.500000000000000000, 13.46419623149582634, 0.7673672027782441063 ) ) ;
#2442 = LINE ( 'NONE', #497, #3867 ) ;
#2443 = EDGE_CURVE ( 'NONE', #221, #2400, #4478, .T. ) ;
#2444 = VERTEX_POINT ( 'NONE', #2118 ) ;
#2445 = ORIENTED_EDGE ( 'NONE', *, *, #1254, .F. ) ;
#2446 = CARTESIAN_POINT ( 'NONE',  ( -5.860418067941840725, 17.30078038713970656, -2.224173191427278429 ) ) ;
#2447 = CARTESIAN_POINT ( 'NONE',  ( 2.999999999999997335, 33.75000000000000000, 18.75000000000000355 ) ) ;
#2448 = CARTESIAN_POINT ( 'NONE',  ( 2.999999999999998668, 34.72852955329950220, 8.077747210701753389 ) ) ;
#2449 = B_SPLINE_CURVE_WITH_KNOTS ( 'NONE', 3,
 ( #2620, #2212, #1726, #3709, #2544, #3369 ),
 .UNSPECIFIED., .F., .F.,
 ( 4, 2, 4 ),
 ( 0.000000000000000000, 0.5000000000000000000, 1.000000000000000000 ),
 .UNSPECIFIED. ) ;
#2450 = ORIENTED_EDGE ( 'NONE', *, *, #2761, .F. ) ;
#2451 = FACE_OUTER_BOUND ( 'NONE', #4056, .T. ) ;
#2452 = DIRECTION ( 'NONE',  ( -1.095509984775996541E-16, 0.000000000000000000, 1.000000000000000000 ) ) ;
#2453 = CARTESIAN_POINT ( 'NONE',  ( -5.299999999999998934, 16.55355339059104480, 2.949999999999999734 ) ) ;
#2454 = EDGE_CURVE ( 'NONE', #2931, #2996, #1589, .T. ) ;
#2455 = CARTESIAN_POINT ( 'NONE',  ( 7.802423757330763543, 24.23338001117340923, -0.5499895075921004128 ) ) ;
#2456 = ORIENTED_EDGE ( 'NONE', *, *, #2888, .F. ) ;
#2457 = EDGE_LOOP ( 'NONE', ( #5062, #3080, #3888, #3979, #1283, #299 ) ) ;
#2458 = DIRECTION ( 'NONE',  ( 0.000000000000000000, 0.000000000000000000, 1.000000000000000000 ) ) ;
#2459 = CARTESIAN_POINT ( 'NONE',  ( 7.337267017503033451, 13.30146324899886423, -1.147035912230167432 ) ) ;
#2460 = EDGE_CURVE ( 'NONE', #4683, #3359, #4333, .T. ) ;
#2461 = CARTESIAN_POINT ( 'NONE',  ( -5.299999999999998934, 16.55355022236550155, 2.917086275645488058 ) ) ;
#2462 = ORIENTED_EDGE ( 'NONE', *, *, #3953, .T. ) ;
#2463 = CARTESIAN_POINT ( 'NONE',  ( -2.191268969674211880E-15, 30.00000000000000355, 15.00000000000000178 ) ) ;
#2464 = DIRECTION ( 'NONE',  ( 0.000000000000000000, 0.000000000000000000, -1.000000000000000000 ) ) ;
#2465 = CARTESIAN_POINT ( 'NONE',  ( -2.664094452481887032, 35.43638052830497287, 7.810903339542333512 ) ) ;
#2466 = AXIS2_PLACEMENT_3D ( 'NONE', #4818, #4391, #870 ) ;
#2467 = DIRECTION ( 'NONE',  ( 0.000000000000000000, 1.000000000000000000, -0.000000000000000000 ) ) ;
#2468 = FACE_OUTER_BOUND ( 'NONE', #3236, .T. ) ;
#2469 = EDGE_LOOP ( 'NONE', ( #1796, #2450, #683, #1526, #340 ) ) ;
#2470 = CIRCLE ( 'NONE', #4117, 3.750000000000008438 ) ;
#2471 = PLANE ( 'NONE',  #4617 ) ;
#2472 = PLANE ( 'NONE',  #4625 ) ;
#2473 = EDGE_CURVE ( 'NONE', #4336, #827, #960, .T. ) ;
#2474 = CARTESIAN_POINT ( 'NONE',  ( 3.657626524296841986, 36.47606321251265626, 6.595050146761692211 ) ) ;
#2475 = CIRCLE ( 'NONE', #2643, 1.350000000000002309 ) ;
#2476 = ORIENTED_EDGE ( 'NONE', *, *, #1420, .F. ) ;
#2477 = CARTESIAN_POINT ( 'NONE',  ( -1.734723475976806897E-15, 26.75000000000000355, 15.00000000000000178 ) ) ;
#2478 = CARTESIAN_POINT ( 'NONE',  ( 7.800457950322855716, 23.88671176270877794, 0.8000000000000001554 ) ) ;
#2479 = VECTOR ( 'NONE', #4191, 1000.000000000000000 ) ;
#2480 = DIRECTION ( 'NONE',  ( -1.000000000000000000, -0.000000000000000000, -0.000000000000000000 ) ) ;
#2481 = ADVANCED_FACE ( 'NONE', ( #3299 ), #4098, .F. ) ;
#2482 = LINE ( 'NONE', #4865, #3116 ) ;
#2483 = AXIS2_PLACEMENT_3D ( 'NONE', #3425, #3742, #3349 ) ;
#2484 = ORIENTED_EDGE ( 'NONE', *, *, #460, .F. ) ;
#2485 = ORIENTED_EDGE ( 'NONE', *, *, #1792, .F. ) ;
#2486 = CYLINDRICAL_SURFACE ( 'NONE', #756, 4.200000000000000178 ) ;
#2487 = CARTESIAN_POINT ( 'NONE',  ( -6.158053889203404019, 17.30805388920334664, -1.949994642339973661 ) ) ;
#2488 = VECTOR ( 'NONE', #104, 1000.000000000000000 ) ;
#2489 = CARTESIAN_POINT ( 'NONE',  ( 7.808328886515983669, 58.00000000000000000, -1.200000000000000178 ) ) ;
#2490 = ORIENTED_EDGE ( 'NONE', *, *, #1058, .F. ) ;
#2492 = DIRECTION ( 'NONE',  ( -0.000000000000000000, -0.000000000000000000, -1.000000000000000000 ) ) ;
#2491 = AXIS2_PLACEMENT_3D ( 'NONE', #2525, #906, #3350 ) ;
#2493 = CARTESIAN_POINT ( 'NONE',  ( 3.100005683796628997, 35.21008229123364686, 7.452814850055712093 ) ) ;
#2494 = EDGE_CURVE ( 'NONE', #4111, #4632, #2470, .T. ) ;
#2495 = B_SPLINE_CURVE_WITH_KNOTS ( 'NONE', 1,
 ( #2526, #4959 ),
 .UNSPECIFIED., .F., .F.,
 ( 2, 2 ),
 ( 0.000000000000000000, 1.000000000000000000 ),
 .UNSPECIFIED. ) ;
#2496 = CARTESIAN_POINT ( 'NONE',  ( -3.629456268254036555, 36.67171363559373987, 6.594206868496652163 ) ) ;
#2497 = CARTESIAN_POINT ( 'NONE',  ( 7.802423757331541587, 13.76661998882737059, 0.5499895075921021892 ) ) ;
#2498 = CARTESIAN_POINT ( 'NONE',  ( 10.53580376850417188, 16.50000000000000000, 0.5499999999999998224 ) ) ;
#2499 = ORIENTED_EDGE ( 'NONE', *, *, #4561, .T. ) ;
#2500 = CARTESIAN_POINT ( 'NONE',  ( -5.975469544605020111, 17.45417971274825675, -2.203711679637208043 ) ) ;
#2501 = CARTESIAN_POINT ( 'NONE',  ( 0.000000000000000000, 49.00000000000001421, 2.250000000000000000 ) ) ;
#2502 = CARTESIAN_POINT ( 'NONE',  ( 3.319935682984841652, 35.77572324276933813, 6.992630384296090185 ) ) ;
#2503 = DIRECTION ( 'NONE',  ( -0.000000000000000000, 1.000000000000000000, 0.000000000000000000 ) ) ;
#2504 = ORIENTED_EDGE ( 'NONE', *, *, #4901, .F. ) ;
#2505 = CARTESIAN_POINT ( 'NONE',  ( -5.299999999999998046, 57.50000000000002842, 3.867815921162744086 ) ) ;
#2506 = EDGE_CURVE ( 'NONE', #4603, #4683, #1576, .T. ) ;
#2507 = CARTESIAN_POINT ( 'NONE',  ( 2.755455298081544285E-16, 45.00000000000001421, 2.250000000000000000 ) ) ;
#2508 = CARTESIAN_POINT ( 'NONE',  ( -6.049999999999998934, 0.000000000000000000, 2.200000000000000178 ) ) ;
#2509 = CARTESIAN_POINT ( 'NONE',  ( -0.5000000000000029976, 33.75000000000000000, 18.75000000000000355 ) ) ;
#2510 = CARTESIAN_POINT ( 'NONE',  ( -3.833333333333331261, 0.5000000000000073275, -6.446359868604572441 ) ) ;
#2511 = ORIENTED_EDGE ( 'NONE', *, *, #1002, .T. ) ;
#2512 = ADVANCED_FACE ( 'NONE', ( #4579 ), #4936, .T. ) ;
#2513 = DIRECTION ( 'NONE',  ( -0.000000000000000000, 1.000000000000000000, -0.000000000000000000 ) ) ;
#2514 = CARTESIAN_POINT ( 'NONE',  ( -5.224462091197401570, 16.37446209119733354, -2.959948559467884266 ) ) ;
#2515 = CYLINDRICAL_SURFACE ( 'NONE', #3124, 0.3999999999999999667 ) ;
#2516 = ORIENTED_EDGE ( 'NONE', *, *, #2619, .T. ) ;
#2517 = CARTESIAN_POINT ( 'NONE',  ( -5.300000000000001599, 33.44644977763451266, -2.917086275645468962 ) ) ;
#2518 = CARTESIAN_POINT ( 'NONE',  ( 3.738512868530223798, 36.78243781907838894, 6.515132891069204568 ) ) ;
#2519 = CARTESIAN_POINT ( 'NONE',  ( -3.798238010131394393, 36.86000841308932507, 6.472696408538182844 ) ) ;
#2520 = CARTESIAN_POINT ( 'NONE',  ( 7.808328886515983669, 24.53580376850418432, -0.8000000000000000444 ) ) ;
#2521 = ADVANCED_FACE ( 'NONE', ( #4960 ), #3790, .F. ) ;
#2522 = CARTESIAN_POINT ( 'NONE',  ( 7.539254840398122326, 13.68883387344668279, 0.9038117290769098755 ) ) ;
#2523 = VERTEX_POINT ( 'NONE', #1985 ) ;
#2524 = CARTESIAN_POINT ( 'NONE',  ( -5.843263013898762459, 17.27790502011933782, -2.228965057170492869 ) ) ;
#2525 = CARTESIAN_POINT ( 'NONE',  ( 0.000000000000000000, 0.000000000000000000, -2.200000000000000178 ) ) ;
#2526 = CARTESIAN_POINT ( 'NONE',  ( 2.999999999999998668, 34.72852955329950220, 8.077747210701753389 ) ) ;
#2527 = CARTESIAN_POINT ( 'NONE',  ( -6.050000000000001599, 32.44644660940677738, -2.200000000000000178 ) ) ;
#2528 = ORIENTED_EDGE ( 'NONE', *, *, #4153, .F. ) ;
#2529 = CARTESIAN_POINT ( 'NONE',  ( -0.2500000000000175415, 30.00000000000000355, 15.00000000000000178 ) ) ;
#2530 = CARTESIAN_POINT ( 'NONE',  ( 7.777157493690548762, 23.92457389534645884, 0.8012148754053797228 ) ) ;
#2531 = DIRECTION ( 'NONE',  ( 0.000000000000000000, 0.000000000000000000, -1.000000000000000000 ) ) ;
#2532 = FACE_OUTER_BOUND ( 'NONE', #3498, .T. ) ;
#2533 = ORIENTED_EDGE ( 'NONE', *, *, #3677, .F. ) ;
#2534 = ORIENTED_EDGE ( 'NONE', *, *, #4606, .F. ) ;
#2535 = DIRECTION ( 'NONE',  ( -0.7071067811865477948, 0.7071067811865473507, 0.000000000000000000 ) ) ;
#2536 = DIRECTION ( 'NONE',  ( -0.000000000000000000, -1.000000000000000000, -0.000000000000000000 ) ) ;
#2537 = EDGE_CURVE ( 'NONE', #4807, #1581, #726, .T. ) ;
#2538 = B_SPLINE_CURVE_WITH_KNOTS ( 'NONE', 3,
 ( #1954, #2674, #721, #5049, #3058, #1125 ),
 .UNSPECIFIED., .F., .F.,
 ( 4, 2, 4 ),
 ( 0.000000000000000000, 0.5000000000000000000, 1.000000000000000000 ),
 .UNSPECIFIED. ) ;
#2539 = DIRECTION ( 'NONE',  ( 0.000000000000000000, 0.000000000000000000, -1.000000000000000000 ) ) ;
#2540 = ORIENTED_EDGE ( 'NONE', *, *, #86, .T. ) ;
#2541 = DIRECTION ( 'NONE',  ( -0.000000000000000000, 1.000000000000000000, -0.000000000000000000 ) ) ;
#2542 = CARTESIAN_POINT ( 'NONE',  ( 3.198781247460738442, 35.48465269185338400, 7.207423753758418705 ) ) ;
#2543 =( NAMED_UNIT ( * ) SI_UNIT ( $, .STERADIAN. ) SOLID_ANGLE_UNIT ( ) );
#2544 = CARTESIAN_POINT ( 'NONE',  ( -6.028220307262604827, 17.17822030726255633, 1.949984520457120896 ) ) ;
#2545 = AXIS2_PLACEMENT_3D ( 'NONE', #230, #4123, #4906 ) ;
#2546 = CARTESIAN_POINT ( 'NONE',  ( 2.999999999999997335, 34.50491960796546209, 8.977984879048326761 ) ) ;
#2547 = ORIENTED_EDGE ( 'NONE', *, *, #1033, .T. ) ;
#2548 = DIRECTION ( 'NONE',  ( -0.7071067811865475727, 0.7071067811865474617, -9.185433182841438638E-17 ) ) ;
#2549 = AXIS2_PLACEMENT_3D ( 'NONE', #2157, #2105, #1385 ) ;
#2550 = LINE ( 'NONE', #4905, #4542 ) ;
#2551 = B_SPLINE_CURVE_WITH_KNOTS ( 'NONE', 3,
 ( #504, #4454, #2067, #3637, #831, #3272, #2117, #1682, #177, #3664, #2863, #3225, #4752, #2040, #907, #532, #3196, #2474, #4046, #129, #1292, #2093, #1319, #3251, #76, #4351, #934, #2424, #1706, #2887, #1630, #1734, #3993, #2397, #2502, #4073, #4425, #555, #1239, #478, #2839, #3688, #3969, #2813, #1654, #3298, #4380, #456, #2015, #3611, #859, #1269, #4856, #98, #4806, #2785, #3586, #4782, #4402, #883, #2448 ),
 .UNSPECIFIED., .F., .F.,
 ( 4, 2, 1, 1, 2, 2, 1, 1, 2, 2, 2, 1, 1, 2, 2, 2, 1, 2, 2, 2, 1, 2, 2, 1, 1, 2, 2, 1, 1, 2, 2, 1, 2, 2, 2, 2, 4 ),
 ( 0.000000000000000000, 0.03125000000003368139, 0.04687500000005061923, 0.05468750000005567768, 0.05859375000005803691, 0.06250000000006039613, 0.09375000000006490641, 0.1093750000000671962, 0.1171875000000683481, 0.1250000000000695000, 0.1875000000000700273, 0.2187500000000674183, 0.2343750000000661970, 0.2421875000000655032, 0.2500000000000647815, 0.3125000000000612843, 0.3437500000000621725, 0.3593750000000652811, 0.3750000000000683342, 0.4375000000000658362, 0.4687500000000672795, 0.4843750000000651701, 0.5000000000000629496, 0.5625000000000531797, 0.5937500000000479616, 0.6093750000000454081, 0.6250000000000427436, 0.6875000000000215383, 0.7187500000000113243, 0.7343750000000088818, 0.7500000000000065503, 0.8125000000000017764, 0.8437500000000018874, 0.8750000000000019984, 0.9062500000000015543, 0.9375000000000009992, 1.000000000000000000 ),
 .UNSPECIFIED. ) ;
#2552 = CARTESIAN_POINT ( 'NONE',  ( -5.224462091197397129, 16.37446209119732288, 2.959948559467882045 ) ) ;
#2553 = CARTESIAN_POINT ( 'NONE',  ( -3.688585010714791945, 36.73708936230126909, 6.550182510113195633 ) ) ;
#2554 = EDGE_LOOP ( 'NONE', ( #4003, #3432, #3519, #3996 ) ) ;
#2555 = CIRCLE ( 'NONE', #996, 4.200000000000000178 ) ;
#2556 = DIRECTION ( 'NONE',  ( 1.000000000000000000, 0.000000000000000000, 1.095509984775996541E-16 ) ) ;
#2557 = EDGE_CURVE ( 'NONE', #3143, #4399, #3934, .T. ) ;
#2558 = LINE ( 'NONE', #4862, #2897 ) ;
#2559 = ADVANCED_FACE ( 'NONE', ( #2700 ), #1183, .T. ) ;
#2560 = UNCERTAINTY_MEASURE_WITH_UNIT (LENGTH_MEASURE( 1.000000000000000082E-05 ), #963, 'distance_accuracy_value', 'NONE');
#2561 = FACE_OUTER_BOUND ( 'NONE', #2384, .T. ) ;
#2562 = DIRECTION ( 'NONE',  ( 1.095509984775996541E-16, 0.000000000000000000, -1.000000000000000000 ) ) ;
#2563 = DIRECTION ( 'NONE',  ( 8.659560562354892183E-17, 0.7071067811865509034, -0.7071067811865441310 ) ) ;
#2564 = ORIENTED_EDGE ( 'NONE', *, *, #3099, .F. ) ;
#2565 = VECTOR ( 'NONE', #314, 1000.000000000000114 ) ;
#2566 = CARTESIAN_POINT ( 'NONE',  ( -6.050000000000001599, 58.00000000000000000, -2.950000000000000178 ) ) ;
#2567 = CARTESIAN_POINT ( 'NONE',  ( -5.657132940464318693, 17.02973064454564067, -2.309053775980605128 ) ) ;
#2568 = CIRCLE ( 'NONE', #760, 7.499999999999998224 ) ;
#2569 = DIRECTION ( 'NONE',  ( 0.000000000000000000, 0.000000000000000000, -1.000000000000000000 ) ) ;
#2570 = EDGE_LOOP ( 'NONE', ( #854, #3444, #4410, #1196 ) ) ;
#2571 = DIRECTION ( 'NONE',  ( 0.000000000000000000, 0.000000000000000000, 1.000000000000000000 ) ) ;
#2572 = CARTESIAN_POINT ( 'NONE',  ( 2.700155658708827566, 35.49884043924100752, 7.718903993336200031 ) ) ;
#2573 = EDGE_CURVE ( 'NONE', #4632, #4075, #2635, .T. ) ;
#2574 = AXIS2_PLACEMENT_3D ( 'NONE', #2183, #4466, #218 ) ;
#2575 = CARTESIAN_POINT ( 'NONE',  ( -5.226162889743309670, 33.62383711025675836, -2.890882859769669189 ) ) ;
#2576 = VECTOR ( 'NONE', #1478, 1000.000000000000114 ) ;
#2577 = CARTESIAN_POINT ( 'NONE',  ( 2.556293999477812218, 35.15349822678911096, 8.348152360590678001 ) ) ;
#2578 = EDGE_CURVE ( 'NONE', #1664, #2996, #2680, .T. ) ;
#2579 = CARTESIAN_POINT ( 'NONE',  ( -2.499999999999995115, 0.000000000000000000, 18.24999999999999645 ) ) ;
#2580 = CARTESIAN_POINT ( 'NONE',  ( 4.999999999999998224, 0.5000000000000073275, 8.077747210701753389 ) ) ;
#2581 = DIRECTION ( 'NONE',  ( 0.7071067811865474617, 0.7071067811865474617, 0.000000000000000000 ) ) ;
#2582 = CARTESIAN_POINT ( 'NONE',  ( -3.014114041734929028, 35.94807686282035064, 7.192965963694941678 ) ) ;
#2583 = VERTEX_POINT ( 'NONE', #2267 ) ;
#2584 = DIRECTION ( 'NONE',  ( 1.000000000000000000, 0.000000000000000000, 0.000000000000000000 ) ) ;
#2585 = CARTESIAN_POINT ( 'NONE',  ( 7.657690775362070212, 13.88129094152158771, -0.8292366914651978504 ) ) ;
#2586 = DIRECTION ( 'NONE',  ( -1.095509984775996541E-16, 0.000000000000000000, 1.000000000000000000 ) ) ;
#2587 = VECTOR ( 'NONE', #1020, 1000.000000000000000 ) ;
#2588 = DIRECTION ( 'NONE',  ( 0.000000000000000000, 0.000000000000000000, 1.000000000000000000 ) ) ;
#2589 = VERTEX_POINT ( 'NONE', #4246 ) ;
#2590 = ORIENTED_EDGE ( 'NONE', *, *, #3175, .F. ) ;
#2591 = CARTESIAN_POINT ( 'NONE',  ( -2.299999999999998934, 0.000000000000000000, 3.867815921162743198 ) ) ;
#2592 = FACE_OUTER_BOUND ( 'NONE', #4227, .T. ) ;
#2593 = LINE ( 'NONE', #4947, #744 ) ;
#2594 = ORIENTED_EDGE ( 'NONE', *, *, #3966, .F. ) ;
#2595 = CARTESIAN_POINT ( 'NONE',  ( 16.01790188425208328, 16.01790188425209394, -0.5499999999999998224 ) ) ;
#2596 = CARTESIAN_POINT ( 'NONE',  ( 3.072821884971904005, 35.12355054905137308, 7.540987027895357464 ) ) ;
#2597 = DIRECTION ( 'NONE',  ( 0.7071067811865424657, -0.000000000000000000, 0.7071067811865525687 ) ) ;
#2598 = CARTESIAN_POINT ( 'NONE',  ( 7.679328286400679104, 13.91645244226573652, 0.8212259669535232343 ) ) ;
#2599 = B_SPLINE_CURVE_WITH_KNOTS ( 'NONE', 3,
 ( #2642, #1486, #765, #1534 ),
 .UNSPECIFIED., .F., .F.,
 ( 4, 4 ),
 ( 0.000000000000000000, 0.0007344485475711706561 ),
 .UNSPECIFIED. ) ;
#2600 = CARTESIAN_POINT ( 'NONE',  ( -2.499999999999993783, 35.00000000000000000, 9.165151389911681434 ) ) ;
#2601 = DIRECTION ( 'NONE',  ( -0.5773502691896258421, 0.5773502691896258421, 0.5773502691896258421 ) ) ;
#2602 = CARTESIAN_POINT ( 'NONE',  ( 10.35902707320753713, 16.67677669529663831, 0.8000000000000000444 ) ) ;
#2603 = EDGE_CURVE ( 'NONE', #317, #1638, #1546, .T. ) ;
#2604 = CARTESIAN_POINT ( 'NONE',  ( -15.41219158730642036, 1.749999999999998890, -1.903772728872279625E-15 ) ) ;
#2605 = ORIENTED_EDGE ( 'NONE', *, *, #2300, .T. ) ;
#2606 = CARTESIAN_POINT ( 'NONE',  ( -5.439671650352587484, 33.26021497909807323, 2.513456596676760579 ) ) ;
#2607 = CARTESIAN_POINT ( 'NONE',  ( 7.565567851625587537, 24.26840289830386510, 0.8818698785729103262 ) ) ;
#2608 = CARTESIAN_POINT ( 'NONE',  ( 7.529884656144080424, 24.32638956834719934, -0.9125830471330527160 ) ) ;
#2609 = CARTESIAN_POINT ( 'NONE',  ( -6.050000000000001599, 32.44644660940677738, -2.200000000000000178 ) ) ;
#2610 = LINE ( 'NONE', #3868, #931 ) ;
#2611 = EDGE_LOOP ( 'NONE', ( #1278, #4703, #370, #3903, #4232 ) ) ;
#2612 = CARTESIAN_POINT ( 'NONE',  ( 7.944772285508607368, 24.09103148299555386, -0.5499976834400579495 ) ) ;
#2613 = DIRECTION ( 'NONE',  ( -0.000000000000000000, -1.000000000000000000, 0.000000000000000000 ) ) ;
#2614 = DIRECTION ( 'NONE',  ( 0.000000000000000000, 0.000000000000000000, 1.000000000000000000 ) ) ;
#2615 = VERTEX_POINT ( 'NONE', #802 ) ;
#2616 = DIRECTION ( 'NONE',  ( 1.000000000000000000, -0.000000000000000000, 1.095509984775996664E-16 ) ) ;
#2617 = CARTESIAN_POINT ( 'NONE',  ( 2.800635986879234096, 35.65521387071718351, 7.514497123832700076 ) ) ;
#2618 = ADVANCED_FACE ( 'NONE', ( #2289 ), #316, .T. ) ;
#2619 = EDGE_CURVE ( 'NONE', #4683, #4442, #4023, .T. ) ;
#2620 = CARTESIAN_POINT ( 'NONE',  ( -5.299999999999998046, 16.44999999999993534, 2.574388938524322157 ) ) ;
#2621 = CARTESIAN_POINT ( 'NONE',  ( 7.771937362049513354, 14.06694239389165979, 0.8016576528555813264 ) ) ;
#2622 = AXIS2_PLACEMENT_3D ( 'NONE', #4274, #2734, #3866 ) ;
#2623 = CARTESIAN_POINT ( 'NONE',  ( -2.299999999999998934, 0.5000000000000073275, 3.867815921162743198 ) ) ;
#2624 = DIRECTION ( 'NONE',  ( -0.000000000000000000, -1.000000000000000000, -0.000000000000000000 ) ) ;
#2625 = TOROIDAL_SURFACE ( 'NONE', #2961, 9.499999999999998224, 2.000000000000000000 ) ;
#2626 = CARTESIAN_POINT ( 'NONE',  ( 0.000000000000000000, 50.00000000000000000, 4.200000000000000178 ) ) ;
#2627 = CARTESIAN_POINT ( 'NONE',  ( -3.703493980318913081, 36.75358527783615870, 6.539298810268782347 ) ) ;
#2628 = ORIENTED_EDGE ( 'NONE', *, *, #628, .F. ) ;
#2629 = CARTESIAN_POINT ( 'NONE',  ( -5.503002216494014220, 33.17577634308498347, 2.436337607176998432 ) ) ;
#2630 = CIRCLE ( 'NONE', #1732, 1.599999999999998979 ) ;
#2631 = CARTESIAN_POINT ( 'NONE',  ( 7.510986219524979468, 13.64289126211601832, -0.9280678557819265206 ) ) ;
#2632 = EDGE_CURVE ( 'NONE', #94, #1950, #2913, .T. ) ;
#2633 = FACE_OUTER_BOUND ( 'NONE', #2016, .T. ) ;
#2634 = CARTESIAN_POINT ( 'NONE',  ( -2.547309714726411622E-15, 23.00000000000000711, 18.25000000000001066 ) ) ;
#2635 = CIRCLE ( 'NONE', #3462, 3.750000000000008438 ) ;
#2636 = DIRECTION ( 'NONE',  ( 1.000000000000000000, 0.000000000000000000, 0.000000000000000000 ) ) ;
#2637 = ORIENTED_EDGE ( 'NONE', *, *, #2396, .T. ) ;
#2638 = CARTESIAN_POINT ( 'NONE',  ( 7.555506243914219766, 24.28475828562280725, -0.8890389604554838066 ) ) ;
#2639 = EDGE_CURVE ( 'NONE', #2713, #3286, #3246, .T. ) ;
#2640 = VECTOR ( 'NONE', #3963, 1000.000000000000000 ) ;
#2641 = DIRECTION ( 'NONE',  ( -0.7071067811865482389, 0.000000000000000000, -0.7071067811865469066 ) ) ;
#2642 = CARTESIAN_POINT ( 'NONE',  ( 2.999999999999997780, 8.743936204764720443, 14.78682942357816721 ) ) ;
#2643 = AXIS2_PLACEMENT_3D ( 'NONE', #3214, #116, #4317 ) ;
#2644 = EDGE_LOOP ( 'NONE', ( #4428, #1784, #2208, #3176 ) ) ;
#2645 = ORIENTED_EDGE ( 'NONE', *, *, #4969, .T. ) ;
#2646 = CARTESIAN_POINT ( 'NONE',  ( 2.572977854073676518, 35.23166276193938984, 8.168551497393009342 ) ) ;
#2647 = VECTOR ( 'NONE', #1718, 1000.000000000000000 ) ;
#2648 = CARTESIAN_POINT ( 'NONE',  ( -5.298264046925575954, 33.44876121350600329, -2.957461419600911245 ) ) ;
#2649 = ORIENTED_EDGE ( 'NONE', *, *, #900, .F. ) ;
#2650 = ADVANCED_FACE ( 'NONE', ( #928 ), #826, .F. ) ;
#2651 = AXIS2_PLACEMENT_3D ( 'NONE', #559, #989, #3693 ) ;
#2652 = CARTESIAN_POINT ( 'NONE',  ( 7.499999999999996447, 24.53580376850417366, 0.7673672027782316718 ) ) ;
#2653 = CARTESIAN_POINT ( 'NONE',  ( 7.575327490256133167, 24.25254876031719320, 0.8739226992455160214 ) ) ;
#2654 = CONICAL_SURFACE ( 'NONE', #4458, 3.699999999999994849, 0.7853981633974536081 ) ;
#2655 = CARTESIAN_POINT ( 'NONE',  ( 3.684210526315783163, 0.000000000000000000, 5.952024260517074339 ) ) ;
#2656 = CARTESIAN_POINT ( 'NONE',  ( -3.517889327262007093, 36.54748677016227987, 6.682443360205861715 ) ) ;
#2657 = ORIENTED_EDGE ( 'NONE', *, *, #4135, .F. ) ;
#2658 = AXIS2_PLACEMENT_3D ( 'NONE', #4100, #2556, #4909 ) ;
#2659 = VECTOR ( 'NONE', #724, 1000.000000000000000 ) ;
#2660 = CARTESIAN_POINT ( 'NONE',  ( 7.435427984844664273, 13.52010817778851326, -1.047574453765876656 ) ) ;
#2661 = UNCERTAINTY_MEASURE_WITH_UNIT (LENGTH_MEASURE( 1.000000000000000082E-05 ), #3290, 'distance_accuracy_value', 'NONE');
#2662 = CARTESIAN_POINT ( 'NONE',  ( 0.000000000000000000, 49.50000000000000000, 0.000000000000000000 ) ) ;
#2663 = DIRECTION ( 'NONE',  ( -0.4999999999999985012, -0.4999999999999988343, 0.7071067811865494601 ) ) ;
#2664 = EDGE_CURVE ( 'NONE', #1519, #1301, #25, .T. ) ;
#2665 = CARTESIAN_POINT ( 'NONE',  ( -5.301000000000003709, 5.000000000000000888, 13.65000000000000036 ) ) ;
#2666 = ORIENTED_EDGE ( 'NONE', *, *, #1109, .T. ) ;
#2667 = CARTESIAN_POINT ( 'NONE',  ( -3.072669307834827723, 35.12337179300251933, 7.541793289782632748 ) ) ;
#2668 = DIRECTION ( 'NONE',  ( 1.000000000000000000, -0.000000000000000000, 1.095509984775996418E-16 ) ) ;
#2669 = DIRECTION ( 'NONE',  ( 0.000000000000000000, 0.000000000000000000, -1.000000000000000000 ) ) ;
#2670 = EDGE_CURVE ( 'NONE', #1736, #2371, #4372, .T. ) ;
#2671 = ORIENTED_EDGE ( 'NONE', *, *, #69, .T. ) ;
#2672 = VERTEX_POINT ( 'NONE', #2498 ) ;
#2673 = CARTESIAN_POINT ( 'NONE',  ( 3.566330896284099161, 36.29830428867127523, 6.682737666097332330 ) ) ;
#2674 = CARTESIAN_POINT ( 'NONE',  ( -5.374188367562581448, 33.47581163243748392, -2.391379157336783301 ) ) ;
#2675 = ORIENTED_EDGE ( 'NONE', *, *, #1490, .T. ) ;
#2676 = LINE ( 'NONE', #653, #1165 ) ;
#2677 = DIRECTION ( 'NONE',  ( -0.000000000000000000, -1.000000000000000000, -0.000000000000000000 ) ) ;
#2678 = EDGE_CURVE ( 'NONE', #2353, #1626, #2742, .T. ) ;
#2679 = CARTESIAN_POINT ( 'NONE',  ( 7.783508396482742064, 14.08574521230108445, 0.7999985744246511654 ) ) ;
#2680 = LINE ( 'NONE', #3838, #2230 ) ;
#2681 = ORIENTED_EDGE ( 'NONE', *, *, #3421, .T. ) ;
#2682 = DIRECTION ( 'NONE',  ( 1.000000000000000000, 0.000000000000000000, -3.363765581148665724E-16 ) ) ;
#2683 = DIRECTION ( 'NONE',  ( -0.000000000000000000, -1.000000000000000000, -0.000000000000000000 ) ) ;
#2684 = ADVANCED_FACE ( 'NONE', ( #4776 ), #2088, .T. ) ;
#2685 = CYLINDRICAL_SURFACE ( 'NONE', #3858, 2.000000000000000000 ) ;
#2686 = CARTESIAN_POINT ( 'NONE',  ( 11.50897064486038168, 24.74060846898269261, 18.75000000000000355 ) ) ;
#2687 = ORIENTED_EDGE ( 'NONE', *, *, #1281, .F. ) ;
#2688 = CARTESIAN_POINT ( 'NONE',  ( 7.502321588109416517, 24.37118335130561064, -0.9412035741178682580 ) ) ;
#2689 = DIRECTION ( 'NONE',  ( 0.000000000000000000, 1.000000000000000000, 0.000000000000000000 ) ) ;
#2690 = DIRECTION ( 'NONE',  ( 0.000000000000000000, 0.000000000000000000, 1.000000000000000000 ) ) ;
#2691 = EDGE_LOOP ( 'NONE', ( #3791, #1305, #437 ) ) ;
#2692 = ORIENTED_EDGE ( 'NONE', *, *, #1399, .T. ) ;
#2693 = CARTESIAN_POINT ( 'NONE',  ( 3.072238676128736135, 36.02031225908392287, 7.121512386454526222 ) ) ;
#2694 = EDGE_CURVE ( 'NONE', #1663, #1637, #2555, .T. ) ;
#2695 = ORIENTED_EDGE ( 'NONE', *, *, #1952, .F. ) ;
#2696 = DIRECTION ( 'NONE',  ( 0.000000000000000000, 1.000000000000000000, 0.000000000000000000 ) ) ;
#2697 = EDGE_CURVE ( 'NONE', #4221, #4825, #2442, .T. ) ;
#2698 = CARTESIAN_POINT ( 'NONE',  ( -2.565846607273219782, 35.20554507060548133, 8.224342736528802433 ) ) ;
#2699 = CARTESIAN_POINT ( 'NONE',  ( 7.555506243914217990, 13.71524171437724071, 0.8890389604554850278 ) ) ;
#2700 = FACE_OUTER_BOUND ( 'NONE', #4626, .T. ) ;
#2701 = EDGE_LOOP ( 'NONE', ( #2348, #717, #3324, #1934 ) ) ;
#2702 = DIRECTION ( 'NONE',  ( 0.6785983445458459995, -0.2810846377148140673, -0.6785983445458506624 ) ) ;
#2703 = VECTOR ( 'NONE', #3704, 1000.000000000000000 ) ;
#2704 = CARTESIAN_POINT ( 'NONE',  ( -5.301000000000003709, 5.000000000000000888, 15.00000000000000178 ) ) ;
#2705 = LINE ( 'NONE', #5012, #4433 ) ;
#2706 = AXIS2_PLACEMENT_3D ( 'NONE', #4370, #1262, #4344 ) ;
#2707 = CARTESIAN_POINT ( 'NONE',  ( -0.2500000000000045519, 5.000000000000000888, 15.00000000000000178 ) ) ;
#2708 = ORIENTED_EDGE ( 'NONE', *, *, #972, .F. ) ;
#2709 = ADVANCED_FACE ( 'NONE', ( #4801 ), #3624, .T. ) ;
#2710 = CARTESIAN_POINT ( 'NONE',  ( 7.825167379124001954, 24.21063638938016993, -0.5686945698679116701 ) ) ;
#2711 = DIRECTION ( 'NONE',  ( 0.000000000000000000, 1.000000000000000000, 0.000000000000000000 ) ) ;
#2712 = DIRECTION ( 'NONE',  ( 1.095509984775996541E-16, 0.000000000000000000, -1.000000000000000000 ) ) ;
#2713 = VERTEX_POINT ( 'NONE', #3631 ) ;
#2714 = ORIENTED_EDGE ( 'NONE', *, *, #2473, .F. ) ;
#2715 = CIRCLE ( 'NONE', #1152, 1.599999999999998979 ) ;
#2716 = CARTESIAN_POINT ( 'NONE',  ( 2.764211373826339191, 35.60096718951820094, 7.581827078842009016 ) ) ;
#2717 = AXIS2_PLACEMENT_3D ( 'NONE', #2031, #898, #822 ) ;
#2718 = CARTESIAN_POINT ( 'NONE',  ( -3.000000000000001776, 34.49999999999999289, 9.165151389911681434 ) ) ;
#2719 = ORIENTED_EDGE ( 'NONE', *, *, #3157, .T. ) ;
#2720 = ADVANCED_FACE ( 'NONE', ( #121 ), #2884, .F. ) ;
#2721 = CARTESIAN_POINT ( 'NONE',  ( -5.536337756470474325, 33.13132773853051560, 2.403002076298888845 ) ) ;
#2722 = CIRCLE ( 'NONE', #3387, 1.650000000000005684 ) ;
#2723 = CARTESIAN_POINT ( 'NONE',  ( 7.439667920020497149, 13.40386415151632526, -0.8441565907659442924 ) ) ;
#2724 = CARTESIAN_POINT ( 'NONE',  ( 1.469576158976823553E-16, 45.99999999999997158, 1.199999999999999956 ) ) ;
#2725 = DIRECTION ( 'NONE',  ( -8.958603987028953152E-33, -0.7071067811865430208, -0.7071067811865521247 ) ) ;
#2726 = AXIS2_PLACEMENT_3D ( 'NONE', #782, #3091, #5036 ) ;
#2727 = CARTESIAN_POINT ( 'NONE',  ( -5.796660630728257324, 32.78423243510243879, 2.242203593871999079 ) ) ;
#2728 = EDGE_CURVE ( 'NONE', #4689, #4111, #4420, .T. ) ;
#2729 = ORIENTED_EDGE ( 'NONE', *, *, #1349, .F. ) ;
#2730 = ORIENTED_EDGE ( 'NONE', *, *, #4992, .T. ) ;
#2731 = CARTESIAN_POINT ( 'NONE',  ( -15.41219158730642214, 5.000000000000000888, 15.00000000000000178 ) ) ;
#2732 = CIRCLE ( 'NONE', #2318, 3.249999999999999556 ) ;
#2733 = CARTESIAN_POINT ( 'NONE',  ( -6.019344160676940447, 32.48731236030755554, -2.200526306629424056 ) ) ;
#2734 = DIRECTION ( 'NONE',  ( 1.000000000000000000, -0.000000000000000000, 1.095509984775996418E-16 ) ) ;
#2735 = VECTOR ( 'NONE', #4105, 1000.000000000000000 ) ;
#2736 = AXIS2_PLACEMENT_3D ( 'NONE', #1844, #1088, #4229 ) ;
#2737 = DIRECTION ( 'NONE',  ( -7.746425390926793901E-17, -0.7071067811865469066, 0.7071067811865482389 ) ) ;
#2738 = ORIENTED_EDGE ( 'NONE', *, *, #3627, .T. ) ;
#2739 = CARTESIAN_POINT ( 'NONE',  ( -3.754310062489016886, 36.66751858079813786, 6.511023988437814047 ) ) ;
#2740 = CARTESIAN_POINT ( 'NONE',  ( -5.394994828793347352, 16.68022847692156319, 2.571477959981916417 ) ) ;
#2741 = CIRCLE ( 'NONE', #3650, 2.500000000000007550 ) ;
#2742 = B_SPLINE_CURVE_WITH_KNOTS ( 'NONE', 3,
 ( #2035, #93, #1649, #3218 ),
 .UNSPECIFIED., .F., .F.,
 ( 4, 4 ),
 ( 0.000000000000000000, 1.000000000000000000 ),
 .UNSPECIFIED. ) ;
#2743 = AXIS2_PLACEMENT_3D ( 'NONE', #4319, #1543, #3987 ) ;
#2744 = ADVANCED_FACE ( 'NONE', ( #2468 ), #1575, .F. ) ;
#2745 = DIRECTION ( 'NONE',  ( 1.156482317317868767E-16, 0.000000000000000000, -1.000000000000000000 ) ) ;
#2746 = ORIENTED_EDGE ( 'NONE', *, *, #4031, .T. ) ;
#2747 = VERTEX_POINT ( 'NONE', #4523 ) ;
#2748 = CARTESIAN_POINT ( 'NONE',  ( 3.890542190594189265, 36.94186714033891406, 6.412343404161708449 ) ) ;
#2749 = DIRECTION ( 'NONE',  ( 1.000000000000000000, 0.000000000000000000, 0.000000000000000000 ) ) ;
#2750 = ORIENTED_EDGE ( 'NONE', *, *, #2619, .F. ) ;
#2751 = FACE_OUTER_BOUND ( 'NONE', #3964, .T. ) ;
#2752 = LINE ( 'NONE', #3958, #29 ) ;
#2753 = DIRECTION ( 'NONE',  ( 8.659560562355033931E-17, -0.7071067811865392461, 0.7071067811865557884 ) ) ;
#2754 = CARTESIAN_POINT ( 'NONE',  ( -3.673047495215801206, 36.51259709322352620, 6.579330166084115028 ) ) ;
#2755 = CARTESIAN_POINT ( 'NONE',  ( 7.368931701076300911, 13.33312793257213436, 0.9891528432763048162 ) ) ;
#2756 = CARTESIAN_POINT ( 'NONE',  ( 2.999999999999997780, 5.000000000000000888, 15.00000000000000355 ) ) ;
#2757 = ORIENTED_EDGE ( 'NONE', *, *, #4849, .F. ) ;
#2758 = ORIENTED_EDGE ( 'NONE', *, *, #660, .F. ) ;
#2759 = DIRECTION ( 'NONE',  ( 8.659560562354929160E-17, 0.7071067811865479058, -0.7071067811865472397 ) ) ;
#2760 = CARTESIAN_POINT ( 'NONE',  ( 7.751211778098493710, 23.96673481633195024, -0.8040207010399516019 ) ) ;
#2761 = EDGE_CURVE ( 'NONE', #1164, #3853, #3599, .T. ) ;
#2762 = DIRECTION ( 'NONE',  ( 0.000000000000000000, -0.7071067811865531239, -0.7071067811865420216 ) ) ;
#2763 = ORIENTED_EDGE ( 'NONE', *, *, #719, .T. ) ;
#2764 = CARTESIAN_POINT ( 'NONE',  ( 7.985105581812616649, 24.05069818669155168, 0.5499999999999997113 ) ) ;
#2765 = ORIENTED_EDGE ( 'NONE', *, *, #2294, .T. ) ;
#2766 = CARTESIAN_POINT ( 'NONE',  ( -3.836517894752400348, 36.82485083498821155, 6.449368884905623212 ) ) ;
#2767 = CARTESIAN_POINT ( 'NONE',  ( -5.683692095698551938, 17.06515632752788747, 2.295424475382321639 ) ) ;
#2768 = CARTESIAN_POINT ( 'NONE',  ( -3.834514180551884088, 36.90389549811483505, 6.448345651070820139 ) ) ;
#2769 = ORIENTED_EDGE ( 'NONE', *, *, #3131, .T. ) ;
#2770 = ORIENTED_EDGE ( 'NONE', *, *, #2221, .F. ) ;
#2771 = DIRECTION ( 'NONE',  ( -0.000000000000000000, -1.000000000000000000, -0.000000000000000000 ) ) ;
#2772 = CARTESIAN_POINT ( 'NONE',  ( -2.299999999999998934, 0.000000000000000000, 18.24999999999999645 ) ) ;
#2773 = VERTEX_POINT ( 'NONE', #676 ) ;
#2774 = CARTESIAN_POINT ( 'NONE',  ( -5.752183156654560925, 32.84353557659296285, 2.261565624037957800 ) ) ;
#2775 = EDGE_CURVE ( 'NONE', #4825, #4968, #3710, .T. ) ;
#2776 = CARTESIAN_POINT ( 'NONE',  ( 2.504773115058544608, 35.00000260898616489, 9.088647527451687580 ) ) ;
#2777 = EDGE_CURVE ( 'NONE', #4563, #2129, #198, .T. ) ;
#2778 = CARTESIAN_POINT ( 'NONE',  ( -2.572218890814531367, 35.22924565060790059, 8.173682687456915730 ) ) ;
#2779 = CARTESIAN_POINT ( 'NONE',  ( 7.985105581812618425, 13.94930181330844476, 0.5499999999999988232 ) ) ;
#2780 = DIRECTION ( 'NONE',  ( 0.7071067811865474617, 0.7071067811865474617, 0.000000000000000000 ) ) ;
#2781 = EDGE_LOOP ( 'NONE', ( #2956, #2143, #4832, #2840 ) ) ;
#2782 = ORIENTED_EDGE ( 'NONE', *, *, #5023, .T. ) ;
#2783 = CARTESIAN_POINT ( 'NONE',  ( -5.366321273169822881, 16.64198528519511910, -2.640702016935214225 ) ) ;
#2784 = CARTESIAN_POINT ( 'NONE',  ( -5.612123432155354585, 33.03028333055034693, -2.340562434394293234 ) ) ;
#2785 = CARTESIAN_POINT ( 'NONE',  ( 3.016094747489971972, 34.89004112638107813, 7.823308635527298271 ) ) ;
#2786 = ORIENTED_EDGE ( 'NONE', *, *, #874, .T. ) ;
#2787 = CARTESIAN_POINT ( 'NONE',  ( -3.000000000000002665, 34.49999999999999289, 18.24999999999999645 ) ) ;
#2788 = ORIENTED_EDGE ( 'NONE', *, *, #1002, .F. ) ;
#2789 = AXIS2_PLACEMENT_3D ( 'NONE', #1443, #4875, #4088 ) ;
#2790 = CARTESIAN_POINT ( 'NONE',  ( 10.28580376850417366, 0.000000000000000000, 0.8000000000000000444 ) ) ;
#2791 = CARTESIAN_POINT ( 'NONE',  ( 0.000000000000000000, 13.46419623149582634, 0.8000000000000000444 ) ) ;
#2792 = CARTESIAN_POINT ( 'NONE',  ( 2.999999999999997335, 0.5000000000000073275, 18.75000000000000355 ) ) ;
#2793 = ORIENTED_EDGE ( 'NONE', *, *, #2923, .T. ) ;
#2794 = ORIENTED_EDGE ( 'NONE', *, *, #4011, .T. ) ;
#2795 = ADVANCED_FACE ( 'NONE', ( #2237 ), #3428, .T. ) ;
#2796 = CARTESIAN_POINT ( 'NONE',  ( -1.378682730924608142E-15, 5.000000000000000888, 11.75000000000000355 ) ) ;
#2797 = AXIS2_PLACEMENT_3D ( 'NONE', #2851, #442, #4414 ) ;
#2798 = FACE_BOUND ( 'NONE', #3941, .T. ) ;
#2799 = AXIS2_PLACEMENT_3D ( 'NONE', #3921, #4735, #1320 ) ;
#2800 = ORIENTED_EDGE ( 'NONE', *, *, #4068, .F. ) ;
#2801 = DIRECTION ( 'NONE',  ( -0.000000000000000000, 1.000000000000000000, -0.000000000000000000 ) ) ;
#2802 = LINE ( 'NONE', #3189, #1416 ) ;
#2803 = CARTESIAN_POINT ( 'NONE',  ( -3.199068165695394317, 35.48727977734522909, 7.205357579338641294 ) ) ;
#2804 = CARTESIAN_POINT ( 'NONE',  ( 5.143516556418883914E-16, 57.49999999999998579, -4.200000000000000178 ) ) ;
#2805 = EDGE_CURVE ( 'NONE', #1581, #4405, #3551, .T. ) ;
#2806 = DIRECTION ( 'NONE',  ( 0.000000000000000000, 1.000000000000000000, -0.000000000000000000 ) ) ;
#2807 = VERTEX_POINT ( 'NONE', #3578 ) ;
#2808 = CONICAL_SURFACE ( 'NONE', #4852, 3.249999999999999556, 0.7853981633974552734 ) ;
#2809 = ORIENTED_EDGE ( 'NONE', *, *, #4921, .T. ) ;
#2810 = FACE_OUTER_BOUND ( 'NONE', #1515, .T. ) ;
#2811 = CARTESIAN_POINT ( 'NONE',  ( -5.554159160302217124, 33.10755690607711443, -2.386755599695765895 ) ) ;
#2812 = AXIS2_PLACEMENT_3D ( 'NONE', #1833, #4243, #2168 ) ;
#2813 = CARTESIAN_POINT ( 'NONE',  ( 3.162036353902116570, 35.38826712209099412, 7.287842446833940890 ) ) ;
#2814 = DIRECTION ( 'NONE',  ( 0.000000000000000000, 0.000000000000000000, 1.000000000000000000 ) ) ;
#2815 = ORIENTED_EDGE ( 'NONE', *, *, #3294, .T. ) ;
#2816 = VECTOR ( 'NONE', #2696, 1000.000000000000000 ) ;
#2817 = CARTESIAN_POINT ( 'NONE',  ( -3.457550698753474538, 36.08022054248714028, 6.802080342554022607 ) ) ;
#2818 = CARTESIAN_POINT ( 'NONE',  ( -5.299999999999998934, 58.00000000000000000, 3.867815921162744086 ) ) ;
#2820 = VECTOR ( 'NONE', #1716, 1000.000000000000000 ) ;
#2819 = CARTESIAN_POINT ( 'NONE',  ( -5.299999999999999822, 33.44884525687078280, -2.883953251356069281 ) ) ;
#2821 = VECTOR ( 'NONE', #1057, 999.9999999999998863 ) ;
#2822 = ORIENTED_EDGE ( 'NONE', *, *, #3088, .F. ) ;
#2823 = EDGE_LOOP ( 'NONE', ( #1442, #3330 ) ) ;
#2824 = CARTESIAN_POINT ( 'NONE',  ( 2.999999999999997780, 1.249999999999992450, 15.00000000000000355 ) ) ;
#2825 = VECTOR ( 'NONE', #2921, 999.9999999999998863 ) ;
#2826 = EDGE_CURVE ( 'NONE', #1487, #4366, #2386, .T. ) ;
#2827 = DIRECTION ( 'NONE',  ( -0.000000000000000000, 1.000000000000000000, -0.000000000000000000 ) ) ;
#2828 = ORIENTED_EDGE ( 'NONE', *, *, #345, .T. ) ;
#2829 = CARTESIAN_POINT ( 'NONE',  ( 2.544906877466388551, 35.10058923604358938, 8.500900370219261148 ) ) ;
#2830 = FACE_OUTER_BOUND ( 'NONE', #349, .T. ) ;
#2831 = VECTOR ( 'NONE', #5013, 1000.000000000000000 ) ;
#2832 = APPLICATION_PROTOCOL_DEFINITION ( 'draft international standard', 'automotive_design', 1998, #134 ) ;
#2833 = CARTESIAN_POINT ( 'NONE',  ( -6.049999999999998934, 32.44644660940678449, 2.200000000000000178 ) ) ;
#2834 = CARTESIAN_POINT ( 'NONE',  ( -3.000000000000002665, 0.5000000000000073275, 18.24999999999999645 ) ) ;
#2835 = ORIENTED_EDGE ( 'NONE', *, *, #3582, .F. ) ;
#2836 = DIRECTION ( 'NONE',  ( 1.000000000000000000, -0.000000000000000000, 1.095509984775996664E-16 ) ) ;
#2837 = ADVANCED_FACE ( 'NONE', ( #2439 ), #2306, .F. ) ;
#2838 = CARTESIAN_POINT ( 'NONE',  ( -5.319185960139150460, 33.42087490283360296, -2.754496679745350729 ) ) ;
#2839 = CARTESIAN_POINT ( 'NONE',  ( 3.198258675576008958, 35.48278499446113443, 7.209511440028883555 ) ) ;
#2840 = ORIENTED_EDGE ( 'NONE', *, *, #4967, .T. ) ;
#2841 = CARTESIAN_POINT ( 'NONE',  ( 2.499999999999990230, 1.750000000000000666, 15.00000000000000355 ) ) ;
#2842 = ORIENTED_EDGE ( 'NONE', *, *, #2024, .F. ) ;
#2843 = EDGE_CURVE ( 'NONE', #1301, #4013, #348, .T. ) ;
#2844 = CARTESIAN_POINT ( 'NONE',  ( 7.743049115789365722, 23.98000063183506114, 0.8053528749597719250 ) ) ;
#2845 = CARTESIAN_POINT ( 'NONE',  ( -5.299999999976459542, 16.55356143978888284, 2.852081094720595456 ) ) ;
#2846 = CARTESIAN_POINT ( 'NONE',  ( 2.999999999999998668, 34.59559095664518935, 8.429935049730362451 ) ) ;
#2847 = ORIENTED_EDGE ( 'NONE', *, *, #3014, .F. ) ;
#2848 = VERTEX_POINT ( 'NONE', #1980 ) ;
#2849 = LINE ( 'NONE', #3207, #3874 ) ;
#2850 = CARTESIAN_POINT ( 'NONE',  ( 7.825167379124001954, 13.78936361061983540, -0.5686945698679135575 ) ) ;
#2851 = CARTESIAN_POINT ( 'NONE',  ( -1.734723475976807094E-15, 5.000000000000000888, 15.00000000000000355 ) ) ;
#2852 = ORIENTED_EDGE ( 'NONE', *, *, #752, .F. ) ;
#2853 = FACE_OUTER_BOUND ( 'NONE', #47, .T. ) ;
#2854 = DIRECTION ( 'NONE',  ( 0.000000000000000000, 1.000000000000000000, 0.000000000000000000 ) ) ;
#2855 = ADVANCED_FACE ( 'NONE', ( #4821 ), #873, .F. ) ;
#2856 = CARTESIAN_POINT ( 'NONE',  ( -2.639572350244430154, 35.39080371887933296, 7.881105191682214794 ) ) ;
#2857 = DIRECTION ( 'NONE',  ( -7.746425390926793901E-17, -0.7071067811865469066, 0.7071067811865482389 ) ) ;
#2858 = DIRECTION ( 'NONE',  ( 0.000000000000000000, 0.000000000000000000, 1.000000000000000000 ) ) ;
#2859 = ORIENTED_EDGE ( 'NONE', *, *, #4439, .T. ) ;
#2860 = EDGE_CURVE ( 'NONE', #4120, #4715, #2802, .T. ) ;
#2861 = CARTESIAN_POINT ( 'NONE',  ( -5.000000000000001776, 0.5000000000000073275, 8.076141003662902662 ) ) ;
#2862 = CARTESIAN_POINT ( 'NONE',  ( 0.000000000000000000, 58.00000000000000000, 0.000000000000000000 ) ) ;
#2863 = CARTESIAN_POINT ( 'NONE',  ( 3.812561896577864040, 36.76345929963376591, 6.468215104400572457 ) ) ;
#2864 = VERTEX_POINT ( 'NONE', #4342 ) ;
#2865 = DIRECTION ( 'NONE',  ( 0.000000000000000000, 1.000000000000000000, 0.000000000000000000 ) ) ;
#2866 = LINE ( 'NONE', #4505, #1244 ) ;
#2867 = CARTESIAN_POINT ( 'NONE',  ( 0.000000000000000000, 58.00000000000000000, -7.499999999999998224 ) ) ;
#2868 = CARTESIAN_POINT ( 'NONE',  ( 2.499999999999990230, 5.000000000000000888, 15.00000000000000355 ) ) ;
#2869 = EDGE_LOOP ( 'NONE', ( #3002, #2590, #1596, #2528 ) ) ;
#2870 = ORIENTED_EDGE ( 'NONE', *, *, #3343, .F. ) ;
#2871 = DIRECTION ( 'NONE',  ( -0.000000000000000000, -1.000000000000000000, 0.000000000000000000 ) ) ;
#2872 = CARTESIAN_POINT ( 'NONE',  ( 7.575327490256128726, 13.74745123968283878, -0.8739226992455187970 ) ) ;
#2873 = CARTESIAN_POINT ( 'NONE',  ( -15.41219158730642036, 1.750000000000001110, 18.25000000000001066 ) ) ;
#2874 = ORIENTED_EDGE ( 'NONE', *, *, #1884, .F. ) ;
#2875 = CARTESIAN_POINT ( 'NONE',  ( 2.527032441792838924, 35.03827398135172899, 8.752659834086911061 ) ) ;
#2876 = CIRCLE ( 'NONE', #2706, 4.700000000000017053 ) ;
#2877 = CARTESIAN_POINT ( 'NONE',  ( 3.106225023007959329, 36.06266491985923039, 7.081488608244587368 ) ) ;
#2878 = ADVANCED_BREP_SHAPE_REPRESENTATION ( 'Buffer Neck Rebuild rev2', ( #3458, #1101 ), #2170 ) ;
#2879 = AXIS2_PLACEMENT_3D ( 'NONE', #3804, #4256, #2301 ) ;
#2880 = CARTESIAN_POINT ( 'NONE',  ( 7.429144959918185798, 13.50990462788368518, 1.070247903521225341 ) ) ;
#2881 = EDGE_CURVE ( 'NONE', #3274, #1190, #2752, .T. ) ;
#2882 = CARTESIAN_POINT ( 'NONE',  ( 10.28580376850417366, 21.50000000000000000, 0.8000000000000000444 ) ) ;
#2883 = ORIENTED_EDGE ( 'NONE', *, *, #2211, .T. ) ;
#2884 = CONICAL_SURFACE ( 'NONE', #512, 1.699999999999979083, 0.7853981633974479459 ) ;
#2885 = CARTESIAN_POINT ( 'NONE',  ( -5.914375680593031426, 17.37272093766165781, -2.212283986637855637 ) ) ;
#2886 = DIRECTION ( 'NONE',  ( 0.5000000000000017764, -0.5000000000000017764, 0.7071067811865451302 ) ) ;
#2887 = CARTESIAN_POINT ( 'NONE',  ( 3.444275741259219981, 36.04814530549737128, 6.820834141022868558 ) ) ;
#2888 = EDGE_CURVE ( 'NONE', #133, #3409, #2889, .T. ) ;
#2889 = CIRCLE ( 'NONE', #2717, 2.750000000000009326 ) ;
#2890 = CARTESIAN_POINT ( 'NONE',  ( 2.755455298081544285E-16, 48.50000000000000000, -2.250000000000000000 ) ) ;
#2891 = ORIENTED_EDGE ( 'NONE', *, *, #315, .F. ) ;
#2892 = LINE ( 'NONE', #534, #850 ) ;
#2893 = FACE_BOUND ( 'NONE', #4398, .T. ) ;
#2894 = VECTOR ( 'NONE', #1953, 1000.000000000000000 ) ;
#2895 = CARTESIAN_POINT ( 'NONE',  ( 0.000000000000000000, 45.99999999999997158, -1.199999999999999956 ) ) ;
#2896 = CARTESIAN_POINT ( 'NONE',  ( 7.985105581812616649, 24.05069818669155168, -0.5499999999999998224 ) ) ;
#2897 = VECTOR ( 'NONE', #3668, 1000.000000000000000 ) ;
#2898 = ORIENTED_EDGE ( 'NONE', *, *, #169, .F. ) ;
#2899 = VERTEX_POINT ( 'NONE', #4771 ) ;
#2900 = FACE_OUTER_BOUND ( 'NONE', #3205, .T. ) ;
#2901 = CARTESIAN_POINT ( 'NONE',  ( -0.5000000000000029976, 33.25000000000000000, 18.75000000000000355 ) ) ;
#2902 = EDGE_CURVE ( 'NONE', #1951, #4399, #1331, .T. ) ;
#2903 = CONICAL_SURFACE ( 'NONE', #1588, 2.250000000000000000, 0.7853981633974573828 ) ;
#2904 = DIRECTION ( 'NONE',  ( 0.6785983445458447783, 0.2810846377148201736, -0.6785983445458494412 ) ) ;
#2905 = ORIENTED_EDGE ( 'NONE', *, *, #3473, .T. ) ;
#2906 = CIRCLE ( 'NONE', #3495, 1.399999999999998579 ) ;
#2908 = CYLINDRICAL_SURFACE ( 'NONE', #1347, 3.249999999999999556 ) ;
#2907 = AXIS2_PLACEMENT_3D ( 'NONE', #1434, #1043, #730 ) ;
#2909 = CARTESIAN_POINT ( 'NONE',  ( 3.424781726852037522, 36.43864343093345326, 6.762243222897517114 ) ) ;
#2910 = FACE_OUTER_BOUND ( 'NONE', #214, .T. ) ;
#2911 = AXIS2_PLACEMENT_3D ( 'NONE', #1260, #1755, #2162 ) ;
#2912 = CARTESIAN_POINT ( 'NONE',  ( -5.300000000000001599, 16.55355339059321196, -2.950000000000000622 ) ) ;
#2913 = LINE ( 'NONE', #172, #3291 ) ;
#2914 = ORIENTED_EDGE ( 'NONE', *, *, #3045, .F. ) ;
#2915 = DIRECTION ( 'NONE',  ( 0.000000000000000000, 0.000000000000000000, -1.000000000000000000 ) ) ;
#2916 = PRODUCT_DEFINITION ( 'UNKNOWN', '', #5026, #1159 ) ;
#2917 = CARTESIAN_POINT ( 'NONE',  ( 7.606478312876624237, 24.42932545562754498, 0.6701243862825474462 ) ) ;
#2918 = CARTESIAN_POINT ( 'NONE',  ( -5.358282214225593698, 16.63126300956066927, 2.655580072993556140 ) ) ;
#2919 = DIRECTION ( 'NONE',  ( 0.7071067811865433539, 0.7071067811865516806, 0.000000000000000000 ) ) ;
#2920 = ORIENTED_EDGE ( 'NONE', *, *, #4452, .T. ) ;
#2921 = DIRECTION ( 'NONE',  ( 0.7071067811865420216, 0.7071067811865531239, 0.000000000000000000 ) ) ;
#2922 = CARTESIAN_POINT ( 'NONE',  ( 7.780659977232989633, 23.91888088473391605, 0.8009452623485409095 ) ) ;
#2923 = EDGE_CURVE ( 'NONE', #3170, #2773, #2475, .T. ) ;
#2924 = DIRECTION ( 'NONE',  ( 0.000000000000000000, -1.000000000000000000, 0.000000000000000000 ) ) ;
#2925 = DIRECTION ( 'NONE',  ( 1.095509984775996541E-16, 0.000000000000000000, -1.000000000000000000 ) ) ;
#2926 = CARTESIAN_POINT ( 'NONE',  ( -2.499999999999995115, 34.49999999999999289, 18.75000000000000355 ) ) ;
#2927 = EDGE_LOOP ( 'NONE', ( #4838, #929, #4791 ) ) ;
#2928 = CARTESIAN_POINT ( 'NONE',  ( -5.299999999999998046, 16.44999999999993534, -2.574388938522980563 ) ) ;
#2929 = DIRECTION ( 'NONE',  ( 1.095509984775996541E-16, -1.156482317317871971E-16, -1.000000000000000000 ) ) ;
#2930 = CARTESIAN_POINT ( 'NONE',  ( 7.443927980257977417, 24.53580376850417366, 0.9153885648905372152 ) ) ;
#2931 = VERTEX_POINT ( 'NONE', #2006 ) ;
#2932 = DIRECTION ( 'NONE',  ( -0.000000000000000000, -1.000000000000000000, -0.000000000000000000 ) ) ;
#2933 = CARTESIAN_POINT ( 'NONE',  ( 3.122363635134968618, 35.27685096626539973, 7.388558525640934960 ) ) ;
#2934 = DIRECTION ( 'NONE',  ( 1.000000000000000000, 0.000000000000000000, 0.000000000000000000 ) ) ;
#2935 = CARTESIAN_POINT ( 'NONE',  ( -5.243657105274711405, 33.60634289472535130, -2.754555133482511575 ) ) ;
#2936 = CARTESIAN_POINT ( 'NONE',  ( 10.28580376850417366, 0.000000000000000000, -0.8000000000000000444 ) ) ;
#2937 = ADVANCED_FACE ( 'NONE', ( #2085 ), #920, .F. ) ;
#2938 = EDGE_CURVE ( 'NONE', #4120, #2963, #3655, .T. ) ;
#2939 = EDGE_LOOP ( 'NONE', ( #734, #1293, #701 ) ) ;
#2940 = CARTESIAN_POINT ( 'NONE',  ( -5.623741733191008230, 16.98520947076071863, -2.332799335961117659 ) ) ;
#2941 = LINE ( 'NONE', #2501, #2083 ) ;
#2942 = CARTESIAN_POINT ( 'NONE',  ( 2.081899558550474888E-16, 48.50000000000000000, -1.699999999999979083 ) ) ;
#2943 = CARTESIAN_POINT ( 'NONE',  ( -2.749776670071854223, 35.57934134019526340, 7.610556625630292338 ) ) ;
#2944 = ORIENTED_EDGE ( 'NONE', *, *, #4086, .F. ) ;
#2945 = DIRECTION ( 'NONE',  ( 0.000000000000000000, 0.000000000000000000, 1.000000000000000000 ) ) ;
#2946 = DIRECTION ( 'NONE',  ( -1.000000000000000000, 0.000000000000000000, -1.095509984775996541E-16 ) ) ;
#2947 = DIRECTION ( 'NONE',  ( 0.000000000000000000, 1.000000000000000000, 0.000000000000000000 ) ) ;
#2948 = CARTESIAN_POINT ( 'NONE',  ( -1.734723475976807094E-15, 1.749999999999998890, -2.153517517547999759E-16 ) ) ;
#2949 = ADVANCED_FACE ( 'NONE', ( #848 ), #798, .T. ) ;
#2950 = LINE ( 'NONE', #4484, #3884 ) ;
#2951 = ORIENTED_EDGE ( 'NONE', *, *, #3175, .T. ) ;
#2952 = CARTESIAN_POINT ( 'NONE',  ( -0.2500000000000036637, 5.000000000000000888, 13.65000000000000036 ) ) ;
#2953 = CARTESIAN_POINT ( 'NONE',  ( -5.946918382631701583, 17.41611123410216067, -2.205331772726693007 ) ) ;
#2954 = CARTESIAN_POINT ( 'NONE',  ( 0.000000000000000000, 45.50000000000000000, 0.000000000000000000 ) ) ;
#2955 = ADVANCED_FACE ( 'NONE', ( #2830 ), #4394, .F. ) ;
#2956 = ORIENTED_EDGE ( 'NONE', *, *, #3029, .T. ) ;
#2957 = LINE ( 'NONE', #2595, #3614 ) ;
#2958 = CARTESIAN_POINT ( 'NONE',  ( 3.114718235077935216, 35.25443837100554134, 7.409742995308695512 ) ) ;
#2959 = VECTOR ( 'NONE', #1188, 1000.000000000000114 ) ;
#2960 = FACE_OUTER_BOUND ( 'NONE', #1721, .T. ) ;
#2961 = AXIS2_PLACEMENT_3D ( 'NONE', #1181, #1908, #344 ) ;
#2962 = CARTESIAN_POINT ( 'NONE',  ( 2.548168859442443868, 35.11450729646751512, 8.456434466114313153 ) ) ;
#2963 = VERTEX_POINT ( 'NONE', #2057 ) ;
#2964 = DIRECTION ( 'NONE',  ( 0.000000000000000000, -1.000000000000000000, 0.000000000000000000 ) ) ;
#2965 = VECTOR ( 'NONE', #4797, 1000.000000000000114 ) ;
#2966 = CARTESIAN_POINT ( 'NONE',  ( 7.808328886515983669, 14.12607850860509018, 0.8000000000000000444 ) ) ;
#2967 = EDGE_CURVE ( 'NONE', #986, #4807, #4444, .T. ) ;
#2968 = CARTESIAN_POINT ( 'NONE',  ( -5.954799646340016572, 17.10479964633995920, 1.985245467005647857 ) ) ;
#2969 = CARTESIAN_POINT ( 'NONE',  ( -2.586661834650984648, 35.27679858058697704, 8.075638061860912487 ) ) ;
#2970 = ORIENTED_EDGE ( 'NONE', *, *, #2460, .T. ) ;
#2971 = VECTOR ( 'NONE', #2503, 1000.000000000000000 ) ;
#2972 = LINE ( 'NONE', #4530, #1924 ) ;
#2973 = CARTESIAN_POINT ( 'NONE',  ( 7.679529295010850021, 24.08321731181886349, 0.8212627087225030653 ) ) ;
#2974 = LINE ( 'NONE', #637, #3482 ) ;
#2975 = CARTESIAN_POINT ( 'NONE',  ( 10.53580376850417188, 16.50000000000000000, -0.5499999999999998224 ) ) ;
#2976 = VERTEX_POINT ( 'NONE', #649 ) ;
#2977 = ORIENTED_EDGE ( 'NONE', *, *, #4395, .F. ) ;
#2978 = AXIS2_PLACEMENT_3D ( 'NONE', #1285, #1259, #1229 ) ;
#2979 = DIRECTION ( 'NONE',  ( 0.000000000000000000, 0.000000000000000000, -1.000000000000000000 ) ) ;
#2980 = CARTESIAN_POINT ( 'NONE',  ( -5.358282214225599027, 16.63126300956067993, -2.655580072993554364 ) ) ;
#2981 = VECTOR ( 'NONE', #829, 1000.000000000000000 ) ;
#2982 = DIRECTION ( 'NONE',  ( -0.000000000000000000, -1.000000000000000000, -0.000000000000000000 ) ) ;
#2983 = ORIENTED_EDGE ( 'NONE', *, *, #4666, .F. ) ;
#2984 = DIRECTION ( 'NONE',  ( 0.000000000000000000, -1.000000000000000000, 0.000000000000000000 ) ) ;
#2985 = CARTESIAN_POINT ( 'NONE',  ( 3.092940174171202816, 35.18813917517291401, 7.474706055770809598 ) ) ;
#2986 = VECTOR ( 'NONE', #2668, 1000.000000000000000 ) ;
#2987 = ADVANCED_FACE ( 'NONE', ( #4492 ), #4287, .T. ) ;
#2988 = DIRECTION ( 'NONE',  ( 0.000000000000000000, 0.000000000000000000, -1.000000000000000000 ) ) ;
#2989 = AXIS2_PLACEMENT_3D ( 'NONE', #4122, #4072, #3663 ) ;
#2990 = CARTESIAN_POINT ( 'NONE',  ( 2.561746776189619101, 35.18282364263961171, 8.277257150355994852 ) ) ;
#2991 = DIRECTION ( 'NONE',  ( 0.000000000000000000, 0.000000000000000000, -1.000000000000000000 ) ) ;
#2992 = VECTOR ( 'NONE', #3720, 999.9999999999998863 ) ;
#2993 = FACE_OUTER_BOUND ( 'NONE', #4792, .T. ) ;
#2994 = CARTESIAN_POINT ( 'NONE',  ( -5.404378668631891536, 16.55437866863183061, 2.376951738636982725 ) ) ;
#2995 = CARTESIAN_POINT ( 'NONE',  ( -3.530746531584744830, 36.56190664696081427, 6.671903547779304944 ) ) ;
#2996 = VERTEX_POINT ( 'NONE', #5022 ) ;
#2997 = CARTESIAN_POINT ( 'NONE',  ( -5.592306728190338028, 33.05669665827279147, 2.355715985636135823 ) ) ;
#2998 = CARTESIAN_POINT ( 'NONE',  ( 7.616066728251191797, 24.18634613020627455, 0.8490208377573480458 ) ) ;
#2999 = CARTESIAN_POINT ( 'NONE',  ( 7.565547186265255242, 24.26843729952062034, -0.8818856491076868531 ) ) ;
#3000 = VECTOR ( 'NONE', #4988, 1000.000000000000114 ) ;
#3001 = DIRECTION ( 'NONE',  ( 0.000000000000000000, 0.000000000000000000, -1.000000000000000000 ) ) ;
#3002 = ORIENTED_EDGE ( 'NONE', *, *, #327, .T. ) ;
#3003 = ADVANCED_FACE ( 'NONE', ( #3081 ), #352, .F. ) ;
#3004 = EDGE_LOOP ( 'NONE', ( #387, #1069, #1500, #3583 ) ) ;
#3005 = EDGE_CURVE ( 'NONE', #1466, #3286, #3851, .T. ) ;
#3006 = CARTESIAN_POINT ( 'NONE',  ( 7.416012954765317744, 24.51143488048976593, -1.118120415087962893 ) ) ;
#3007 = PLANE ( 'NONE',  #1252 ) ;
#3008 = CARTESIAN_POINT ( 'NONE',  ( -3.891395371815284054, 36.96795784028111598, 6.411163437105250829 ) ) ;
#3009 = ORIENTED_EDGE ( 'NONE', *, *, #2902, .T. ) ;
#3010 = CARTESIAN_POINT ( 'NONE',  ( -6.050000000000001599, 16.44999999999993534, -2.200000000000000178 ) ) ;
#3011 = CARTESIAN_POINT ( 'NONE',  ( 3.931502323426463441, 36.97276876400714940, 6.387066624568673134 ) ) ;
#3012 = CARTESIAN_POINT ( 'NONE',  ( -5.300000000000001599, 16.54433579763594864, -2.820257971988638701 ) ) ;
#3013 = CARTESIAN_POINT ( 'NONE',  ( 7.731380619003013877, 14.00103856241728195, 0.8074580537184643525 ) ) ;
#3014 = EDGE_CURVE ( 'NONE', #2583, #4336, #3420, .T. ) ;
#3015 = CARTESIAN_POINT ( 'NONE',  ( 0.000000000000000000, 37.00000000000000711, 0.000000000000000000 ) ) ;
#3016 = CARTESIAN_POINT ( 'NONE',  ( 0.000000000000000000, 49.50000000000000000, 3.699999999999994849 ) ) ;
#3017 = CARTESIAN_POINT ( 'NONE',  ( -5.304486314241671607, 16.45448631424160624, 2.557440097389418909 ) ) ;
#3018 = DIRECTION ( 'NONE',  ( -0.000000000000000000, -0.000000000000000000, -1.000000000000000000 ) ) ;
#3019 = EDGE_CURVE ( 'NONE', #3257, #3340, #3171, .T. ) ;
#3020 = ORIENTED_EDGE ( 'NONE', *, *, #3376, .T. ) ;
#3021 = CARTESIAN_POINT ( 'NONE',  ( -5.485168390704863839, 33.19954789276282270, 2.455967970731386618 ) ) ;
#3022 = CARTESIAN_POINT ( 'NONE',  ( 7.594877537091629272, 13.77921918791382794, -0.8614890972826344528 ) ) ;
#3023 = CARTESIAN_POINT ( 'NONE',  ( 7.630176096262315077, 24.16341070161875493, -0.8415195365738938893 ) ) ;
#3024 = CARTESIAN_POINT ( 'NONE',  ( -6.226776695296634578, 17.37677669529658431, 1.949999999999999289 ) ) ;
#3025 = LINE ( 'NONE', #2686, #4054 ) ;
#3026 = VERTEX_POINT ( 'NONE', #3471 ) ;
#3027 = CARTESIAN_POINT ( 'NONE',  ( 7.383231806720865542, 24.65257196178330901, -0.9512536760973140382 ) ) ;
#3028 = DIRECTION ( 'NONE',  ( 0.000000000000000000, 0.000000000000000000, -1.000000000000000000 ) ) ;
#3029 = EDGE_CURVE ( 'NONE', #1862, #1736, #4997, .T. ) ;
#3030 = LINE ( 'NONE', #3497, #4599 ) ;
#3031 = VERTEX_POINT ( 'NONE', #3877 ) ;
#3032 = CARTESIAN_POINT ( 'NONE',  ( 2.964084041259385405, 35.88138572485090094, 7.260181531134962007 ) ) ;
#3033 = CARTESIAN_POINT ( 'NONE',  ( -5.846017213304232740, 32.71842365833447275, -2.226434100249699011 ) ) ;
#3034 = ORIENTED_EDGE ( 'NONE', *, *, #908, .T. ) ;
#3035 = CIRCLE ( 'NONE', #818, 3.750000000000000000 ) ;
#3036 = CARTESIAN_POINT ( 'NONE',  ( -3.000000000000001776, 34.49999999999999289, 9.165151389911681434 ) ) ;
#3037 = FACE_OUTER_BOUND ( 'NONE', #639, .T. ) ;
#3038 = VECTOR ( 'NONE', #952, 1000.000000000000000 ) ;
#3039 = DIRECTION ( 'NONE',  ( 1.000000000000000000, 0.000000000000000000, -0.000000000000000000 ) ) ;
#3040 = CARTESIAN_POINT ( 'NONE',  ( -2.906677659076346565, 35.80610873856601728, 7.340777824872139590 ) ) ;
#3041 = B_SPLINE_CURVE_WITH_KNOTS ( 'NONE', 3,
 ( #1532, #736, #3801, #3826, #308, #1893, #1870, #3439, #3050, #4614, #2667, #713, #4254, #2276, #3465, #5016, #1510, #2298, #3870, #358, #1922, #3493, #4660, #1555, #1243, #2019, #1612, #80, #864, #2373, #1969, #2817, #4330, #482, #3515, #1634, #55, #4787, #1, #3539, #3230, #1166, #2739, #3945, #3122, #461, #2766, #3976, #3179, #1217 ),
 .UNSPECIFIED., .F., .F.,
 ( 4, 1, 2, 2, 1, 1, 2, 2, 1, 1, 2, 2, 1, 1, 2, 2, 1, 1, 2, 2, 1, 2, 2, 1, 1, 2, 2, 2, 2, 2, 4 ),
 ( 0.000000000000000000, 0.06250000000000696665, 0.09375000000001046385, 0.1250000000000139611, 0.1875000000000209555, 0.2187500000000245082, 0.2343750000000258960, 0.2500000000000273115, 0.3125000000000227596, 0.3437500000000179301, 0.3593750000000152656, 0.3750000000000125455, 0.4375000000000184297, 0.4687500000000187073, 0.4843750000000186517, 0.5000000000000185407, 0.5625000000000184297, 0.5937500000000153211, 0.6093750000000166533, 0.6250000000000178746, 0.6875000000000233147, 0.7187500000000288658, 0.7500000000000343059, 0.8125000000000390799, 0.8437500000000384137, 0.8593750000000381917, 0.8750000000000378586, 0.9375000000000217604, 0.9687500000000108802, 0.9843750000000054401, 1.000000000000000000 ),
 .UNSPECIFIED. ) ;
#3042 = VERTEX_POINT ( 'NONE', #1123 ) ;
#3043 = AXIS2_PLACEMENT_3D ( 'NONE', #4920, #593, #4543 ) ;
#3044 = CARTESIAN_POINT ( 'NONE',  ( 7.499999999999996447, 24.53580376850417366, 0.8000000000000000444 ) ) ;
#3045 = EDGE_CURVE ( 'NONE', #4678, #3067, #1696, .T. ) ;
#3046 = CYLINDRICAL_SURFACE ( 'NONE', #2622, 1.350000000000000533 ) ;
#3047 = AXIS2_PLACEMENT_3D ( 'NONE', #1454, #3018, #778 ) ;
#3048 = DIRECTION ( 'NONE',  ( 0.7071067811865441310, 8.659560562354974766E-17, 0.7071067811865507924 ) ) ;
#3049 = ORIENTED_EDGE ( 'NONE', *, *, #1058, .T. ) ;
#3050 = CARTESIAN_POINT ( 'NONE',  ( -3.057985237803093614, 35.07244861750161391, 7.597086628063774327 ) ) ;
#3051 = CARTESIAN_POINT ( 'NONE',  ( 0.000000000000000000, 58.00000000000000000, 0.000000000000000000 ) ) ;
#3052 = FACE_OUTER_BOUND ( 'NONE', #994, .T. ) ;
#3053 = ORIENTED_EDGE ( 'NONE', *, *, #4000, .T. ) ;
#3054 = VERTEX_POINT ( 'NONE', #2796 ) ;
#3055 = CARTESIAN_POINT ( 'NONE',  ( 11.78436362889021005, 22.01717042760657606, -0.6985598603860457834 ) ) ;
#3056 = EDGE_CURVE ( 'NONE', #2129, #1848, #4608, .T. ) ;
#3057 = MECHANICAL_DESIGN_GEOMETRIC_PRESENTATION_REPRESENTATION (  '', ( #1662 ), #35 ) ;
#3058 = CARTESIAN_POINT ( 'NONE',  ( -6.028220307261242361, 32.82177969273882212, -1.949984520457124226 ) ) ;
#3059 = ORIENTED_EDGE ( 'NONE', *, *, #3056, .T. ) ;
#3060 = CIRCLE ( 'NONE', #4371, 4.200000000000000178 ) ;
#3061 = EDGE_CURVE ( 'NONE', #2996, #356, #1251, .T. ) ;
#3062 = CARTESIAN_POINT ( 'NONE',  ( 0.000000000000000000, 0.5000000000000004441, 0.000000000000000000 ) ) ;
#3063 = DIRECTION ( 'NONE',  ( 0.000000000000000000, 0.000000000000000000, -1.000000000000000000 ) ) ;
#3064 = AXIS2_PLACEMENT_3D ( 'NONE', #2327, #1048, #3802 ) ;
#3065 = FACE_OUTER_BOUND ( 'NONE', #2469, .T. ) ;
#3066 = CARTESIAN_POINT ( 'NONE',  ( -6.158053889203404907, 32.69194611079663559, 1.949994642339970552 ) ) ;
#3067 = VERTEX_POINT ( 'NONE', #3130 ) ;
#3068 = AXIS2_PLACEMENT_3D ( 'NONE', #89, #4770, #1642 ) ;
#3069 = VECTOR ( 'NONE', #1134, 1000.000000000000000 ) ;
#3070 = PLANE ( 'NONE',  #1248 ) ;
#3071 = CARTESIAN_POINT ( 'NONE',  ( -3.834514180551884088, 36.90389549811483505, 6.448345651070820139 ) ) ;
#3072 = DIRECTION ( 'NONE',  ( -0.000000000000000000, -0.000000000000000000, -1.000000000000000000 ) ) ;
#3073 = CARTESIAN_POINT ( 'NONE',  ( -2.499999999999995115, 35.00000000000000000, 18.24999999999999645 ) ) ;
#3074 = ORIENTED_EDGE ( 'NONE', *, *, #4826, .T. ) ;
#3075 = EDGE_CURVE ( 'NONE', #2773, #3170, #3221, .T. ) ;
#3076 = DIRECTION ( 'NONE',  ( -1.000000000000000000, 0.000000000000000000, 0.000000000000000000 ) ) ;
#3077 = DIRECTION ( 'NONE',  ( 0.7071067811865434649, 0.7071067811865516806, 0.000000000000000000 ) ) ;
#3078 = CYLINDRICAL_SURFACE ( 'NONE', #342, 0.3999999999999999667 ) ;
#3079 = VERTEX_POINT ( 'NONE', #4717 ) ;
#3080 = ORIENTED_EDGE ( 'NONE', *, *, #3534, .T. ) ;
#3081 = FACE_OUTER_BOUND ( 'NONE', #2644, .T. ) ;
#3082 = CARTESIAN_POINT ( 'NONE',  ( -5.464271298825591927, 33.22741821097266524, -2.478747968516223033 ) ) ;
#3083 = VERTEX_POINT ( 'NONE', #2050 ) ;
#3084 = CARTESIAN_POINT ( 'NONE',  ( -4.800000000000033573, 58.00000000000000000, 3.867815921162744086 ) ) ;
#3085 = CARTESIAN_POINT ( 'NONE',  ( -3.767796470734348535, 36.69313739282381448, 6.500712349323177541 ) ) ;
#3086 = EDGE_CURVE ( 'NONE', #3415, #4034, #2849, .T. ) ;
#3087 = CARTESIAN_POINT ( 'NONE',  ( 7.617426661484923756, 13.81586239292963825, 0.8476189602084693853 ) ) ;
#3088 = EDGE_CURVE ( 'NONE', #4075, #375, #842, .T. ) ;
#3089 = CARTESIAN_POINT ( 'NONE',  ( -5.224462091197398905, 33.62553790880264870, 2.959948559467882934 ) ) ;
#3090 = ORIENTED_EDGE ( 'NONE', *, *, #1724, .F. ) ;
#3091 = DIRECTION ( 'NONE',  ( 0.000000000000000000, -1.000000000000000000, 0.000000000000000000 ) ) ;
#3092 = LINE ( 'NONE', #3044, #3069 ) ;
#3093 = B_SPLINE_CURVE_WITH_KNOTS ( 'NONE', 3,
 ( #804, #1606, #3560, #4750, #1209, #2783, #4348, #2013, #3584, #1237, #3248, #4450, #3713, #1731, #4803, #4779, #881, #1761, #2940, #3662, #4827, #605, #3296, #4042, #3270, #2115, #3325, #1371, #3608, #2524, #2446, #957, #1316, #202, #2885, #980, #930, #1652, #4094, #4498, #2500, #151, #3686, #1290 ),
 .UNSPECIFIED., .F., .F.,
 ( 4, 2, 2, 2, 2, 2, 2, 2, 2, 2, 2, 2, 2, 2, 2, 1, 2, 2, 1, 1, 1, 2, 2, 4 ),
 ( 0.000000000000000000, 0.1249999999999973355, 0.2499999999999946709, 0.3124999999999936717, 0.3749999999999926725, 0.4374999999999916733, 0.4999999999999906741, 0.5624999999999896749, 0.5937499999999894529, 0.6249999999999892308, 0.6874999999999898970, 0.7187499999999885647, 0.7499999999999872324, 0.7812499999999859002, 0.8124999999999845679, 0.8437499999999832356, 0.8593749999999809042, 0.8749999999999785727, 0.9062499999999690248, 0.9218749999999668043, 0.9296874999999673594, 0.9335937499999695799, 0.9374999999999718003, 1.000000000000000000 ),
 .UNSPECIFIED. ) ;
#3094 = LINE ( 'NONE', #3174, #2959 ) ;
#3095 = CARTESIAN_POINT ( 'NONE',  ( 2.666666666666660301, 34.83333333333333570, 9.165151389911681434 ) ) ;
#3096 = EDGE_LOOP ( 'NONE', ( #4763, #4996, #4497, #3752 ) ) ;
#3097 = CARTESIAN_POINT ( 'NONE',  ( 7.606478312876621573, 24.42932545562755564, -0.6701243862825495556 ) ) ;
#3098 = DIRECTION ( 'NONE',  ( 0.000000000000000000, 0.000000000000000000, -1.000000000000000000 ) ) ;
#3099 = EDGE_CURVE ( 'NONE', #3520, #3340, #1579, .T. ) ;
#3100 = CARTESIAN_POINT ( 'NONE',  ( -3.919999999999999929, 37.00000000000000000, 6.392810970662838876 ) ) ;
#3101 = ORIENTED_EDGE ( 'NONE', *, *, #3488, .T. ) ;
#3102 = ORIENTED_EDGE ( 'NONE', *, *, #1168, .F. ) ;
#3103 = CARTESIAN_POINT ( 'NONE',  ( 2.561746776189619101, 35.18282364263961171, 8.277257150355994852 ) ) ;
#3104 = EDGE_CURVE ( 'NONE', #1164, #3121, #85, .T. ) ;
#3105 = CARTESIAN_POINT ( 'NONE',  ( -5.796660630728257324, 32.78423243510244589, -2.242203593871999523 ) ) ;
#3106 = VERTEX_POINT ( 'NONE', #2000 ) ;
#3107 = CARTESIAN_POINT ( 'NONE',  ( -5.299999999999998934, 33.45566420236412597, 2.820257971988522350 ) ) ;
#3108 = CARTESIAN_POINT ( 'NONE',  ( -10.84999999999999787, 27.64644660940672694, -2.200000000000000178 ) ) ;
#3109 = CARTESIAN_POINT ( 'NONE',  ( -8.499999999999998224, 25.00000000000000000, -2.200000000000000178 ) ) ;
#3110 = CARTESIAN_POINT ( 'NONE',  ( -5.998457895430068909, 17.48483058449997429, 2.199995981754977237 ) ) ;
#3111 = DIRECTION ( 'NONE',  ( -0.000000000000000000, -1.000000000000000000, -0.000000000000000000 ) ) ;
#3112 = ORIENTED_EDGE ( 'NONE', *, *, #4826, .F. ) ;
#3113 = ORIENTED_EDGE ( 'NONE', *, *, #3361, .T. ) ;
#3114 = FACE_OUTER_BOUND ( 'NONE', #5046, .T. ) ;
#3115 = EDGE_CURVE ( 'NONE', #2427, #1143, #3136, .T. ) ;
#3116 = VECTOR ( 'NONE', #4836, 1000.000000000000000 ) ;
#3117 = CARTESIAN_POINT ( 'NONE',  ( -5.890879518262783776, 32.65860743989022552, -2.216957662051106226 ) ) ;
#3118 = LINE ( 'NONE', #785, #3449 ) ;
#3119 = AXIS2_PLACEMENT_3D ( 'NONE', #451, #2467, #68 ) ;
#3120 = PLANE ( 'NONE',  #1918 ) ;
#3121 = VERTEX_POINT ( 'NONE', #4738 ) ;
#3122 = CARTESIAN_POINT ( 'NONE',  ( -3.809270731169543289, 36.77192677066621940, 6.469132803665448961 ) ) ;
#3123 = CARTESIAN_POINT ( 'NONE',  ( 2.500000000000017764, 23.00000000000001066, 18.75000000000000355 ) ) ;
#3124 = AXIS2_PLACEMENT_3D ( 'NONE', #2489, #2982, #2569 ) ;
#3125 = B_SPLINE_CURVE_WITH_KNOTS ( 'NONE', 3,
 ( #2764, #3537, #786, #4404 ),
 .UNSPECIFIED., .F., .F.,
 ( 4, 4 ),
 ( 0.000000000000000000, 1.000000000000000000 ),
 .UNSPECIFIED. ) ;
#3126 = DIRECTION ( 'NONE',  ( 0.000000000000000000, -1.000000000000000000, 0.000000000000000000 ) ) ;
#3127 = ORIENTED_EDGE ( 'NONE', *, *, #3692, .T. ) ;
#3128 = ORIENTED_EDGE ( 'NONE', *, *, #22, .T. ) ;
#3129 = VECTOR ( 'NONE', #322, 1000.000000000000114 ) ;
#3130 = CARTESIAN_POINT ( 'NONE',  ( 3.947368421052630971, 37.00000000000000711, 6.377168850554015833 ) ) ;
#3131 = EDGE_CURVE ( 'NONE', #1051, #4510, #4210, .T. ) ;
#3132 = CARTESIAN_POINT ( 'NONE',  ( -5.590970345067701075, 33.25902965493235541, -2.175098000320931924 ) ) ;
#3133 = VERTEX_POINT ( 'NONE', #466 ) ;
#3134 = DIRECTION ( 'NONE',  ( 0.7071067811865433539, -0.7071067811865516806, 0.000000000000000000 ) ) ;
#3135 = EDGE_CURVE ( 'NONE', #1637, #2615, #4436, .T. ) ;
#3136 = CIRCLE ( 'NONE', #3303, 1.399999999999998579 ) ;
#3137 = CARTESIAN_POINT ( 'NONE',  ( 7.944772285508603815, 13.90896851700443371, -0.5499976834400588377 ) ) ;
#3138 = CARTESIAN_POINT ( 'NONE',  ( -3.379964734547133087, 35.91321921554357033, 6.902731326476655660 ) ) ;
#3139 = CARTESIAN_POINT ( 'NONE',  ( -5.299999999999998934, 0.5000000000000213163, 3.867815921162744086 ) ) ;
#3140 = VECTOR ( 'NONE', #2759, 1000.000000000000000 ) ;
#3141 = CARTESIAN_POINT ( 'NONE',  ( -5.702216119617031787, 32.91015844991740380, 2.283514470452295608 ) ) ;
#3142 = VERTEX_POINT ( 'NONE', #995 ) ;
#3143 = VERTEX_POINT ( 'NONE', #1797 ) ;
#3144 = DIRECTION ( 'NONE',  ( 0.6785983445458425578, 0.2810846377148302211, 0.6785983445458472207 ) ) ;
#3145 = AXIS2_PLACEMENT_3D ( 'NONE', #3260, #13, #3856 ) ;
#3146 = CARTESIAN_POINT ( 'NONE',  ( 7.792563782257358795, 23.89953978581520744, -0.8000000000000001554 ) ) ;
#3147 = DIRECTION ( 'NONE',  ( 0.7071067811865441310, 0.000000000000000000, -0.7071067811865507924 ) ) ;
#3148 = VECTOR ( 'NONE', #3048, 1000.000000000000000 ) ;
#3149 = ORIENTED_EDGE ( 'NONE', *, *, #3503, .T. ) ;
#3150 = VECTOR ( 'NONE', #2098, 1000.000000000000000 ) ;
#3151 = DIRECTION ( 'NONE',  ( -0.000000000000000000, -0.000000000000000000, -1.000000000000000000 ) ) ;
#3152 = ORIENTED_EDGE ( 'NONE', *, *, #1645, .F. ) ;
#3153 = DIRECTION ( 'NONE',  ( -0.000000000000000000, 0.000000000000000000, 1.000000000000000000 ) ) ;
#3154 = CARTESIAN_POINT ( 'NONE',  ( -5.914571698389041288, 17.37298329772304228, 2.212305756000965573 ) ) ;
#3155 = ADVANCED_FACE ( 'NONE', ( #3259 ), #2309, .T. ) ;
#3156 = DIRECTION ( 'NONE',  ( 0.000000000000000000, 0.000000000000000000, 1.000000000000000000 ) ) ;
#3157 = EDGE_CURVE ( 'NONE', #2963, #2807, #4934, .T. ) ;
#3158 = ORIENTED_EDGE ( 'NONE', *, *, #4992, .F. ) ;
#3159 = ORIENTED_EDGE ( 'NONE', *, *, #2396, .F. ) ;
#3160 = DIRECTION ( 'NONE',  ( 0.000000000000000000, 0.000000000000000000, 1.000000000000000000 ) ) ;
#3161 = B_SPLINE_CURVE_WITH_KNOTS ( 'NONE', 3,
 ( #2600, #3763, #1424, #3036 ),
 .UNSPECIFIED., .F., .F.,
 ( 4, 4 ),
 ( 0.000000000000000000, 1.000000000000000000 ),
 .UNSPECIFIED. ) ;
#3162 = CARTESIAN_POINT ( 'NONE',  ( 0.000000000000000000, 0.5000000000000004441, -2.250000000000000000 ) ) ;
#3163 = ORIENTED_EDGE ( 'NONE', *, *, #3712, .T. ) ;
#3164 = CARTESIAN_POINT ( 'NONE',  ( -5.413124050968923129, 33.29561322356560282, 2.553187874537416580 ) ) ;
#3165 = DIRECTION ( 'NONE',  ( -0.000000000000000000, 1.000000000000000000, -0.000000000000000000 ) ) ;
#3166 = CARTESIAN_POINT ( 'NONE',  ( -3.357993653849474569, 35.86460853041687358, 6.933648511154702376 ) ) ;
#3167 = DIRECTION ( 'NONE',  ( -1.095509984775996541E-16, 1.156482317317871971E-16, 1.000000000000000000 ) ) ;
#3168 = EDGE_CURVE ( 'NONE', #1190, #4568, #1774, .T. ) ;
#3169 = CARTESIAN_POINT ( 'NONE',  ( -6.049999999999998934, 32.44644660940677738, 2.200000000000000178 ) ) ;
#3170 = VERTEX_POINT ( 'NONE', #2952 ) ;
#3171 = B_SPLINE_CURVE_WITH_KNOTS ( 'NONE', 3,
 ( #4570, #5048, #4952, #4644 ),
 .UNSPECIFIED., .F., .F.,
 ( 4, 4 ),
 ( 0.000000000000000000, 1.000000000000000000 ),
 .UNSPECIFIED. ) ;
#3172 = CARTESIAN_POINT ( 'NONE',  ( -5.831230341594386246, 33.01876965840567379, 2.010817564266762503 ) ) ;
#3173 = CARTESIAN_POINT ( 'NONE',  ( -5.652801765427456715, 32.97603878964820012, -2.313701938350086973 ) ) ;
#3174 = CARTESIAN_POINT ( 'NONE',  ( 7.808328886515984557, 13.77252511801181356, 0.5499999999999988232 ) ) ;
#3175 = EDGE_CURVE ( 'NONE', #3286, #2444, #1383, .T. ) ;
#3176 = ORIENTED_EDGE ( 'NONE', *, *, #4561, .F. ) ;
#3177 = CARTESIAN_POINT ( 'NONE',  ( -3.000000000000000000, 34.69132886683775752, 8.162312790426703657 ) ) ;
#3178 = ORIENTED_EDGE ( 'NONE', *, *, #618, .T. ) ;
#3179 = CARTESIAN_POINT ( 'NONE',  ( -3.857506298065949135, 36.86726067727712319, 6.434568739031574225 ) ) ;
#3180 = LINE ( 'NONE', #2430, #1426 ) ;
#3181 = CARTESIAN_POINT ( 'NONE',  ( -3.728818614205044568, 36.78169465906455571, 6.521141044151302246 ) ) ;
#3182 = ORIENTED_EDGE ( 'NONE', *, *, #1281, .T. ) ;
#3183 = ORIENTED_EDGE ( 'NONE', *, *, #1033, .F. ) ;
#3184 = CARTESIAN_POINT ( 'NONE',  ( 3.442542262008341680, 36.45853500303261541, 6.747202993877864152 ) ) ;
#3185 = EDGE_CURVE ( 'NONE', #4995, #3606, #4083, .T. ) ;
#3186 = CARTESIAN_POINT ( 'NONE',  ( -13.11543873711007535, 28.58482205904308060, -0.06543873711009313976 ) ) ;
#3187 = VERTEX_POINT ( 'NONE', #1302 ) ;
#3188 = CARTESIAN_POINT ( 'NONE',  ( 0.000000000000000000, 49.50000000000000000, 0.000000000000000000 ) ) ;
#3189 = CARTESIAN_POINT ( 'NONE',  ( -3.920000000000000817, 58.00000000000000000, 6.392810970662838876 ) ) ;
#3190 = CARTESIAN_POINT ( 'NONE',  ( -3.181707955425047363, 35.44228362254122544, 7.242165382034238874 ) ) ;
#3191 = CARTESIAN_POINT ( 'NONE',  ( 2.500000000000003553, 33.25000000000000000, 18.75000000000000355 ) ) ;
#3192 = CARTESIAN_POINT ( 'NONE',  ( -2.534281701154850186, 35.06023884809190605, 8.648644985090204074 ) ) ;
#3193 = EDGE_LOOP ( 'NONE', ( #1691, #4503, #1300, #2390 ) ) ;
#3194 = CARTESIAN_POINT ( 'NONE',  ( 7.801522147609347257, 13.76571837910517537, -0.5499894558077683682 ) ) ;
#3195 = FACE_OUTER_BOUND ( 'NONE', #1295, .T. ) ;
#3196 = CARTESIAN_POINT ( 'NONE',  ( 3.700012146906946242, 36.55664899932740752, 6.557398530772734269 ) ) ;
#3197 = EDGE_LOOP ( 'NONE', ( #3956, #71, #4448, #4708 ) ) ;
#3198 = CARTESIAN_POINT ( 'NONE',  ( -3.000000000000000888, 34.54030546716271033, 8.698532293996123599 ) ) ;
#3199 = ORIENTED_EDGE ( 'NONE', *, *, #1604, .F. ) ;
#3200 = AXIS2_PLACEMENT_3D ( 'NONE', #485, #561, #3618 ) ;
#3201 = CARTESIAN_POINT ( 'NONE',  ( 4.999999999999998224, 58.00000000000000000, 8.077747210701753389 ) ) ;
#3202 = ADVANCED_FACE ( 'NONE', ( #3337 ), #3309, .F. ) ;
#3203 = DIRECTION ( 'NONE',  ( 0.000000000000000000, 0.000000000000000000, 1.000000000000000000 ) ) ;
#3204 = LINE ( 'NONE', #3232, #2132 ) ;
#3205 = EDGE_LOOP ( 'NONE', ( #161, #423, #1022, #4435 ) ) ;
#3206 = VERTEX_POINT ( 'NONE', #2078 ) ;
#3207 = CARTESIAN_POINT ( 'NONE',  ( 2.755455298081544285E-16, 45.50000000000000000, 2.250000000000000000 ) ) ;
#3208 = VECTOR ( 'NONE', #3756, 999.9999999999998863 ) ;
#3209 = FACE_OUTER_BOUND ( 'NONE', #1926, .T. ) ;
#3210 = CIRCLE ( 'NONE', #4682, 1.699999999999979083 ) ;
#3211 = ORIENTED_EDGE ( 'NONE', *, *, #4174, .T. ) ;
#3212 = ADVANCED_FACE ( 'NONE', ( #3282 ), #4487, .T. ) ;
#3213 = CARTESIAN_POINT ( 'NONE',  ( 2.520413842964696727, 35.02176592863225579, 8.849818299909637531 ) ) ;
#3214 = CARTESIAN_POINT ( 'NONE',  ( -0.2500000000000036637, 5.000000000000000888, 15.00000000000000178 ) ) ;
#3215 = AXIS2_PLACEMENT_3D ( 'NONE', #4417, #1599, #3985 ) ;
#3216 = LINE ( 'NONE', #118, #3813 ) ;
#3217 = DIRECTION ( 'NONE',  ( 0.000000000000000000, 0.000000000000000000, -1.000000000000000000 ) ) ;
#3218 = CARTESIAN_POINT ( 'NONE',  ( 7.443927980257981858, 13.46419623149582634, 0.9153885648904972472 ) ) ;
#3219 = ADVANCED_FACE ( 'NONE', ( #4161 ), #2486, .F. ) ;
#3220 = ORIENTED_EDGE ( 'NONE', *, *, #1933, .T. ) ;
#3221 = CIRCLE ( 'NONE', #3959, 1.350000000000002309 ) ;
#3222 = LINE ( 'NONE', #575, #524 ) ;
#3223 = CARTESIAN_POINT ( 'NONE',  ( 2.561746776189619101, 35.18282364263961171, 8.277257150355994852 ) ) ;
#3224 = AXIS2_PLACEMENT_3D ( 'NONE', #4228, #2249, #301 ) ;
#3225 = CARTESIAN_POINT ( 'NONE',  ( 3.787136358827768223, 36.71737131060294956, 6.487433538139683264 ) ) ;
#3226 = ORIENTED_EDGE ( 'NONE', *, *, #1742, .T. ) ;
#3227 = DIRECTION ( 'NONE',  ( 0.3614101326064547703, 0.7071067811865531239, -0.6077686369412104161 ) ) ;
#3228 = ORIENTED_EDGE ( 'NONE', *, *, #5029, .F. ) ;
#3229 = CIRCLE ( 'NONE', #3396, 1.399999999999998579 ) ;
#3230 = CARTESIAN_POINT ( 'NONE',  ( -3.692560315555080575, 36.54994867704000683, 6.562637033603086145 ) ) ;
#3231 = CARTESIAN_POINT ( 'NONE',  ( -5.448463401490147184, 16.75149566230759746, 2.490876407295455675 ) ) ;
#3233 = AXIS2_PLACEMENT_3D ( 'NONE', #4868, #4134, #943 ) ;
#3232 = CARTESIAN_POINT ( 'NONE',  ( -5.299999999999998934, 0.5000000000000073275, 3.867815921162744086 ) ) ;
#3234 = EDGE_CURVE ( 'NONE', #1234, #3187, #1505, .T. ) ;
#3235 = VERTEX_POINT ( 'NONE', #969 ) ;
#3236 = EDGE_LOOP ( 'NONE', ( #2898, #1591, #4415, #1184 ) ) ;
#3237 = CARTESIAN_POINT ( 'NONE',  ( 3.659413515807354411, 36.69761922518680564, 6.572933930550669324 ) ) ;
#3238 = CARTESIAN_POINT ( 'NONE',  ( 7.472674940800713372, 13.58064084681778994, -0.9810194404673728830 ) ) ;
#3239 = DIRECTION ( 'NONE',  ( -1.000000000000000000, 0.000000000000000000, 0.000000000000000000 ) ) ;
#3240 = ADVANCED_FACE ( 'NONE', ( #2900 ), #4465, .F. ) ;
#3241 = EDGE_LOOP ( 'NONE', ( #5050, #2675, #2263, #2951 ) ) ;
#3242 = CARTESIAN_POINT ( 'NONE',  ( 2.999999999999997335, 35.00000000000000000, 18.75000000000000355 ) ) ;
#3243 = DIRECTION ( 'NONE',  ( 0.000000000000000000, 0.000000000000000000, -1.000000000000000000 ) ) ;
#3244 = CIRCLE ( 'NONE', #4551, 3.699999999999994849 ) ;
#3245 = CARTESIAN_POINT ( 'NONE',  ( 2.499999999999990230, 5.000000000000000888, 15.00000000000000355 ) ) ;
#3246 = LINE ( 'NONE', #2882, #2640 ) ;
#3247 = VERTEX_POINT ( 'NONE', #3674 ) ;
#3248 = CARTESIAN_POINT ( 'NONE',  ( -5.454077146939611431, 16.75899808699852400, -2.493953570343369286 ) ) ;
#3249 = CARTESIAN_POINT ( 'NONE',  ( -3.920000000000000817, 37.00000000000002132, 6.392810970662838876 ) ) ;
#3250 = ADVANCED_FACE ( 'NONE', ( #1692 ), #2808, .F. ) ;
#3251 = CARTESIAN_POINT ( 'NONE',  ( 3.564203428549137520, 36.29412395192704111, 6.684842348849160842 ) ) ;
#3252 = ORIENTED_EDGE ( 'NONE', *, *, #2938, .T. ) ;
#3253 = PLANE ( 'NONE',  #449 ) ;
#3254 = ORIENTED_EDGE ( 'NONE', *, *, #3397, .T. ) ;
#3255 = CARTESIAN_POINT ( 'NONE',  ( -3.000000000000002220, 30.00000000000000355, 13.40000000000000391 ) ) ;
#3256 = CARTESIAN_POINT ( 'NONE',  ( -6.850000000000006750, 25.00000000000000000, -2.200000000000000178 ) ) ;
#3257 = VERTEX_POINT ( 'NONE', #564 ) ;
#3258 = ORIENTED_EDGE ( 'NONE', *, *, #2805, .F. ) ;
#3259 = FACE_OUTER_BOUND ( 'NONE', #1375, .T. ) ;
#3260 = CARTESIAN_POINT ( 'NONE',  ( 0.000000000000000000, 48.00000000000002132, 0.000000000000000000 ) ) ;
#3261 = EDGE_CURVE ( 'NONE', #1466, #2672, #4816, .T. ) ;
#3262 = CARTESIAN_POINT ( 'NONE',  ( -3.000000000000002220, 30.00000000000000355, 15.00000000000000178 ) ) ;
#3263 = ORIENTED_EDGE ( 'NONE', *, *, #2494, .T. ) ;
#3264 = LINE ( 'NONE', #3242, #4143 ) ;
#3265 = CARTESIAN_POINT ( 'NONE',  ( -2.300000000000001599, 58.00000000000000000, -3.867815921162742310 ) ) ;
#3266 = ADVANCED_FACE ( 'NONE', ( #216 ), #2391, .F. ) ;
#3267 = CARTESIAN_POINT ( 'NONE',  ( 2.500000000000003553, 33.25000000000000000, 18.25000000000001066 ) ) ;
#3268 = CARTESIAN_POINT ( 'NONE',  ( -2.542853601147927467, 35.09179032966633827, 8.528867051679810629 ) ) ;
#3269 = ORIENTED_EDGE ( 'NONE', *, *, #1916, .F. ) ;
#3270 = CARTESIAN_POINT ( 'NONE',  ( -5.752183156641711648, 17.15646442339015110, -2.261565624043280653 ) ) ;
#3271 = CARTESIAN_POINT ( 'NONE',  ( -3.158874811044550146, 3.158874811044550146, 0.8000000000000000444 ) ) ;
#3272 = CARTESIAN_POINT ( 'NONE',  ( 3.863128546547431874, 36.85349205359873537, 6.432285431788367092 ) ) ;
#3273 = CARTESIAN_POINT ( 'NONE',  ( -6.226776695296638131, 32.62322330470341569, -1.949999999999999956 ) ) ;
#3274 = VERTEX_POINT ( 'NONE', #4185 ) ;
#3275 = CARTESIAN_POINT ( 'NONE',  ( 7.412970461882263606, 13.48362106857649323, -1.139240506329114222 ) ) ;
#3276 = ADVANCED_FACE ( 'NONE', ( #4233 ), #2275, .T. ) ;
#3277 = CARTESIAN_POINT ( 'NONE',  ( 7.425036744862194560, 13.50322599027939496, 1.060725911547918621 ) ) ;
#3278 = CARTESIAN_POINT ( 'NONE',  ( -5.299999999999998046, 16.44999999999993534, -1.949999999999999956 ) ) ;
#3279 = VECTOR ( 'NONE', #1779, 1000.000000000000114 ) ;
#3280 = CARTESIAN_POINT ( 'NONE',  ( -2.750000000000006217, 30.00000000000000355, 16.35000000000000497 ) ) ;
#3281 = ORIENTED_EDGE ( 'NONE', *, *, #4135, .T. ) ;
#3282 = FACE_OUTER_BOUND ( 'NONE', #568, .T. ) ;
#3283 = FACE_OUTER_BOUND ( 'NONE', #4859, .T. ) ;
#3284 = VECTOR ( 'NONE', #4548, 1000.000000000000000 ) ;
#3285 = DIRECTION ( 'NONE',  ( 0.000000000000000000, 0.000000000000000000, -1.000000000000000000 ) ) ;
#3286 = VERTEX_POINT ( 'NONE', #2254 ) ;
#3287 = PLANE ( 'NONE',  #1846 ) ;
#3288 = CIRCLE ( 'NONE', #1322, 1.699999999999972200 ) ;
#3289 = CARTESIAN_POINT ( 'NONE',  ( 3.073809583318690919, 36.02230498062721864, 7.119565116874746025 ) ) ;
#3290 =( LENGTH_UNIT ( ) NAMED_UNIT ( * ) SI_UNIT ( .MILLI., .METRE. ) );
#3291 = VECTOR ( 'NONE', #1263, 1000.000000000000000 ) ;
#3292 = CARTESIAN_POINT ( 'NONE',  ( -5.299999999999998046, 16.44999999999993534, -2.574388938522980563 ) ) ;
#3293 = CARTESIAN_POINT ( 'NONE',  ( 2.999999999999997780, 8.603553390593280170, 14.64644660940672694 ) ) ;
#3294 = EDGE_CURVE ( 'NONE', #3359, #545, #3041, .T. ) ;
#3295 = EDGE_LOOP ( 'NONE', ( #2671, #4456, #1978, #2757 ) ) ;
#3296 = CARTESIAN_POINT ( 'NONE',  ( -5.716390467331149416, 17.10875131236440083, -2.278163254067918420 ) ) ;
#3297 = CARTESIAN_POINT ( 'NONE',  ( 7.487843721906759065, 24.54796004659741371, 0.7794558079350712987 ) ) ;
#3298 = CARTESIAN_POINT ( 'NONE',  ( 3.109840954362563803, 35.24006214175635421, 7.423412272346280538 ) ) ;
#3299 = FACE_OUTER_BOUND ( 'NONE', #2119, .T. ) ;
#3300 = ORIENTED_EDGE ( 'NONE', *, *, #1093, .F. ) ;
#3301 = DIRECTION ( 'NONE',  ( 0.000000000000000000, 0.000000000000000000, -1.000000000000000000 ) ) ;
#3302 =( NAMED_UNIT ( * ) SI_UNIT ( $, .STERADIAN. ) SOLID_ANGLE_UNIT ( ) );
#3303 = AXIS2_PLACEMENT_3D ( 'NONE', #3574, #62, #110 ) ;
#3304 = DIRECTION ( 'NONE',  ( 0.000000000000000000, -1.000000000000000000, 0.000000000000000000 ) ) ;
#3305 = FACE_OUTER_BOUND ( 'NONE', #4215, .T. ) ;
#3306 = PRESENTATION_LAYER_ASSIGNMENT (  '', '', ( #1662 ) ) ;
#3307 = EDGE_LOOP ( 'NONE', ( #4284, #2920, #4040, #2379 ) ) ;
#3308 = ORIENTED_EDGE ( 'NONE', *, *, #3535, .T. ) ;
#3309 = CYLINDRICAL_SURFACE ( 'NONE', #3552, 0.7499999999999997780 ) ;
#3310 = CARTESIAN_POINT ( 'NONE',  ( 0.000000000000000000, 48.50000000000000000, 0.000000000000000000 ) ) ;
#3311 = CONICAL_SURFACE ( 'NONE', #1090, 2.250000000000000000, 0.7853981633974573828 ) ;
#3312 = EDGE_CURVE ( 'NONE', #2444, #3853, #1658, .T. ) ;
#3313 = EDGE_CURVE ( 'NONE', #4663, #4258, #2722, .T. ) ;
#3314 = DIRECTION ( 'NONE',  ( -1.000000000000000000, 0.000000000000000000, -1.095509984775996541E-16 ) ) ;
#3315 = ORIENTED_EDGE ( 'NONE', *, *, #1314, .T. ) ;
#3316 = AXIS2_PLACEMENT_3D ( 'NONE', #180, #1376, #581 ) ;
#3318 = LINE ( 'NONE', #2159, #3889 ) ;
#3317 = AXIS2_PLACEMENT_3D ( 'NONE', #2662, #2683, #3771 ) ;
#3319 = CARTESIAN_POINT ( 'NONE',  ( 2.743180298841981557, 35.56806583298690327, 7.625098065131533431 ) ) ;
#3320 = CARTESIAN_POINT ( 'NONE',  ( -3.465056564899738234, 36.48808429788504526, 6.726251512482166461 ) ) ;
#3321 = AXIS2_PLACEMENT_3D ( 'NONE', #3629, #1673, #2934 ) ;
#3322 = DIRECTION ( 'NONE',  ( 1.000000000000000000, 0.000000000000000000, 1.095509984775996541E-16 ) ) ;
#3323 = CARTESIAN_POINT ( 'NONE',  ( 7.420099363620817456, 13.49520896155408245, 1.092853025877644102 ) ) ;
#3324 = ORIENTED_EDGE ( 'NONE', *, *, #1867, .T. ) ;
#3325 = CARTESIAN_POINT ( 'NONE',  ( -5.784967803361309890, 17.20017901934545890, -2.248281728364849297 ) ) ;
#3326 = DIRECTION ( 'NONE',  ( -0.000000000000000000, -0.000000000000000000, -1.000000000000000000 ) ) ;
#3327 = EDGE_CURVE ( 'NONE', #1234, #4184, #1754, .T. ) ;
#3328 = CARTESIAN_POINT ( 'NONE',  ( -5.226162889743311446, 16.37616288974325229, 2.890882859769666080 ) ) ;
#3329 = CARTESIAN_POINT ( 'NONE',  ( -3.657476242826392276, 36.70269022450783325, 6.573157969877077456 ) ) ;
#3330 = ORIENTED_EDGE ( 'NONE', *, *, #4068, .T. ) ;
#3331 = DIRECTION ( 'NONE',  ( -3.363765581148665724E-16, 0.000000000000000000, -1.000000000000000000 ) ) ;
#3332 = CARTESIAN_POINT ( 'NONE',  ( -2.499999999999993783, 35.00000000000000000, 9.165151389911681434 ) ) ;
#3333 = ADVANCED_FACE ( 'NONE', ( #28 ), #4733, .F. ) ;
#3334 = CARTESIAN_POINT ( 'NONE',  ( 7.985105581812616649, 24.05069818669155168, 0.5499999999999997113 ) ) ;
#3335 = ORIENTED_EDGE ( 'NONE', *, *, #503, .T. ) ;
#3336 = ORIENTED_EDGE ( 'NONE', *, *, #982, .T. ) ;
#3337 = FACE_OUTER_BOUND ( 'NONE', #3197, .T. ) ;
#3338 = CARTESIAN_POINT ( 'NONE',  ( -5.954799646340021013, 17.10479964633996985, -1.985245467005649855 ) ) ;
#3339 = DIRECTION ( 'NONE',  ( -0.000000000000000000, -1.000000000000000000, -0.000000000000000000 ) ) ;
#3340 = VERTEX_POINT ( 'NONE', #4686 ) ;
#3341 = DIRECTION ( 'NONE',  ( 0.000000000000000000, 0.000000000000000000, 1.000000000000000000 ) ) ;
#3342 = CARTESIAN_POINT ( 'NONE',  ( 3.904922085149724165, 36.95642296744365041, 6.403781629513452422 ) ) ;
#3343 = EDGE_CURVE ( 'NONE', #3031, #1679, #1947, .T. ) ;
#3344 = B_SPLINE_SURFACE_WITH_KNOTS ( 'NONE', 1, 3, ( 
 ( #3389, #2487, #163, #3338, #2127, #1747, #4894, #4084, #4841, #2104, #643, #1024, #4060, #997, #946, #4162, #2514, #4488 ),
 ( #4946, #970, #2953, #565, #1384, #4540, #2567, #3700, #4871, #2155, #1799, #543, #2980, #1439, #3754, #2206, #4512, #1719 ) ),
 .UNSPECIFIED., .F., .F., .F.,
 ( 2, 2 ),
 ( 4, 2, 2, 2, 2, 2, 2, 2, 4 ),
 ( 0.000000000000000000, 1.000000000000000000 ),
 ( 4.712388980384689674, 4.918555998276520569, 5.124723016168350576, 5.330890034060180582, 5.537057051952011477, 5.743224069843841484, 5.949391087735671491, 6.155558105627502385, 6.361725123519332392 ),
 .UNSPECIFIED. ) ;
#3345 = SHAPE_DEFINITION_REPRESENTATION ( #3514, #2878 ) ;
#3346 = CARTESIAN_POINT ( 'NONE',  ( -5.300000000000000711, 16.50601295038009297, -2.695093780020412222 ) ) ;
#3347 = CARTESIAN_POINT ( 'NONE',  ( 2.550872539900195690, 35.12690638157369705, 8.420077321249099356 ) ) ;
#3348 = ORIENTED_EDGE ( 'NONE', *, *, #4086, .T. ) ;
#3349 = DIRECTION ( 'NONE',  ( 1.000000000000000000, 0.000000000000000000, 0.000000000000000000 ) ) ;
#3350 = DIRECTION ( 'NONE',  ( 1.000000000000000000, 0.000000000000000000, -0.000000000000000000 ) ) ;
#3351 = CARTESIAN_POINT ( 'NONE',  ( -5.298264046925574178, 16.55123878649396829, 2.957461419600909025 ) ) ;
#3352 = B_SPLINE_CURVE_WITH_KNOTS ( 'NONE', 3,
 ( #2833, #927, #4396, #1602 ),
 .UNSPECIFIED., .F., .F.,
 ( 4, 4 ),
 ( 0.000000000000000000, 1.000000000000000000 ),
 .UNSPECIFIED. ) ;
#3353 = CARTESIAN_POINT ( 'NONE',  ( -3.481878396207399362, 36.50700532600958326, 6.712278862049753769 ) ) ;
#3354 = EDGE_LOOP ( 'NONE', ( #4327, #3182, #1560, #1273 ) ) ;
#3355 = CARTESIAN_POINT ( 'NONE',  ( -2.556378047173164081, 35.15306309347020175, 8.346571527864544038 ) ) ;
#3356 = CARTESIAN_POINT ( 'NONE',  ( 7.774945425981490743, 23.92816925150492935, 0.8013939590380420031 ) ) ;
#3357 = PLANE ( 'NONE',  #1015 ) ;
#3358 = CARTESIAN_POINT ( 'NONE',  ( 7.412970461882263606, 13.48362106857532794, 1.139240506329114222 ) ) ;
#3359 = VERTEX_POINT ( 'NONE', #762 ) ;
#3360 = ORIENTED_EDGE ( 'NONE', *, *, #4174, .F. ) ;
#3361 = EDGE_CURVE ( 'NONE', #10, #410, #1994, .T. ) ;
#3362 = CARTESIAN_POINT ( 'NONE',  ( -5.512215728511992374, 16.66221572851192789, -2.243583947761587094 ) ) ;
#3363 = FACE_OUTER_BOUND ( 'NONE', #2425, .T. ) ;
#3364 = DIRECTION ( 'NONE',  ( 8.659560562355011744E-17, -0.7071067811865411334, 0.7071067811865539010 ) ) ;
#3365 = ORIENTED_EDGE ( 'NONE', *, *, #3313, .T. ) ;
#3366 = LINE ( 'NONE', #4923, #3855 ) ;
#3367 = CARTESIAN_POINT ( 'NONE',  ( 2.766124961200336685, 35.60355069680444018, 7.579043242747127707 ) ) ;
#3368 = AXIS2_PLACEMENT_3D ( 'NONE', #2047, #914, #2925 ) ;
#3369 = CARTESIAN_POINT ( 'NONE',  ( -6.226776695296634578, 17.37677669529658431, 1.949999999999999289 ) ) ;
#3370 = ADVANCED_FACE ( 'NONE', ( #2349 ), #3590, .T. ) ;
#3371 = AXIS2_PLACEMENT_3D ( 'NONE', #1004, #4572, #2988 ) ;
#3372 = CARTESIAN_POINT ( 'NONE',  ( 7.584753692204584397, 13.76277343311731549, 0.8681056994932079274 ) ) ;
#3373 = LINE ( 'NONE', #4930, #4453 ) ;
#3374 = CONICAL_SURFACE ( 'NONE', #1147, 1.649999999999991696, 0.7853981633974491672 ) ;
#3375 = CARTESIAN_POINT ( 'NONE',  ( 7.617426661484924644, 24.18413760707040439, 0.8476189602084682750 ) ) ;
#3376 = EDGE_CURVE ( 'NONE', #3944, #10, #102, .T. ) ;
#3377 = DIRECTION ( 'NONE',  ( 0.5773502691896286176, -0.5773502691896283956, -0.5773502691896204020 ) ) ;
#3378 = CARTESIAN_POINT ( 'NONE',  ( -2.867993450438629299, 35.75282141988442675, 7.400026988633388036 ) ) ;
#3379 = VERTEX_POINT ( 'NONE', #383 ) ;
#3380 = AXIS2_PLACEMENT_3D ( 'NONE', #4972, #310, #3898 ) ;
#3381 = CARTESIAN_POINT ( 'NONE',  ( -5.716390467274512055, 32.89124868771410348, 2.278163254095825874 ) ) ;
#3382 = CARTESIAN_POINT ( 'NONE',  ( 7.412970461882263606, 13.48362106857649323, -1.139240506329114222 ) ) ;
#3383 = FACE_OUTER_BOUND ( 'NONE', #1352, .T. ) ;
#3384 = CARTESIAN_POINT ( 'NONE',  ( 4.779269470897823169, 6.720730529102242556, 13.47073052910225321 ) ) ;
#3385 = LINE ( 'NONE', #2203, #2587 ) ;
#3386 = ORIENTED_EDGE ( 'NONE', *, *, #1334, .T. ) ;
#3387 = AXIS2_PLACEMENT_3D ( 'NONE', #433, #788, #3615 ) ;
#3388 = CARTESIAN_POINT ( 'NONE',  ( 7.617426661484923756, 24.18413760707040439, -0.8476189602084683861 ) ) ;
#3389 = CARTESIAN_POINT ( 'NONE',  ( -6.226776695296639019, 17.37677669529658786, -1.950000000000001732 ) ) ;
#3390 = ADVANCED_FACE ( 'NONE', ( #3569 ), #3896, .T. ) ;
#3391 = VECTOR ( 'NONE', #2192, 1000.000000000000000 ) ;
#3392 = DIRECTION ( 'NONE',  ( 0.000000000000000000, 0.000000000000000000, 1.000000000000000000 ) ) ;
#3393 = ORIENTED_EDGE ( 'NONE', *, *, #4656, .F. ) ;
#3394 = CARTESIAN_POINT ( 'NONE',  ( -5.300000000000001599, 33.44644660939986380, -2.950000000000000622 ) ) ;
#3395 = CARTESIAN_POINT ( 'NONE',  ( 3.172979127379699449, 36.14436346824954427, 7.006884433651727306 ) ) ;
#3396 = AXIS2_PLACEMENT_3D ( 'NONE', #1871, #1118, #3417 ) ;
#3397 = EDGE_CURVE ( 'NONE', #4374, #3026, #1083, .T. ) ;
#3398 = LINE ( 'NONE', #224, #3701 ) ;
#3399 = AXIS2_PLACEMENT_3D ( 'NONE', #381, #4252, #2226 ) ;
#3400 = AXIS2_PLACEMENT_3D ( 'NONE', #4911, #1298, #1770 ) ;
#3401 = CARTESIAN_POINT ( 'NONE',  ( 7.412970461882263606, 13.48362106857532794, 1.139240506329114222 ) ) ;
#3402 = PLANE ( 'NONE',  #1993 ) ;
#3403 = AXIS2_PLACEMENT_3D ( 'NONE', #962, #2198, #3301 ) ;
#3404 = DIRECTION ( 'NONE',  ( 0.7071067811865475727, 0.000000000000000000, -0.7071067811865475727 ) ) ;
#3405 = CARTESIAN_POINT ( 'NONE',  ( 10.53580376850417188, 21.50000000000000000, 0.5499999999999997113 ) ) ;
#3406 = CARTESIAN_POINT ( 'NONE',  ( -2.618899296729325865, 35.34808561873031607, 7.952103833708244807 ) ) ;
#3407 = ORIENTED_EDGE ( 'NONE', *, *, #229, .F. ) ;
#3408 = CARTESIAN_POINT ( 'NONE',  ( -5.914375680863408036, 32.62727906197570604, 2.212283986584073769 ) ) ;
#3409 = VERTEX_POINT ( 'NONE', #1791 ) ;
#3410 = CARTESIAN_POINT ( 'NONE',  ( 7.741005544911265801, 14.01667816441164049, -0.8056926625599912795 ) ) ;
#3411 = ADVANCED_FACE ( 'NONE', ( #2893, #4811 ), #4459, .F. ) ;
#3412 = CARTESIAN_POINT ( 'NONE',  ( 7.615021956702451966, 24.18804519049847102, -0.8496356079350393387 ) ) ;
#3413 = CARTESIAN_POINT ( 'NONE',  ( 7.867254451614848598, 23.93284705649379873, -0.7166666666666671182 ) ) ;
#3414 = CARTESIAN_POINT ( 'NONE',  ( -10.14999999999999147, 25.00000000000000000, -2.200000000000000178 ) ) ;
#3415 = VERTEX_POINT ( 'NONE', #2507 ) ;
#3416 = CARTESIAN_POINT ( 'NONE',  ( 7.347592192732684602, 24.68821157577147929, -1.066945674463626093 ) ) ;
#3417 = DIRECTION ( 'NONE',  ( 1.000000000000000000, 0.000000000000000000, 0.000000000000000000 ) ) ;
#3418 = DIRECTION ( 'NONE',  ( 1.000000000000000000, 0.000000000000000000, 1.095509984775996541E-16 ) ) ;
#3419 = ORIENTED_EDGE ( 'NONE', *, *, #2443, .F. ) ;
#3420 = LINE ( 'NONE', #4974, #2894 ) ;
#3421 = EDGE_CURVE ( 'NONE', #1525, #1772, #2866, .T. ) ;
#3422 = FACE_OUTER_BOUND ( 'NONE', #1932, .T. ) ;
#3423 = DIRECTION ( 'NONE',  ( 0.000000000000000000, 0.000000000000000000, -1.000000000000000000 ) ) ;
#3424 = EDGE_CURVE ( 'NONE', #1626, #759, #4124, .T. ) ;
#3425 = CARTESIAN_POINT ( 'NONE',  ( -8.499999999999998224, 25.00000000000000000, -1.950000000000007727 ) ) ;
#3426 = CARTESIAN_POINT ( 'NONE',  ( -3.000000000000002220, 5.000000000000000888, 15.00000000000000178 ) ) ;
#3427 = CARTESIAN_POINT ( 'NONE',  ( -5.702216119617030010, 17.08984155008259265, 2.283514470452296941 ) ) ;
#3428 = B_SPLINE_SURFACE_WITH_KNOTS ( 'NONE', 1, 3, ( 
 ( #1422, #4473, #294, #1032, #1394, #978, #225, #573, #2136, #2546, #601, #2165 ),
 ( #2990, #1783, #2577, #3347, #2962, #1005, #4147, #629, #1204, #66, #2776, #1622 ) ),
 .UNSPECIFIED., .F., .F., .F.,
 ( 2, 2 ),
 ( 4, 2, 2, 2, 2, 4 ),
 ( 0.000000000000000000, 1.000000000000000000 ),
 ( 0.000000000000000000, 0.0001389960603254267104, 0.0002779921206508534207, 0.0005559842413017068415, 0.0008339763619525603165, 0.001111968482603413683 ),
 .UNSPECIFIED. ) ;
#3429 = CARTESIAN_POINT ( 'NONE',  ( -3.621004788678146458, 36.66232993195541923, 6.600718612775619221 ) ) ;
#3430 = ORIENTED_EDGE ( 'NONE', *, *, #1382, .F. ) ;
#3431 = CARTESIAN_POINT ( 'NONE',  ( -5.975469544568368541, 32.54582028730084886, 2.203711679640817600 ) ) ;
#3432 = ORIENTED_EDGE ( 'NONE', *, *, #3770, .F. ) ;
#3433 = CARTESIAN_POINT ( 'NONE',  ( 7.420104565921875839, 24.50478258277096444, 1.092819174711310737 ) ) ;
#3434 = CARTESIAN_POINT ( 'NONE',  ( 10.53580376850417188, 21.50000000000000000, -0.5499999999999998224 ) ) ;
#3435 = DIRECTION ( 'NONE',  ( 0.000000000000000000, -1.000000000000000000, -0.000000000000000000 ) ) ;
#3436 = EDGE_CURVE ( 'NONE', #1650, #1641, #2238, .T. ) ;
#3437 = LINE ( 'NONE', #3894, #3148 ) ;
#3438 = ORIENTED_EDGE ( 'NONE', *, *, #4969, .F. ) ;
#3439 = CARTESIAN_POINT ( 'NONE',  ( -3.039755318108015913, 35.00435359740025376, 7.674803207228159785 ) ) ;
#3440 = LINE ( 'NONE', #3847, #1996 ) ;
#3441 = B_SPLINE_CURVE_WITH_KNOTS ( 'NONE', 3,
 ( #615, #4535, #3796, #991 ),
 .UNSPECIFIED., .F., .F.,
 ( 4, 4 ),
 ( 0.000000000000000000, 1.000000000000000000 ),
 .UNSPECIFIED. ) ;
#3442 = DIRECTION ( 'NONE',  ( -0.000000000000000000, 1.000000000000000000, -0.000000000000000000 ) ) ;
#3443 = ORIENTED_EDGE ( 'NONE', *, *, #4275, .F. ) ;
#3444 = ORIENTED_EDGE ( 'NONE', *, *, #169, .T. ) ;
#3445 = CARTESIAN_POINT ( 'NONE',  ( 3.103802937826932062, 36.05965438337619844, 7.084296324698885705 ) ) ;
#3446 = CARTESIAN_POINT ( 'NONE',  ( -3.000000000000001332, 34.72923556460597894, 8.076141003662902662 ) ) ;
#3447 = EDGE_CURVE ( 'NONE', #4258, #4663, #1340, .T. ) ;
#3448 = ORIENTED_EDGE ( 'NONE', *, *, #4981, .T. ) ;
#3449 = VECTOR ( 'NONE', #2762, 999.9999999999998863 ) ;
#3450 = DIRECTION ( 'NONE',  ( -0.000000000000000000, -1.000000000000000000, -0.000000000000000000 ) ) ;
#3451 = CARTESIAN_POINT ( 'NONE',  ( 7.555506243914220654, 24.28475828562280014, 0.8890389604554834735 ) ) ;
#3452 = AXIS2_PLACEMENT_3D ( 'NONE', #4194, #245, #1031 ) ;
#3453 = FACE_BOUND ( 'NONE', #820, .T. ) ;
#3454 = ADVANCED_FACE ( 'NONE', ( #509 ), #3642, .F. ) ;
#3455 = CARTESIAN_POINT ( 'NONE',  ( -5.534244937020880606, 33.13412002671226730, 2.403050913184365811 ) ) ;
#3456 = ORIENTED_EDGE ( 'NONE', *, *, #3986, .T. ) ;
#3457 = AXIS2_PLACEMENT_3D ( 'NONE', #4718, #794, #1976 ) ;
#3458 = MANIFOLD_SOLID_BREP ( 'Chamfer3', #3481 ) ;
#3459 = CARTESIAN_POINT ( 'NONE',  ( 7.690167075086876025, 13.93407415033028407, -0.8178101821137256922 ) ) ;
#3460 = CARTESIAN_POINT ( 'NONE',  ( -19.24822330470342635, 19.24822330470320253, 2.200000000000000178 ) ) ;
#3461 = CARTESIAN_POINT ( 'NONE',  ( 7.985105581812618425, 13.94930181330844476, 0.5499999999999988232 ) ) ;
#3462 = AXIS2_PLACEMENT_3D ( 'NONE', #2756, #1110, #4321 ) ;
#3463 = LINE ( 'NONE', #2665, #1593 ) ;
#3464 = ORIENTED_EDGE ( 'NONE', *, *, #2632, .F. ) ;
#3465 = CARTESIAN_POINT ( 'NONE',  ( -3.136486692216231997, 35.31906417565138412, 7.349421849194682110 ) ) ;
#3466 = FACE_OUTER_BOUND ( 'NONE', #2570, .T. ) ;
#3467 = DIRECTION ( 'NONE',  ( 0.000000000000000000, 0.000000000000000000, 1.000000000000000000 ) ) ;
#3468 = AXIS2_PLACEMENT_3D ( 'NONE', #2177, #2946, #2452 ) ;
#3469 = ORIENTED_EDGE ( 'NONE', *, *, #3905, .T. ) ;
#3470 = ORIENTED_EDGE ( 'NONE', *, *, #1569, .F. ) ;
#3471 = CARTESIAN_POINT ( 'NONE',  ( -1.734723475976806897E-15, 33.25000000000000000, 15.00000000000000178 ) ) ;
#3472 = EDGE_CURVE ( 'NONE', #759, #1046, #2558, .T. ) ;
#3473 = EDGE_CURVE ( 'NONE', #2444, #3121, #4631, .T. ) ;
#3474 = AXIS2_PLACEMENT_3D ( 'NONE', #2121, #4910, #4050 ) ;
#3475 = B_SPLINE_CURVE_WITH_KNOTS ( 'NONE', 3,
 ( #4605, #1086, #3821, #4985, #4531, #4582, #324, #3840, #3769, #1112, #1913, #1041, #3410, #4179, #4963, #2291, #3459, #1062, #1016, #2585, #4156, #1476, #659, #3022, #2199, #1501, #254, #2631, #4204, #2660, #1815, #3382 ),
 .UNSPECIFIED., .F., .F.,
 ( 4, 2, 1, 2, 2, 1, 2, 2, 2, 2, 2, 2, 2, 2, 2, 2, 4 ),
 ( 0.000000000000000000, 0.03124999999999504563, 0.04687499999999256844, 0.05468749999999454603, 0.06249999999999653055, 0.09374999999999704403, 0.1093749999999958644, 0.1249999999999946987, 0.1874999999999986122, 0.2187499999999978073, 0.2499999999999970024, 0.3124999999999965583, 0.3749999999999961697, 0.4374999999999957256, 0.4999999999999953371, 0.7499999999999978906, 1.000000000000000000 ),
 .UNSPECIFIED. ) ;
#3476 = CARTESIAN_POINT ( 'NONE',  ( -5.404378668631895088, 33.44562133136817295, -2.376951738636986722 ) ) ;
#3477 = EDGE_LOOP ( 'NONE', ( #4973, #779, #4126, #884, #3485, #1222 ) ) ;
#3478 = AXIS2_PLACEMENT_3D ( 'NONE', #1484, #2689, #1894 ) ;
#3479 = CARTESIAN_POINT ( 'NONE',  ( 7.711088805464470397, 13.67528503696030739, -0.6092025888059507954 ) ) ;
#3480 = CARTESIAN_POINT ( 'NONE',  ( 7.411680033202268980, 24.51847587802969741, 1.142668644244888343 ) ) ;
#3481 = CLOSED_SHELL ( 'NONE', ( #4260, #1960, #1049, #271, #4051, #2007, #2282, #4360, #2321, #4324, #292, #2720, #8, #2837, #954, #4181, #2709, #650, #535, #3554, #3240, #1226, #857, #677, #4550, #2133, #4774, #1970, #3390, #940, #1711, #2559, #1414, #4672, #3518, #597, #4043, #2051, #3597, #3333, #1296, #1544, #4280, #1038, #4080, #4115, #3219, #2041, #2855, #1210, #4641, #474, #919, #2512, #3411, #402, #2106, #2395, #735, #4313, #1460, #644, #5041, #2650, #4235, #2481, #2242, #4240, #1502, #4796, #4264, #2955, #3454, #2521, #3202, #4728, #2089, #2358, #3659, #122, #4953, #1798, #2244, #2987, #5010, #2795, #440, #2285, #4615, #3760, #2949, #4837, #3155, #4902, #4128, #688, #4857, #1929, #3918, #2684, #1182, #3725, #354, #1730, #1629, #1535, #5047, #4406, #523, #3212, #3250, #1665, #4822, #4340, #3003, #4594, #2184, #3948, #2174, #2618, #4649, #3617, #668, #1491, #1825, #288, #1199, #585, #4069, #3266, #1896, #1356, #2100, #2937, #2744, #3276, #1107, #3854, #3610, #4001, #4810, #1286, #3370, #4804, #1563 ) ) ;
#3482 = VECTOR ( 'NONE', #183, 1000.000000000000000 ) ;
#3483 = CARTESIAN_POINT ( 'NONE',  ( 7.514950499847182108, 13.47914673134301289, 0.7493549360113482827 ) ) ;
#3484 = CARTESIAN_POINT ( 'NONE',  ( -5.998457895430075126, 32.51516941549999729, 2.199995981754977681 ) ) ;
#3485 = ORIENTED_EDGE ( 'NONE', *, *, #2860, .T. ) ;
#3486 = ORIENTED_EDGE ( 'NONE', *, *, #1247, .T. ) ;
#3487 = CARTESIAN_POINT ( 'NONE',  ( 7.584775252663932932, 24.23719216568395751, 0.8680911766586864031 ) ) ;
#3488 = EDGE_CURVE ( 'NONE', #2589, #4563, #3878, .T. ) ;
#3489 = CARTESIAN_POINT ( 'NONE',  ( 3.367778697655198332E-16, 49.50000000000000000, -2.749999999999981792 ) ) ;
#3490 = CARTESIAN_POINT ( 'NONE',  ( -6.049999999999998934, 17.55355339059321906, 2.200000000000000178 ) ) ;
#3491 = CARTESIAN_POINT ( 'NONE',  ( 7.424979072372331679, 24.49686771610526037, 1.061101183052753472 ) ) ;
#3492 = EDGE_LOOP ( 'NONE', ( #150, #3258, #323, #1240 ) ) ;
#3493 = CARTESIAN_POINT ( 'NONE',  ( -3.254220711602795468, 35.62397637456610511, 7.100251897929547695 ) ) ;
#3494 = EDGE_CURVE ( 'NONE', #468, #487, #3475, .T. ) ;
#3495 = AXIS2_PLACEMENT_3D ( 'NONE', #4159, #3773, #1380 ) ;
#3496 = CARTESIAN_POINT ( 'NONE',  ( -6.050000000000001599, 17.55355339059322262, -2.200000000000000178 ) ) ;
#3497 = CARTESIAN_POINT ( 'NONE',  ( -9.899999999999996803, 25.00000000000000000, 1.950000000000002620 ) ) ;
#3498 = EDGE_LOOP ( 'NONE', ( #4982, #1437, #88, #3567 ) ) ;
#3499 = EDGE_LOOP ( 'NONE', ( #336, #3386, #4784, #123, #979, #1363, #138, #1631, #557, #4165, #3348, #1537, #2414, #3020 ) ) ;
#3500 = CARTESIAN_POINT ( 'NONE',  ( 2.586486452477360309, 35.27070404318855879, 8.091567121650323102 ) ) ;
#3501 = CARTESIAN_POINT ( 'NONE',  ( -5.324508716074089598, 33.41376832130801233, -2.752974657663904257 ) ) ;
#3502 = EDGE_LOOP ( 'NONE', ( #886, #712, #690, #3049 ) ) ;
#3503 = EDGE_CURVE ( 'NONE', #443, #4374, #4213, .T. ) ;
#3504 = CARTESIAN_POINT ( 'NONE',  ( 7.574268787595751284, 13.53846501909159272, -0.6946883107300255711 ) ) ;
#3505 = CARTESIAN_POINT ( 'NONE',  ( -3.067010131899512881, 35.10418933778084494, 7.562280917815527026 ) ) ;
#3506 = CARTESIAN_POINT ( 'NONE',  ( 7.825167379124001954, 13.78936361061983540, 0.5686945698679131134 ) ) ;
#3507 = CARTESIAN_POINT ( 'NONE',  ( -2.561848729508775069, 35.18338845168479168, 8.275940627827056417 ) ) ;
#3508 = ORIENTED_EDGE ( 'NONE', *, *, #3447, .T. ) ;
#3509 = CARTESIAN_POINT ( 'NONE',  ( -5.337361758047657112, 33.51263824195240204, 2.482226577584783378 ) ) ;
#3510 = CARTESIAN_POINT ( 'NONE',  ( 7.679328286427474559, 24.08354755769079958, -0.8212259669436025034 ) ) ;
#3511 = FACE_OUTER_BOUND ( 'NONE', #403, .T. ) ;
#3512 = DIRECTION ( 'NONE',  ( 0.000000000000000000, 1.000000000000000000, 0.000000000000000000 ) ) ;
#3513 = ORIENTED_EDGE ( 'NONE', *, *, #4295, .F. ) ;
#3514 = PRODUCT_DEFINITION_SHAPE ( 'NONE', 'NONE',  #2916 ) ;
#3515 = CARTESIAN_POINT ( 'NONE',  ( -3.532403729127483683, 36.23452314408486075, 6.717286468493828266 ) ) ;
#3516 = CARTESIAN_POINT ( 'NONE',  ( 7.801522147607276914, 24.23428162089689408, 0.5499894558077635942 ) ) ;
#3517 = CARTESIAN_POINT ( 'NONE',  ( 0.000000000000000000, 0.5000000000000004441, -2.250000000000000000 ) ) ;
#3518 = ADVANCED_FACE ( 'NONE', ( #1863, #2269 ), #3070, .F. ) ;
#3519 = ORIENTED_EDGE ( 'NONE', *, *, #4192, .T. ) ;
#3520 = VERTEX_POINT ( 'NONE', #4705 ) ;
#3521 = CARTESIAN_POINT ( 'NONE',  ( 3.206185007482219795, 36.18414199417976107, 6.972072838148217322 ) ) ;
#3522 = CARTESIAN_POINT ( 'NONE',  ( 0.000000000000000000, 45.50000000000000000, -1.750000000000001554 ) ) ;
#3523 = ORIENTED_EDGE ( 'NONE', *, *, #1933, .F. ) ;
#3524 = DIRECTION ( 'NONE',  ( 0.000000000000000000, -0.000000000000000000, -1.000000000000000000 ) ) ;
#3525 = DIRECTION ( 'NONE',  ( -0.7071067811865465735, 0.000000000000000000, 0.7071067811865483499 ) ) ;
#3526 = FACE_OUTER_BOUND ( 'NONE', #4611, .T. ) ;
#3527 = CARTESIAN_POINT ( 'NONE',  ( 7.574268787595751284, 13.53846501909158384, 0.6946883107300234617 ) ) ;
#3528 = VECTOR ( 'NONE', #106, 1000.000000000000000 ) ;
#3529 = CARTESIAN_POINT ( 'NONE',  ( -6.089334538834496158, 32.76066546116555855, 1.957109030296207752 ) ) ;
#3530 = ORIENTED_EDGE ( 'NONE', *, *, #2578, .F. ) ;
#3531 = DIRECTION ( 'NONE',  ( 1.000000000000000000, -0.000000000000000000, 1.095509984775996664E-16 ) ) ;
#3532 = AXIS2_PLACEMENT_3D ( 'NONE', #4132, #4609, #1479 ) ;
#3533 = CARTESIAN_POINT ( 'NONE',  ( 7.766478283682441308, 23.94192815326281121, -0.8021921408730987579 ) ) ;
#3534 = EDGE_CURVE ( 'NONE', #2400, #4719, #4567, .T. ) ;
#3535 = EDGE_CURVE ( 'NONE', #3067, #1772, #3937, .T. ) ;
#3536 = DIRECTION ( 'NONE',  ( 0.4999999999999985012, 0.4999999999999988343, 0.7071067811865494601 ) ) ;
#3537 = CARTESIAN_POINT ( 'NONE',  ( 7.926180016713735732, 23.99177262159267343, 0.6333333333333336368 ) ) ;
#3538 = EDGE_LOOP ( 'NONE', ( #2859, #1250, #215 ) ) ;
#3539 = CARTESIAN_POINT ( 'NONE',  ( -3.686450349361484413, 36.53821819892873179, 6.567941382009947482 ) ) ;
#3540 = CARTESIAN_POINT ( 'NONE',  ( -5.978558045193509862, 17.45829783363177512, 2.203409596263514736 ) ) ;
#3541 = VECTOR ( 'NONE', #4739, 1000.000000000000000 ) ;
#3542 = CARTESIAN_POINT ( 'NONE',  ( -11.09999999999999787, 22.25000000000000355, 1.949999999999999956 ) ) ;
#3543 = EDGE_LOOP ( 'NONE', ( #1986, #312, #3090, #922 ) ) ;
#3544 = ORIENTED_EDGE ( 'NONE', *, *, #3712, .F. ) ;
#3545 = VECTOR ( 'NONE', #3689, 1000.000000000000000 ) ;
#3546 = CARTESIAN_POINT ( 'NONE',  ( 3.427531812680712608, 36.44159438546546426, 6.760231334969850181 ) ) ;
#3547 = EDGE_CURVE ( 'NONE', #1482, #2331, #4130, .T. ) ;
#3548 = FACE_OUTER_BOUND ( 'NONE', #1690, .T. ) ;
#3549 = ORIENTED_EDGE ( 'NONE', *, *, #3805, .T. ) ;
#3550 = CARTESIAN_POINT ( 'NONE',  ( -5.623741733210097848, 33.01479052921072110, 2.332799335948362085 ) ) ;
#3551 = LINE ( 'NONE', #1699, #5008 ) ;
#3552 = AXIS2_PLACEMENT_3D ( 'NONE', #2566, #4137, #917 ) ;
#3553 = CARTESIAN_POINT ( 'NONE',  ( 7.606478312876622461, 13.57067454437245324, -0.6701243862825529973 ) ) ;
#3554 = ADVANCED_FACE ( 'NONE', ( #476 ), #399, .F. ) ;
#3555 = CARTESIAN_POINT ( 'NONE',  ( -3.795331102455021810, 36.74543271247686249, 6.479558816998129522 ) ) ;
#3556 = FACE_OUTER_BOUND ( 'NONE', #845, .T. ) ;
#3557 = VECTOR ( 'NONE', #2964, 1000.000000000000000 ) ;
#3558 = CARTESIAN_POINT ( 'NONE',  ( 0.000000000000000000, 58.00000000000000000, 0.000000000000000000 ) ) ;
#3559 = ORIENTED_EDGE ( 'NONE', *, *, #460, .T. ) ;
#3560 = CARTESIAN_POINT ( 'NONE',  ( -5.304927616322767214, 16.56012632739160040, -2.851358605976797023 ) ) ;
#3561 = AXIS2_PLACEMENT_3D ( 'NONE', #2791, #4408, #4022 ) ;
#3562 = CARTESIAN_POINT ( 'NONE',  ( -5.738945814017355929, 32.86118649512324197, -2.267048709222334146 ) ) ;
#3563 = LINE ( 'NONE', #51, #4834 ) ;
#3564 = ORIENTED_EDGE ( 'NONE', *, *, #2071, .F. ) ;
#3565 = VECTOR ( 'NONE', #2586, 1000.000000000000000 ) ;
#3566 = CARTESIAN_POINT ( 'NONE',  ( -3.000000000000000888, 34.54874242152192920, 8.652805661332767073 ) ) ;
#3567 = ORIENTED_EDGE ( 'NONE', *, *, #2270, .T. ) ;
#3568 = EDGE_CURVE ( 'NONE', #4242, #2864, #201, .T. ) ;
#3569 = FACE_OUTER_BOUND ( 'NONE', #3499, .T. ) ;
#3570 = CARTESIAN_POINT ( 'NONE',  ( -5.878527025309685961, 17.32492449715561023, 2.219761944790195063 ) ) ;
#3571 = CARTESIAN_POINT ( 'NONE',  ( -3.759587879109886455, 36.81605385767757355, 6.499400236382324891 ) ) ;
#3572 = EDGE_LOOP ( 'NONE', ( #2280, #4586, #1177, #3178 ) ) ;
#3573 = ORIENTED_EDGE ( 'NONE', *, *, #908, .F. ) ;
#3574 = CARTESIAN_POINT ( 'NONE',  ( -8.499999999999998224, 25.00000000000000000, -1.950000000000007727 ) ) ;
#3575 = DIRECTION ( 'NONE',  ( 0.000000000000000000, 0.000000000000000000, -1.000000000000000000 ) ) ;
#3576 = ORIENTED_EDGE ( 'NONE', *, *, #3088, .T. ) ;
#3577 = PLANE ( 'NONE',  #3068 ) ;
#3578 = CARTESIAN_POINT ( 'NONE',  ( -4.799999999999991829, 0.000000000000000000, 3.867815921162744086 ) ) ;
#3579 = FACE_OUTER_BOUND ( 'NONE', #515, .T. ) ;
#3580 = CARTESIAN_POINT ( 'NONE',  ( 7.622459399525912005, 13.58665563102174012, 0.6300585543260796006 ) ) ;
#3581 = DIRECTION ( 'NONE',  ( 0.000000000000000000, -0.000000000000000000, 1.000000000000000000 ) ) ;
#3582 = EDGE_CURVE ( 'NONE', #1046, #3274, #1386, .T. ) ;
#3583 = ORIENTED_EDGE ( 'NONE', *, *, #4656, .T. ) ;
#3584 = CARTESIAN_POINT ( 'NONE',  ( -5.413124050998965764, 16.70438677647703685, -2.553187874492456100 ) ) ;
#3585 = CARTESIAN_POINT ( 'NONE',  ( 7.657812652593030123, 24.11850819436680382, -0.8293492156360758871 ) ) ;
#3586 = CARTESIAN_POINT ( 'NONE',  ( 3.010379129911175511, 34.85510158572636641, 7.872740301597014323 ) ) ;
#3587 = EDGE_LOOP ( 'NONE', ( #1213, #3612, #4136, #290 ) ) ;
#3588 = CARTESIAN_POINT ( 'NONE',  ( -3.000000000000002220, 34.50987743520714446, 8.930105810404864286 ) ) ;
#3589 = ORIENTED_EDGE ( 'NONE', *, *, #2256, .F. ) ;
#3590 = PLANE ( 'NONE',  #598 ) ;
#3591 = DIRECTION ( 'NONE',  ( 0.000000000000000000, -0.7071067811865479058, -0.7071067811865472397 ) ) ;
#3592 = EDGE_CURVE ( 'NONE', #1679, #4017, #4654, .T. ) ;
#3593 = CARTESIAN_POINT ( 'NONE',  ( -5.300000000000002487, 33.51944992272391488, -2.634839480733499606 ) ) ;
#3594 = ORIENTED_EDGE ( 'NONE', *, *, #797, .F. ) ;
#3595 = ORIENTED_EDGE ( 'NONE', *, *, #2632, .T. ) ;
#3596 = CARTESIAN_POINT ( 'NONE',  ( 3.744860126192028460, 36.78908284538773898, 6.510864310224476093 ) ) ;
#3597 = ADVANCED_FACE ( 'NONE', ( #2810 ), #754, .F. ) ;
#3598 = DIRECTION ( 'NONE',  ( -0.000000000000000000, 1.000000000000000000, -0.000000000000000000 ) ) ;
#3599 = B_SPLINE_CURVE_WITH_KNOTS ( 'NONE', 3,
 ( #3401, #3323, #1831, #2191, #1055, #3762, #1856, #246, #2522, #4955, #3811, #3372, #4976, #268, #4549, #4900, #1369, #3740, #2598, #2213, #4878, #1449, #953, #3013, #1469, #3785, #4574, #4929, #1759, #4092, #2621, #4119, #4196, #4171 ),
 .UNSPECIFIED., .F., .F.,
 ( 4, 2, 2, 2, 2, 2, 2, 1, 2, 2, 2, 1, 2, 2, 1, 1, 2, 2, 4 ),
 ( 0.000000000000000000, 0.2500000000000139888, 0.3750000000000197065, 0.4375000000000208167, 0.5000000000000218714, 0.5625000000000229816, 0.6250000000000242029, 0.6875000000000253131, 0.7187500000000237588, 0.7500000000000222045, 0.8125000000000237588, 0.8437500000000225375, 0.8593750000000219824, 0.8750000000000214273, 0.9062500000000202061, 0.9218750000000210942, 0.9296875000000220934, 0.9375000000000229816, 1.000000000000000000 ),
 .UNSPECIFIED. ) ;
#3600 = EDGE_LOOP ( 'NONE', ( #2036, #2637, #3456, #2533 ) ) ;
#3601 = FACE_OUTER_BOUND ( 'NONE', #4944, .T. ) ;
#3602 = DIRECTION ( 'NONE',  ( 1.000000000000000000, 0.000000000000000000, 0.000000000000000000 ) ) ;
#3603 = CARTESIAN_POINT ( 'NONE',  ( -3.000000000000001776, 34.72923556460598604, 8.076141003662902662 ) ) ;
#3604 = CARTESIAN_POINT ( 'NONE',  ( 7.416012954765317744, 13.48856511951027848, 1.118120415087964226 ) ) ;
#3605 = CARTESIAN_POINT ( 'NONE',  ( -2.532407633492933297, 35.05421957861891258, 8.675325571497017663 ) ) ;
#3606 = VERTEX_POINT ( 'NONE', #3890 ) ;
#3607 = EDGE_LOOP ( 'NONE', ( #1162, #3226, #3850, #1192, #3034, #33 ) ) ;
#3608 = CARTESIAN_POINT ( 'NONE',  ( -5.821310026171927277, 17.24863508018004410, -2.235624422258227995 ) ) ;
#3609 = CARTESIAN_POINT ( 'NONE',  ( -5.844563393347058877, 32.72036078678711846, -2.228570591432773362 ) ) ;
#3610 = ADVANCED_FACE ( 'NONE', ( #1940 ), #5057, .F. ) ;
#3611 = CARTESIAN_POINT ( 'NONE',  ( 3.072329606974384397, 35.12197340641017007, 7.542604028492526425 ) ) ;
#3612 = ORIENTED_EDGE ( 'NONE', *, *, #1878, .F. ) ;
#3613 = CARTESIAN_POINT ( 'NONE',  ( 0.000000000000000000, 45.50000000000000000, -1.750000000000001554 ) ) ;
#3614 = VECTOR ( 'NONE', #595, 1000.000000000000000 ) ;
#3615 = DIRECTION ( 'NONE',  ( 1.000000000000000000, 0.000000000000000000, 0.000000000000000000 ) ) ;
#3616 = CARTESIAN_POINT ( 'NONE',  ( -5.978181812626640834, 17.45779605506822918, 2.203444545153824485 ) ) ;
#3617 = ADVANCED_FACE ( 'NONE', ( #3114 ), #1987, .T. ) ;
#3618 = DIRECTION ( 'NONE',  ( 0.000000000000000000, -0.000000000000000000, -1.000000000000000000 ) ) ;
#3619 = AXIS2_PLACEMENT_3D ( 'NONE', #148, #1624, #119 ) ;
#3620 = VERTEX_POINT ( 'NONE', #2343 ) ;
#3621 = ORIENTED_EDGE ( 'NONE', *, *, #2506, .T. ) ;
#3622 = DIRECTION ( 'NONE',  ( 0.000000000000000000, 1.000000000000000000, 0.000000000000000000 ) ) ;
#3623 = FACE_BOUND ( 'NONE', #1990, .T. ) ;
#3624 = CONICAL_SURFACE ( 'NONE', #2064, 7.000000000000032863, 0.7853981633974405074 ) ;
#3625 = EDGE_LOOP ( 'NONE', ( #3127, #739, #2366, #4262 ) ) ;
#3626 = CARTESIAN_POINT ( 'NONE',  ( 2.499999999999991562, 35.00000000000000000, 9.165151389911681434 ) ) ;
#3627 = EDGE_CURVE ( 'NONE', #4825, #4568, #21, .T. ) ;
#3628 = AXIS2_PLACEMENT_3D ( 'NONE', #493, #3165, #4008 ) ;
#3629 = CARTESIAN_POINT ( 'NONE',  ( 0.000000000000000000, 0.000000000000000000, -0.8000000000000000444 ) ) ;
#3630 = DIRECTION ( 'NONE',  ( -0.7071067811865480168, -0.5000000000000002220, -0.4999999999999993339 ) ) ;
#3631 = CARTESIAN_POINT ( 'NONE',  ( 10.28580376850417366, 16.60355339059327306, 0.8000000000000000444 ) ) ;
#3632 = EDGE_LOOP ( 'NONE', ( #1271, #3779 ) ) ;
#3633 = EDGE_LOOP ( 'NONE', ( #2268, #2499 ) ) ;
#3634 = LINE ( 'NONE', #125, #2401 ) ;
#3635 = LINE ( 'NONE', #1372, #1842 ) ;
#3636 = VECTOR ( 'NONE', #3786, 1000.000000000000000 ) ;
#3637 = CARTESIAN_POINT ( 'NONE',  ( 3.884466576794035397, 36.89105406714013924, 6.417725303838284212 ) ) ;
#3638 = EDGE_LOOP ( 'NONE', ( #1215, #2794, #3829, #5027 ) ) ;
#3639 = DIRECTION ( 'NONE',  ( -1.095509984775996171E-16, 0.000000000000000000, 1.000000000000000000 ) ) ;
#3640 = VERTEX_POINT ( 'NONE', #1627 ) ;
#3641 = EDGE_CURVE ( 'NONE', #1487, #1482, #73, .T. ) ;
#3642 = PLANE ( 'NONE',  #4855 ) ;
#3643 = CARTESIAN_POINT ( 'NONE',  ( -5.980724553261328680, 17.46118697231638706, 2.203205452391931551 ) ) ;
#3644 = CARTESIAN_POINT ( 'NONE',  ( 2.999999999999999112, 34.51957302478477629, 8.791980355386744606 ) ) ;
#3645 = AXIS2_PLACEMENT_3D ( 'NONE', #2704, #3822, #4986 ) ;
#3646 = ORIENTED_EDGE ( 'NONE', *, *, #4578, .T. ) ;
#3647 = EDGE_LOOP ( 'NONE', ( #791, #4653, #2564 ) ) ;
#3648 = EDGE_CURVE ( 'NONE', #956, #4184, #3093, .T. ) ;
#3649 = CARTESIAN_POINT ( 'NONE',  ( 2.081899558550466507E-16, 45.50000000000000000, 1.699999999999972200 ) ) ;
#3650 = AXIS2_PLACEMENT_3D ( 'NONE', #2120, #1013, #4480 ) ;
#3651 = CARTESIAN_POINT ( 'NONE',  ( 2.500000000000003997, 30.00000000000000355, 15.00000000000000355 ) ) ;
#3652 = DIRECTION ( 'NONE',  ( 0.000000000000000000, 0.7071067811865475727, -0.7071067811865475727 ) ) ;
#3653 = ORIENTED_EDGE ( 'NONE', *, *, #4573, .F. ) ;
#3654 = CARTESIAN_POINT ( 'NONE',  ( -5.299999999999998934, 33.44644660940677738, 2.949999999999999734 ) ) ;
#3655 = LINE ( 'NONE', #4368, #1003 ) ;
#3656 = AXIS2_PLACEMENT_3D ( 'NONE', #1656, #1163, #885 ) ;
#3657 = CARTESIAN_POINT ( 'NONE',  ( -3.834514180551868989, 36.90389549811483505, 6.448345651070830797 ) ) ;
#3658 = CYLINDRICAL_SURFACE ( 'NONE', #3452, 1.199999999999999956 ) ;
#3659 = ADVANCED_FACE ( 'NONE', ( #4071 ), #3803, .T. ) ;
#3660 = CARTESIAN_POINT ( 'NONE',  ( -2.548062734971773935, 35.11429893984034578, 8.458039290617607620 ) ) ;
#3661 = ORIENTED_EDGE ( 'NONE', *, *, #4921, .F. ) ;
#3662 = CARTESIAN_POINT ( 'NONE',  ( -5.652483746189859382, 17.02353270910960248, -2.313594542128272646 ) ) ;
#3663 = DIRECTION ( 'NONE',  ( -1.095509984775996294E-16, 0.000000000000000000, 1.000000000000000000 ) ) ;
#3664 = CARTESIAN_POINT ( 'NONE',  ( 3.836569453490803472, 36.80643811732914372, 6.450829391220534781 ) ) ;
#3665 = CARTESIAN_POINT ( 'NONE',  ( -3.784895887889720534, 36.84479582785321838, 6.481901321646136083 ) ) ;
#3666 = ORIENTED_EDGE ( 'NONE', *, *, #4514, .F. ) ;
#3667 = DIRECTION ( 'NONE',  ( 1.000000000000000000, -0.000000000000000000, 1.095509984775996664E-16 ) ) ;
#3668 = DIRECTION ( 'NONE',  ( -0.000000000000000000, -0.000000000000000000, -1.000000000000000000 ) ) ;
#3669 = FACE_OUTER_BOUND ( 'NONE', #3587, .T. ) ;
#3670 = DIRECTION ( 'NONE',  ( 1.000000000000000000, 0.000000000000000000, 0.000000000000000000 ) ) ;
#3671 = PRODUCT_RELATED_PRODUCT_CATEGORY ( 'part', '', ( #4168 ) ) ;
#3672 = CARTESIAN_POINT ( 'NONE',  ( 2.755455298081544285E-16, 49.00000000000001421, -2.250000000000000000 ) ) ;
#3673 = ORIENTED_EDGE ( 'NONE', *, *, #3547, .T. ) ;
#3674 = CARTESIAN_POINT ( 'NONE',  ( -6.049999999999998934, 32.44644660940678449, 2.200000000000000178 ) ) ;
#3675 = CARTESIAN_POINT ( 'NONE',  ( 2.999999999999997780, 1.249999999999992450, 15.00000000000000355 ) ) ;
#3676 = B_SPLINE_CURVE_WITH_KNOTS ( 'NONE', 1,
 ( #4015, #2966 ),
 .UNSPECIFIED., .F., .F.,
 ( 2, 2 ),
 ( 0.000000000000000000, 1.000000000000000000 ),
 .UNSPECIFIED. ) ;
#3677 = EDGE_CURVE ( 'NONE', #3026, #2976, #4853, .T. ) ;
#3678 = FACE_OUTER_BOUND ( 'NONE', #3004, .T. ) ;
#3679 = ORIENTED_EDGE ( 'NONE', *, *, #1766, .T. ) ;
#3680 = CARTESIAN_POINT ( 'NONE',  ( 5.751776695296576314, 5.751776695296508812, 2.200000000000000178 ) ) ;
#3681 = CARTESIAN_POINT ( 'NONE',  ( 2.561746776189619101, 35.18282364263961171, 8.277257150355994852 ) ) ;
#3682 = CARTESIAN_POINT ( 'NONE',  ( -2.749073941326596771, 35.58003473458563093, 7.607057655665196094 ) ) ;
#3683 = DIRECTION ( 'NONE',  ( 0.000000000000000000, 0.000000000000000000, -1.000000000000000000 ) ) ;
#3684 = CARTESIAN_POINT ( 'NONE',  ( 0.000000000000000000, 58.00000000000000000, 0.000000000000000000 ) ) ;
#3685 = ORIENTED_EDGE ( 'NONE', *, *, #2639, .F. ) ;
#3686 = CARTESIAN_POINT ( 'NONE',  ( -6.017275736742476511, 17.50992103958319035, -2.200000000000000622 ) ) ;
#3687 = CYLINDRICAL_SURFACE ( 'NONE', #4867, 0.7499999999999997780 ) ;
#3688 = CARTESIAN_POINT ( 'NONE',  ( 3.189450362217485235, 35.46007870507781945, 7.228032456952806051 ) ) ;
#3689 = DIRECTION ( 'NONE',  ( 1.095509984775996541E-16, 0.000000000000000000, -1.000000000000000000 ) ) ;
#3690 = EDGE_LOOP ( 'NONE', ( #2054, #2594, #580, #1955 ) ) ;
#3691 = CARTESIAN_POINT ( 'NONE',  ( 4.531193156845201271E-16, 49.50000000000000000, -3.699999999999994849 ) ) ;
#3692 = EDGE_CURVE ( 'NONE', #3899, #3640, #174, .T. ) ;
#3693 = DIRECTION ( 'NONE',  ( 0.000000000000000000, 0.000000000000000000, 1.000000000000000000 ) ) ;
#3694 = CARTESIAN_POINT ( 'NONE',  ( 0.000000000000000000, 57.49999999999998579, 0.000000000000000000 ) ) ;
#3695 = LINE ( 'NONE', #4462, #3528 ) ;
#3696 = AXIS2_PLACEMENT_3D ( 'NONE', #974, #3735, #222 ) ;
#3697 = ORIENTED_EDGE ( 'NONE', *, *, #966, .F. ) ;
#3698 = ORIENTED_EDGE ( 'NONE', *, *, #2437, .T. ) ;
#3699 = CARTESIAN_POINT ( 'NONE',  ( -5.586435849234789863, 16.73643584923472716, -2.175581205325056278 ) ) ;
#3700 = CARTESIAN_POINT ( 'NONE',  ( -5.573145237345913827, 16.91774704038776278, -2.368823500228160572 ) ) ;
#3701 = VECTOR ( 'NONE', #2111, 1000.000000000000000 ) ;
#3702 = LINE ( 'NONE', #190, #3863 ) ;
#3703 = ORIENTED_EDGE ( 'NONE', *, *, #302, .F. ) ;
#3704 = DIRECTION ( 'NONE',  ( -1.095509984775996541E-16, 0.000000000000000000, 1.000000000000000000 ) ) ;
#3705 = AXIS2_PLACEMENT_3D ( 'NONE', #4141, #4489, #3392 ) ;
#3706 = CARTESIAN_POINT ( 'NONE',  ( 3.841824932252120295, 36.89104441625077868, 6.444670507789830083 ) ) ;
#3707 = EDGE_CURVE ( 'NONE', #2175, #398, #1498, .T. ) ;
#3708 = DIRECTION ( 'NONE',  ( 0.000000000000000000, 1.000000000000000000, -0.000000000000000000 ) ) ;
#3709 = CARTESIAN_POINT ( 'NONE',  ( -5.831321546191027494, 16.98132154619097989, 2.010571795376300930 ) ) ;
#3710 = LINE ( 'NONE', #2936, #1327 ) ;
#3711 = ORIENTED_EDGE ( 'NONE', *, *, #1584, .F. ) ;
#3712 = EDGE_CURVE ( 'NONE', #2371, #221, #3222, .T. ) ;
#3713 = CARTESIAN_POINT ( 'NONE',  ( -5.503002216498169119, 16.82422365692836053, -2.436337607172847086 ) ) ;
#3714 = FACE_OUTER_BOUND ( 'NONE', #2611, .T. ) ;
#3715 = CARTESIAN_POINT ( 'NONE',  ( -5.243657105274706076, 16.39365710527464159, 2.754555133482510243 ) ) ;
#3716 = VECTOR ( 'NONE', #1746, 1000.000000000000000 ) ;
#3717 = CARTESIAN_POINT ( 'NONE',  ( -3.715964643799368528, 36.76740795459540578, 6.530328057690862664 ) ) ;
#3718 = B_SPLINE_CURVE_WITH_KNOTS ( 'NONE', 3,
 ( #1355, #135, #4102, #3723 ),
 .UNSPECIFIED., .F., .F.,
 ( 4, 4 ),
 ( 0.000000000000000000, 1.000000000000000000 ),
 .UNSPECIFIED. ) ;
#3719 = VERTEX_POINT ( 'NONE', #2138 ) ;
#3720 = DIRECTION ( 'NONE',  ( 8.659560562354979697E-17, 0.7071067811865439090, -0.7071067811865512365 ) ) ;
#3721 = CARTESIAN_POINT ( 'NONE',  ( 7.741005544915368297, 23.98332183558204278, 0.8056926625592562008 ) ) ;
#3722 = AXIS2_PLACEMENT_3D ( 'NONE', #553, #4475, #4880 ) ;
#3723 = CARTESIAN_POINT ( 'NONE',  ( 7.499999999999996447, 24.53580376850417366, 0.7673672027782316718 ) ) ;
#3724 = FACE_OUTER_BOUND ( 'NONE', #3747, .T. ) ;
#3725 = ADVANCED_FACE ( 'NONE', ( #1266 ), #2471, .F. ) ;
#3726 = AXIS2_PLACEMENT_3D ( 'NONE', #3730, #1823, #1775 ) ;
#3727 = DIRECTION ( 'NONE',  ( 0.7071067811865474617, -0.7071067811865474617, 0.000000000000000000 ) ) ;
#3728 = ORIENTED_EDGE ( 'NONE', *, *, #4742, .F. ) ;
#3729 = DIRECTION ( 'NONE',  ( 0.000000000000000000, -1.000000000000000000, 0.000000000000000000 ) ) ;
#3730 = CARTESIAN_POINT ( 'NONE',  ( -8.499999999999998224, 25.00000000000000000, 1.950000000000002620 ) ) ;
#3731 = LINE ( 'NONE', #948, #3208 ) ;
#3732 = ORIENTED_EDGE ( 'NONE', *, *, #696, .F. ) ;
#3733 = AXIS2_PLACEMENT_3D ( 'NONE', #1790, #2865, #1709 ) ;
#3735 = DIRECTION ( 'NONE',  ( -0.000000000000000000, 1.000000000000000000, -0.000000000000000000 ) ) ;
#3734 = VECTOR ( 'NONE', #343, 1000.000000000000227 ) ;
#3736 = CARTESIAN_POINT ( 'NONE',  ( 3.008374511036358001, 34.85353549561992992, 7.870472490364909923 ) ) ;
#3737 = CARTESIAN_POINT ( 'NONE',  ( -2.793988622106832853, 35.64790724423472312, 7.521606443699290878 ) ) ;
#3738 = CIRCLE ( 'NONE', #1675, 1.649999999999991696 ) ;
#3739 = CARTESIAN_POINT ( 'NONE',  ( 2.499999999999991562, 35.00000000000000000, 9.013878188659973034 ) ) ;
#3740 = CARTESIAN_POINT ( 'NONE',  ( 7.664513030606176613, 13.89237791298878832, 0.8267109292732633952 ) ) ;
#3741 = ORIENTED_EDGE ( 'NONE', *, *, #3168, .T. ) ;
#3742 = DIRECTION ( 'NONE',  ( -0.000000000000000000, -0.000000000000000000, -1.000000000000000000 ) ) ;
#3743 = DIRECTION ( 'NONE',  ( -0.000000000000000000, -1.000000000000000000, -0.000000000000000000 ) ) ;
#3744 = CYLINDRICAL_SURFACE ( 'NONE', #2222, 2.999999999999999112 ) ;
#3745 = EDGE_CURVE ( 'NONE', #1951, #4632, #3634, .T. ) ;
#3746 = CARTESIAN_POINT ( 'NONE',  ( -3.629511315183252762, 36.67174695449451605, 6.594233988219863285 ) ) ;
#3747 = EDGE_LOOP ( 'NONE', ( #3252, #2302, #4730, #4352 ) ) ;
#3748 = CARTESIAN_POINT ( 'NONE',  ( -3.158874811044551034, 3.158874811044551034, -0.8000000000000000444 ) ) ;
#3749 = CARTESIAN_POINT ( 'NONE',  ( -2.090764221029006836E-15, 33.25000000000000000, 18.25000000000001066 ) ) ;
#3750 = DIRECTION ( 'NONE',  ( -1.095509984775996541E-16, 1.156482317317871971E-16, 1.000000000000000000 ) ) ;
#3751 = ORIENTED_EDGE ( 'NONE', *, *, #3641, .T. ) ;
#3752 = ORIENTED_EDGE ( 'NONE', *, *, #2151, .F. ) ;
#3753 = DIRECTION ( 'NONE',  ( 0.7071067811865521247, -0.7071067811865430208, 7.746425390926835809E-17 ) ) ;
#3754 = CARTESIAN_POINT ( 'NONE',  ( -5.312660307497266921, 16.57043380058956927, -2.803416350005042634 ) ) ;
#3755 = EDGE_CURVE ( 'NONE', #4120, #4556, #2156, .T. ) ;
#3756 = DIRECTION ( 'NONE',  ( -0.7071067811865430208, -0.7071067811865521247, 0.000000000000000000 ) ) ;
#3757 = ORIENTED_EDGE ( 'NONE', *, *, #4695, .T. ) ;
#3758 = CARTESIAN_POINT ( 'NONE',  ( -3.000000000000002665, 0.5000000000000073275, 18.24999999999999645 ) ) ;
#3759 = CARTESIAN_POINT ( 'NONE',  ( 3.389218012265758251, 35.93045433531186461, 6.891582894165254380 ) ) ;
#3760 = ADVANCED_FACE ( 'NONE', ( #904 ), #1704, .T. ) ;
#3761 = CARTESIAN_POINT ( 'NONE',  ( -5.304486314241670719, 33.54551368575839376, -2.557440097389418465 ) ) ;
#3762 = CARTESIAN_POINT ( 'NONE',  ( 7.505653172448815802, 13.63423106490867553, 0.9382384126414894387 ) ) ;
#3763 = CARTESIAN_POINT ( 'NONE',  ( -2.666666666666663410, 34.83333333333333570, 9.165151389911683211 ) ) ;
#3764 = LINE ( 'NONE', #3016, #2821 ) ;
#3765 = CARTESIAN_POINT ( 'NONE',  ( 7.458557463935232335, 13.46419623149582634, -0.8663903094551003159 ) ) ;
#3766 = CARTESIAN_POINT ( 'NONE',  ( -3.561944076388066982, 36.59679679736505875, 6.646670990615567653 ) ) ;
#3767 = EDGE_LOOP ( 'NONE', ( #4874, #347, #1540, #4310 ) ) ;
#3768 = DIRECTION ( 'NONE',  ( 0.000000000000000000, 0.000000000000000000, -1.000000000000000000 ) ) ;
#3769 = CARTESIAN_POINT ( 'NONE',  ( 7.766387199388456786, 14.05792333947598571, -0.8021509347586991412 ) ) ;
#3770 = EDGE_CURVE ( 'NONE', #1143, #2427, #4533, .T. ) ;
#3771 = DIRECTION ( 'NONE',  ( 0.000000000000000000, 0.000000000000000000, 1.000000000000000000 ) ) ;
#3772 = FACE_OUTER_BOUND ( 'NONE', #3354, .T. ) ;
#3773 = DIRECTION ( 'NONE',  ( 0.000000000000000000, 0.000000000000000000, 1.000000000000000000 ) ) ;
#3774 = ORIENTED_EDGE ( 'NONE', *, *, #4901, .T. ) ;
#3775 = CARTESIAN_POINT ( 'NONE',  ( 7.639703178003095729, 24.14793826772837804, -0.8364323623385885309 ) ) ;
#3776 = EDGE_CURVE ( 'NONE', #10, #3620, #2239, .T. ) ;
#3777 = FACE_OUTER_BOUND ( 'NONE', #1402, .T. ) ;
#3778 = LINE ( 'NONE', #2873, #4353 ) ;
#3779 = ORIENTED_EDGE ( 'NONE', *, *, #1677, .T. ) ;
#3780 = DIRECTION ( 'NONE',  ( 1.156482317317871478E-16, 0.000000000000000000, -1.000000000000000000 ) ) ;
#3781 = CARTESIAN_POINT ( 'NONE',  ( 3.387384214450726905, 36.39612101807663436, 6.795504456739653421 ) ) ;
#3782 = VECTOR ( 'NONE', #2932, 1000.000000000000000 ) ;
#3783 = CARTESIAN_POINT ( 'NONE',  ( -7.100000000000000533, 25.00000000000000000, 1.950000000000002620 ) ) ;
#3784 = VECTOR ( 'NONE', #959, 1000.000000000000000 ) ;
#3785 = CARTESIAN_POINT ( 'NONE',  ( 7.742948414739204921, 14.01983517718825745, 0.8053445594665418206 ) ) ;
#3786 = DIRECTION ( 'NONE',  ( -1.095509984775996541E-16, 0.000000000000000000, 1.000000000000000000 ) ) ;
#3787 = CIRCLE ( 'NONE', #1485, 2.999999999999999112 ) ;
#3788 = FACE_OUTER_BOUND ( 'NONE', #5014, .T. ) ;
#3789 = CARTESIAN_POINT ( 'NONE',  ( -5.324508716074085157, 16.58623167869199477, 2.752974657663906477 ) ) ;
#3790 = CYLINDRICAL_SURFACE ( 'NONE', #3047, 1.399999999999998579 ) ;
#3791 = ORIENTED_EDGE ( 'NONE', *, *, #1946, .F. ) ;
#3792 = AXIS2_PLACEMENT_3D ( 'NONE', #2604, #4176, #656 ) ;
#3793 = DIRECTION ( 'NONE',  ( 0.5000000000000039968, 0.4999999999999980016, 0.7071067811865462405 ) ) ;
#3794 = CARTESIAN_POINT ( 'NONE',  ( 7.557068647767400726, 24.28221740177766463, 0.8885264425895700313 ) ) ;
#3795 = CARTESIAN_POINT ( 'NONE',  ( -3.000000000000001332, 0.5000000000000073275, 8.076141003662902662 ) ) ;
#3796 = CARTESIAN_POINT ( 'NONE',  ( -3.853441333958242954, 36.92525028932207931, 6.435895356064497363 ) ) ;
#3797 = EDGE_CURVE ( 'NONE', #1337, #3067, #2568, .T. ) ;
#3798 = CARTESIAN_POINT ( 'NONE',  ( -2.300000000000001599, 58.00000000000000000, -3.867815921162742310 ) ) ;
#3799 = EDGE_LOOP ( 'NONE', ( #4362, #3158, #2011, #3573 ) ) ;
#3800 = AXIS2_PLACEMENT_3D ( 'NONE', #1618, #488, #869 ) ;
#3801 = CARTESIAN_POINT ( 'NONE',  ( -3.002626442726568090, 34.79923311949490028, 7.955258677455743666 ) ) ;
#3802 = DIRECTION ( 'NONE',  ( -1.095509984775996541E-16, 0.000000000000000000, 1.000000000000000000 ) ) ;
#3803 = CONICAL_SURFACE ( 'NONE', #3722, 7.000000000000032863, 0.7853981633974405074 ) ;
#3804 = CARTESIAN_POINT ( 'NONE',  ( 16.01790188425208328, 16.01790188425209394, 0.8000000000000000444 ) ) ;
#3805 = EDGE_CURVE ( 'NONE', #3079, #487, #1451, .T. ) ;
#3806 = ORIENTED_EDGE ( 'NONE', *, *, #2826, .T. ) ;
#3807 = CARTESIAN_POINT ( 'NONE',  ( 2.609639457592502154, 35.32726658593062297, 7.987895090048708013 ) ) ;
#3808 = AXIS2_PLACEMENT_3D ( 'NONE', #30, #434, #888 ) ;
#3809 = CARTESIAN_POINT ( 'NONE',  ( -5.763064854758473743, 33.08693514524158985, -2.061352627281777039 ) ) ;
#3810 = AXIS2_PLACEMENT_3D ( 'NONE', #248, #296, #2215 ) ;
#3811 = CARTESIAN_POINT ( 'NONE',  ( 7.565547186276796232, 13.73156270049741856, 0.8818856490988783436 ) ) ;
#3812 = LINE ( 'NONE', #3835, #3557 ) ;
#3813 = VECTOR ( 'NONE', #2058, 999.9999999999998863 ) ;
#3814 = CARTESIAN_POINT ( 'NONE',  ( 10.28580376850417366, 21.39644660940672338, -0.8000000000000000444 ) ) ;
#3815 = EDGE_CURVE ( 'NONE', #3026, #4405, #678, .T. ) ;
#3816 = CARTESIAN_POINT ( 'NONE',  ( -5.259454983417842122, 16.40945498341778475, 2.687299543487198683 ) ) ;
#3817 = CARTESIAN_POINT ( 'NONE',  ( -3.428037359487992486, 36.44591815569131654, 6.758599010907698990 ) ) ;
#3818 = ORIENTED_EDGE ( 'NONE', *, *, #3056, .F. ) ;
#3819 = CARTESIAN_POINT ( 'NONE',  ( -5.299999999999999822, 33.51999854522684785, 2.634534871016744884 ) ) ;
#3820 = ORIENTED_EDGE ( 'NONE', *, *, #4390, .T. ) ;
#3821 = CARTESIAN_POINT ( 'NONE',  ( 7.793568988836549138, 14.10209784012027967, -0.8002287293037296800 ) ) ;
#3822 = DIRECTION ( 'NONE',  ( 1.000000000000000000, -0.000000000000000000, 1.095509984775996418E-16 ) ) ;
#3823 = DIRECTION ( 'NONE',  ( -0.000000000000000000, -1.000000000000000000, -0.000000000000000000 ) ) ;
#3824 = DIRECTION ( 'NONE',  ( -0.7071067811865433539, -0.7071067811865516806, 0.000000000000000000 ) ) ;
#3825 = ORIENTED_EDGE ( 'NONE', *, *, #2694, .F. ) ;
#3826 = CARTESIAN_POINT ( 'NONE',  ( -3.009219201375209707, 34.84803621998569412, 7.882800039120861690 ) ) ;
#3827 = CARTESIAN_POINT ( 'NONE',  ( 7.499999999999996447, 24.53580376850417366, 0.7673672027782316718 ) ) ;
#3828 = DIRECTION ( 'NONE',  ( 0.000000000000000000, 1.000000000000000000, 0.000000000000000000 ) ) ;
#3829 = ORIENTED_EDGE ( 'NONE', *, *, #2300, .F. ) ;
#3830 = ORIENTED_EDGE ( 'NONE', *, *, #489, .T. ) ;
#3831 = CARTESIAN_POINT ( 'NONE',  ( 2.839581473616939356, 35.71146743196377571, 7.447369039175646854 ) ) ;
#3832 = EDGE_CURVE ( 'NONE', #2407, #1950, #4286, .T. ) ;
#3833 = CARTESIAN_POINT ( 'NONE',  ( -3.000000000000001332, 34.52012022797566004, 8.788525553450615035 ) ) ;
#3834 = ORIENTED_EDGE ( 'NONE', *, *, #3294, .F. ) ;
#3835 = CARTESIAN_POINT ( 'NONE',  ( 2.999999999999997335, 35.00000000000000000, 18.75000000000000355 ) ) ;
#3836 = CARTESIAN_POINT ( 'NONE',  ( 7.416012954765317744, 24.51143488048977304, 1.118120415087963559 ) ) ;
#3837 = CARTESIAN_POINT ( 'NONE',  ( 7.985105581812614872, 13.94930181330844832, 0.5499999999999997113 ) ) ;
#3838 = CARTESIAN_POINT ( 'NONE',  ( 2.499999999999991118, 0.000000000000000000, 8.077747210701753389 ) ) ;
#3839 = ORIENTED_EDGE ( 'NONE', *, *, #1806, .T. ) ;
#3840 = CARTESIAN_POINT ( 'NONE',  ( 7.774550279273572784, 14.07118837602036798, -0.8014254245661258658 ) ) ;
#3841 = DIRECTION ( 'NONE',  ( 0.7071067811865433539, 0.7071067811865516806, 0.000000000000000000 ) ) ;
#3842 = CARTESIAN_POINT ( 'NONE',  ( 2.999999999999997780, 26.25606379523529199, 14.78682942357819208 ) ) ;
#3843 = FACE_OUTER_BOUND ( 'NONE', #4474, .T. ) ;
#3844 = EDGE_CURVE ( 'NONE', #1679, #672, #1470, .T. ) ;
#3845 = ORIENTED_EDGE ( 'NONE', *, *, #3770, .T. ) ;
#3846 = CARTESIAN_POINT ( 'NONE',  ( 7.786229018831599902, 24.24957474967257198, -0.5798589777391920386 ) ) ;
#3847 = CARTESIAN_POINT ( 'NONE',  ( 13.45282481409798514, 15.29173032118729481, -2.367021045593834305 ) ) ;
#3848 = CARTESIAN_POINT ( 'NONE',  ( -3.882069375532508637, 36.91989711595889645, 6.417603850263696508 ) ) ;
#3849 = ORIENTED_EDGE ( 'NONE', *, *, #1445, .T. ) ;
#3850 = ORIENTED_EDGE ( 'NONE', *, *, #1393, .T. ) ;
#3851 = LINE ( 'NONE', #3055, #2565 ) ;
#3852 = CARTESIAN_POINT ( 'NONE',  ( -5.657132940464317805, 32.97026935545435578, -2.309053775980605572 ) ) ;
#3853 = VERTEX_POINT ( 'NONE', #247 ) ;
#3854 = ADVANCED_FACE ( 'NONE', ( #269 ), #3402, .F. ) ;
#3855 = VECTOR ( 'NONE', #4190, 1000.000000000000000 ) ;
#3856 = DIRECTION ( 'NONE',  ( 0.000000000000000000, 0.000000000000000000, 1.000000000000000000 ) ) ;
#3857 = FACE_OUTER_BOUND ( 'NONE', #1911, .T. ) ;
#3858 = AXIS2_PLACEMENT_3D ( 'NONE', #4657, #24, #4635 ) ;
#3859 = CARTESIAN_POINT ( 'NONE',  ( 7.685943309287842418, 13.92720194560938296, 0.8183747555353455549 ) ) ;
#3860 = CARTESIAN_POINT ( 'NONE',  ( -5.590970345067695746, 33.25902965493236962, 2.175098000320928371 ) ) ;
#3861 = EDGE_CURVE ( 'NONE', #3235, #4322, #2676, .T. ) ;
#3862 = ORIENTED_EDGE ( 'NONE', *, *, #4967, .F. ) ;
#3863 = VECTOR ( 'NONE', #1749, 1000.000000000000000 ) ;
#3864 = CARTESIAN_POINT ( 'NONE',  ( 7.625147690471709261, 24.17158422707445808, 0.8442130642825442788 ) ) ;
#3865 = CARTESIAN_POINT ( 'NONE',  ( 7.556449483838350467, 24.28322521144875878, -0.8890577213803426693 ) ) ;
#3866 = DIRECTION ( 'NONE',  ( 0.000000000000000000, 0.000000000000000000, -1.000000000000000000 ) ) ;
#3867 = VECTOR ( 'NONE', #551, 1000.000000000000000 ) ;
#3868 = CARTESIAN_POINT ( 'NONE',  ( -2.547309714726411622E-15, 1.750000000000000888, 18.25000000000001066 ) ) ;
#3869 = ORIENTED_EDGE ( 'NONE', *, *, #2146, .F. ) ;
#3870 = CARTESIAN_POINT ( 'NONE',  ( -3.180966392951948940, 35.44028752751408717, 7.243875403527255230 ) ) ;
#3871 = CARTESIAN_POINT ( 'NONE',  ( -10.14999999999999147, 25.00000000000000000, -2.200000000000000178 ) ) ;
#3872 = EDGE_CURVE ( 'NONE', #1962, #4034, #4045, .T. ) ;
#3873 = CARTESIAN_POINT ( 'NONE',  ( 7.434708070950994951, 24.50507760667694157, -0.9903647482273805203 ) ) ;
#3874 = VECTOR ( 'NONE', #2771, 1000.000000000000000 ) ;
#3875 = ORIENTED_EDGE ( 'NONE', *, *, #1776, .F. ) ;
#3876 = ORIENTED_EDGE ( 'NONE', *, *, #3582, .T. ) ;
#3877 = CARTESIAN_POINT ( 'NONE',  ( -6.226776695296638131, 32.62322330470341569, -1.949999999999999956 ) ) ;
#3878 = CIRCLE ( 'NONE', #279, 3.249999999999999556 ) ;
#3879 = CARTESIAN_POINT ( 'NONE',  ( -5.312660307497267809, 33.42956619941043073, -2.803416350005044855 ) ) ;
#3880 = ORIENTED_EDGE ( 'NONE', *, *, #1445, .F. ) ;
#3881 = CONICAL_SURFACE ( 'NONE', #1836, 1.350000000000000533, 0.7853981633974530530 ) ;
#3882 = CARTESIAN_POINT ( 'NONE',  ( 2.143131898507870023E-16, 45.50000000000000000, 1.750000000000001554 ) ) ;
#3883 = CARTESIAN_POINT ( 'NONE',  ( 7.443927980257982746, 13.46419623149582634, -0.9153885648904932504 ) ) ;
#3884 = VECTOR ( 'NONE', #993, 1000.000000000000000 ) ;
#3885 = CIRCLE ( 'NONE', #4140, 7.499999999999998224 ) ;
#3886 = CARTESIAN_POINT ( 'NONE',  ( 7.340551195177839716, 13.30474742667367138, 1.106836546897944418 ) ) ;
#3887 = CARTESIAN_POINT ( 'NONE',  ( -5.302311999700152434, 33.44336394313991434, 3.008844321795883126 ) ) ;
#3888 = ORIENTED_EDGE ( 'NONE', *, *, #366, .T. ) ;
#3889 = VECTOR ( 'NONE', #2541, 1000.000000000000000 ) ;
#3890 = CARTESIAN_POINT ( 'NONE',  ( 2.081899558550466507E-16, 45.50000000000000000, 1.699999999999972200 ) ) ;
#3891 = CARTESIAN_POINT ( 'NONE',  ( 7.664513030592789100, 24.10762208703305021, -0.8267109292782210961 ) ) ;
#3892 = EDGE_CURVE ( 'NONE', #4442, #3923, #3161, .T. ) ;
#3893 = LINE ( 'NONE', #1580, #4513 ) ;
#3894 = CARTESIAN_POINT ( 'NONE',  ( -0.2500000000000184297, 30.00000000000000355, 16.35000000000000497 ) ) ;
#3895 = ORIENTED_EDGE ( 'NONE', *, *, #3185, .F. ) ;
#3896 = PLANE ( 'NONE',  #1905 ) ;
#3897 = LINE ( 'NONE', #2299, #2986 ) ;
#3898 = DIRECTION ( 'NONE',  ( 0.000000000000000000, 0.000000000000000000, -1.000000000000000000 ) ) ;
#3899 = VERTEX_POINT ( 'NONE', #2579 ) ;
#3900 = ORIENTED_EDGE ( 'NONE', *, *, #4495, .F. ) ;
#3901 = CARTESIAN_POINT ( 'NONE',  ( 3.822948724537207799, 36.78229404954699788, 6.460358030981180555 ) ) ;
#3902 = CARTESIAN_POINT ( 'NONE',  ( -3.000000000000001332, 34.65374675806594240, 8.247746701948635462 ) ) ;
#3903 = ORIENTED_EDGE ( 'NONE', *, *, #4224, .F. ) ;
#3904 = CARTESIAN_POINT ( 'NONE',  ( -5.969755820460131979, 32.55343827574573368, 2.204303207358919714 ) ) ;
#3905 = EDGE_CURVE ( 'NONE', #3359, #4556, #4525, .T. ) ;
#3906 = EDGE_CURVE ( 'NONE', #4442, #2747, #3373, .T. ) ;
#3907 = CARTESIAN_POINT ( 'NONE',  ( 7.409659000787005567, 13.47823994429552030, -1.167406715218564095 ) ) ;
#3908 = DIRECTION ( 'NONE',  ( 0.000000000000000000, 0.000000000000000000, -1.000000000000000000 ) ) ;
#3909 = CARTESIAN_POINT ( 'NONE',  ( 0.000000000000000000, 48.50000000000000000, 1.699999999999979083 ) ) ;
#3910 = CARTESIAN_POINT ( 'NONE',  ( -5.300000000000000711, 58.00000000000000000, -3.867815921162741866 ) ) ;
#3911 = ORIENTED_EDGE ( 'NONE', *, *, #3892, .T. ) ;
#3912 = VERTEX_POINT ( 'NONE', #2652 ) ;
#3913 = CARTESIAN_POINT ( 'NONE',  ( 0.000000000000000000, 48.50000000000000000, 0.000000000000000000 ) ) ;
#3914 = CARTESIAN_POINT ( 'NONE',  ( -5.978558045157878809, 32.54170216641593782, -2.203409596266947101 ) ) ;
#3915 = CARTESIAN_POINT ( 'NONE',  ( 2.832856717972846994, 26.41931417686345895, 14.85995533825237480 ) ) ;
#3916 = CARTESIAN_POINT ( 'NONE',  ( -3.000000000000002220, 34.50123783386560206, 9.071047380933670468 ) ) ;
#3917 = VERTEX_POINT ( 'NONE', #4552 ) ;
#3918 = ADVANCED_FACE ( 'NONE', ( #1034 ), #4861, .T. ) ;
#3919 = CARTESIAN_POINT ( 'NONE',  ( -3.000000000000002665, 34.49999999999999289, 18.75000000000000355 ) ) ;
#3920 = DIRECTION ( 'NONE',  ( 0.7071067811865516806, -0.7071067811865433539, 0.000000000000000000 ) ) ;
#3921 = CARTESIAN_POINT ( 'NONE',  ( -15.41219158730642214, 26.75000000000000355, 15.00000000000000178 ) ) ;
#3922 = ORIENTED_EDGE ( 'NONE', *, *, #843, .F. ) ;
#3923 = VERTEX_POINT ( 'NONE', #4197 ) ;
#3924 = EDGE_CURVE ( 'NONE', #2583, #2931, #3812, .T. ) ;
#3925 = CARTESIAN_POINT ( 'NONE',  ( 3.675860380162408347, 36.71531418468511276, 6.560781415749760370 ) ) ;
#3926 = CARTESIAN_POINT ( 'NONE',  ( -5.299999999999998934, 16.50547514485127820, 2.695027266388526854 ) ) ;
#3927 = EDGE_LOOP ( 'NONE', ( #1743, #1289, #1868, #4915 ) ) ;
#3928 = CARTESIAN_POINT ( 'NONE',  ( -5.376709232386364334, 33.34415970640066007, 2.618666429353424530 ) ) ;
#3929 = CARTESIAN_POINT ( 'NONE',  ( 2.499999999999990230, 5.000000000000000888, 15.00000000000000355 ) ) ;
#3930 = CARTESIAN_POINT ( 'NONE',  ( 8.572527594031513619E-16, 58.00000000000000000, 7.000000000000032863 ) ) ;
#3931 = CARTESIAN_POINT ( 'NONE',  ( -3.055971421640312879, 35.06487889881560704, 7.605761298703419548 ) ) ;
#3932 = EDGE_CURVE ( 'NONE', #1345, #4753, #319, .T. ) ;
#3933 = AXIS2_PLACEMENT_3D ( 'NONE', #1246, #4053, #2099 ) ;
#3934 = LINE ( 'NONE', #1207, #5003 ) ;
#3935 = ORIENTED_EDGE ( 'NONE', *, *, #1884, .T. ) ;
#3936 = EDGE_LOOP ( 'NONE', ( #4685, #276, #4716, #4884 ) ) ;
#3937 = LINE ( 'NONE', #3991, #2981 ) ;
#3938 = VECTOR ( 'NONE', #731, 1000.000000000000000 ) ;
#3939 = CARTESIAN_POINT ( 'NONE',  ( 7.742948414832199866, 23.98016482265982674, -0.8053445594498802595 ) ) ;
#3940 = CARTESIAN_POINT ( 'NONE',  ( 2.500000000000003997, 26.75000000000000355, 15.00000000000000355 ) ) ;
#3941 = EDGE_LOOP ( 'NONE', ( #2124, #3673 ) ) ;
#3942 = CONICAL_SURFACE ( 'NONE', #506, 1.599999999999998979, 0.7853981633974496113 ) ;
#3943 = FACE_OUTER_BOUND ( 'NONE', #3971, .T. ) ;
#3944 = VERTEX_POINT ( 'NONE', #5002 ) ;
#3945 = CARTESIAN_POINT ( 'NONE',  ( -3.797803353287094730, 36.75011893538048469, 6.477686470192194790 ) ) ;
#3946 = CARTESIAN_POINT ( 'NONE',  ( -5.652801765393395073, 17.02396121030679765, 2.313701938371564903 ) ) ;
#3947 = VECTOR ( 'NONE', #473, 1000.000000000000000 ) ;
#3948 = ADVANCED_FACE ( 'NONE', ( #1495 ), #2903, .F. ) ;
#3949 = CARTESIAN_POINT ( 'NONE',  ( -5.300000000000001599, 33.55000000000006821, -2.950000000000000622 ) ) ;
#3950 = EDGE_LOOP ( 'NONE', ( #3464, #4890, #1992, #1999 ) ) ;
#3951 = ORIENTED_EDGE ( 'NONE', *, *, #2261, .T. ) ;
#3952 = CARTESIAN_POINT ( 'NONE',  ( 3.781814734869188399, 36.82811544225207712, 6.485241384302008250 ) ) ;
#3953 = EDGE_CURVE ( 'NONE', #94, #4303, #4291, .T. ) ;
#3954 = AXIS2_PLACEMENT_3D ( 'NONE', #2154, #2513, #4058 ) ;
#3955 = DIRECTION ( 'NONE',  ( 0.000000000000000000, 0.000000000000000000, -1.000000000000000000 ) ) ;
#3956 = ORIENTED_EDGE ( 'NONE', *, *, #2437, .F. ) ;
#3957 = FACE_OUTER_BOUND ( 'NONE', #1074, .T. ) ;
#3958 = CARTESIAN_POINT ( 'NONE',  ( -2.982098115747914058, 2.982098115747914058, -0.5500000000000009326 ) ) ;
#3959 = AXIS2_PLACEMENT_3D ( 'NONE', #4691, #1172, #3160 ) ;
#3960 = CARTESIAN_POINT ( 'NONE',  ( -2.589227933335850551, 35.27946970879003885, 8.074033770116788133 ) ) ;
#3961 = CARTESIAN_POINT ( 'NONE',  ( 0.000000000000000000, 49.50000000000000000, 3.699999999999994849 ) ) ;
#3962 = AXIS2_PLACEMENT_3D ( 'NONE', #1158, #1963, #4679 ) ;
#3963 = DIRECTION ( 'NONE',  ( 0.000000000000000000, 1.000000000000000000, 0.000000000000000000 ) ) ;
#3964 = EDGE_LOOP ( 'NONE', ( #1973, #4247, #2666, #961, #3679, #4373 ) ) ;
#3965 = CARTESIAN_POINT ( 'NONE',  ( -5.586435849233112094, 33.26356415076696038, 2.175581205326157175 ) ) ;
#3966 = EDGE_CURVE ( 'NONE', #1927, #4017, #1521, .T. ) ;
#3967 = CONICAL_SURFACE ( 'NONE', #2161, 7.000000000000032863, 0.7853981633974405074 ) ;
#3968 = CARTESIAN_POINT ( 'NONE',  ( -5.394994828796103370, 33.31977152309296031, -2.571477959975270622 ) ) ;
#3969 = CARTESIAN_POINT ( 'NONE',  ( 3.185614041653237027, 35.45011413720577309, 7.236241216708539703 ) ) ;
#3970 = VECTOR ( 'NONE', #4427, 1000.000000000000114 ) ;
#3971 = EDGE_LOOP ( 'NONE', ( #1874, #2485, #4619, #391 ) ) ;
#3972 = CIRCLE ( 'NONE', #3400, 7.499999999999998224 ) ;
#3973 = CARTESIAN_POINT ( 'NONE',  ( -3.000000000000001776, 34.49999999999999289, 9.165151389911681434 ) ) ;
#3974 = ORIENTED_EDGE ( 'NONE', *, *, #2344, .T. ) ;
#3975 = EDGE_CURVE ( 'NONE', #1487, #1885, #526, .T. ) ;
#3976 = CARTESIAN_POINT ( 'NONE',  ( -3.850942812806407378, 36.85373523067276835, 6.439148115420505469 ) ) ;
#3977 = CARTESIAN_POINT ( 'NONE',  ( -5.925993909611577237, 17.38821434073260974, 2.210299985093203912 ) ) ;
#3978 = CARTESIAN_POINT ( 'NONE',  ( -0.2500000000000175415, 30.00000000000000355, 13.65000000000000036 ) ) ;
#3979 = ORIENTED_EDGE ( 'NONE', *, *, #1854, .T. ) ;
#3980 = VERTEX_POINT ( 'NONE', #3084 ) ;
#3981 = DIRECTION ( 'NONE',  ( 0.000000000000000000, 0.000000000000000000, -1.000000000000000000 ) ) ;
#3982 = FACE_OUTER_BOUND ( 'NONE', #4869, .T. ) ;
#3983 = ORIENTED_EDGE ( 'NONE', *, *, #1520, .T. ) ;
#3984 = CARTESIAN_POINT ( 'NONE',  ( -11.09999999999999787, 22.25000000000000355, -1.949999999999999956 ) ) ;
#3985 = DIRECTION ( 'NONE',  ( 0.000000000000000000, 0.000000000000000000, -1.000000000000000000 ) ) ;
#3986 = EDGE_CURVE ( 'NONE', #4563, #2976, #2732, .T. ) ;
#3987 = DIRECTION ( 'NONE',  ( 1.000000000000000000, 0.000000000000000000, 0.000000000000000000 ) ) ;
#3988 = DIRECTION ( 'NONE',  ( 1.000000000000000000, 0.000000000000000000, 0.000000000000000000 ) ) ;
#3989 = CARTESIAN_POINT ( 'NONE',  ( -15.11379657211953820, 20.58743102322140928, -2.063796572119569905 ) ) ;
#3990 = ORIENTED_EDGE ( 'NONE', *, *, #2022, .T. ) ;
#3991 = CARTESIAN_POINT ( 'NONE',  ( 3.947368421052630083, 58.00000000000000000, 6.377168850554015833 ) ) ;
#3992 = CARTESIAN_POINT ( 'NONE',  ( -2.300000000000001599, 58.00000000000000000, -3.867815921162742310 ) ) ;
#3993 = CARTESIAN_POINT ( 'NONE',  ( 3.352668394711330269, 35.84963723031977878, 6.943419074426945947 ) ) ;
#3994 = ORIENTED_EDGE ( 'NONE', *, *, #3424, .F. ) ;
#3995 = DIRECTION ( 'NONE',  ( 0.000000000000000000, 0.000000000000000000, -1.000000000000000000 ) ) ;
#3996 = ORIENTED_EDGE ( 'NONE', *, *, #4981, .F. ) ;
#3997 = DIRECTION ( 'NONE',  ( 0.7071067811865500152, 0.000000000000000000, 0.7071067811865451302 ) ) ;
#3998 = CARTESIAN_POINT ( 'NONE',  ( -6.033651152688751296, 17.53175492751155673, 2.200000000000001066 ) ) ;
#3999 = PLANE ( 'NONE',  #3200 ) ;
#4000 = EDGE_CURVE ( 'NONE', #3379, #2848, #799, .T. ) ;
#4001 = ADVANCED_FACE ( 'NONE', ( #4647 ), #4935, .T. ) ;
#4002 = ORIENTED_EDGE ( 'NONE', *, *, #2777, .F. ) ;
#4003 = ORIENTED_EDGE ( 'NONE', *, *, #1520, .F. ) ;
#4004 = CARTESIAN_POINT ( 'NONE',  ( 3.848761306403171822, 36.89830317028852846, 6.440014782511195968 ) ) ;
#4005 = CARTESIAN_POINT ( 'NONE',  ( -3.000000000000002220, 5.000000000000000888, 16.60000000000000142 ) ) ;
#4006 = ORIENTED_EDGE ( 'NONE', *, *, #3131, .F. ) ;
#4007 = CARTESIAN_POINT ( 'NONE',  ( 2.524365672778766001, 35.03133381871489860, 8.791632930304086102 ) ) ;
#4008 = DIRECTION ( 'NONE',  ( 0.000000000000000000, 0.000000000000000000, 1.000000000000000000 ) ) ;
#4009 = CARTESIAN_POINT ( 'NONE',  ( 2.999999999999997780, 33.75000000000000000, 15.00000000000000355 ) ) ;
#4010 = DIRECTION ( 'NONE',  ( 0.7071067811865603403, 0.000000000000000000, 0.7071067811865345831 ) ) ;
#4011 = EDGE_CURVE ( 'NONE', #2175, #3415, #1179, .T. ) ;
#4012 = CARTESIAN_POINT ( 'NONE',  ( -2.555922418856569678, 35.15158564067210989, 8.353090425126181273 ) ) ;
#4013 = VERTEX_POINT ( 'NONE', #4030 ) ;
#4014 = DIRECTION ( 'NONE',  ( 0.000000000000000000, 1.000000000000000000, 0.000000000000000000 ) ) ;
#4015 = CARTESIAN_POINT ( 'NONE',  ( 7.985105581812618425, 13.94930181330844476, 0.5499999999999988232 ) ) ;
#4016 = FACE_OUTER_BOUND ( 'NONE', #3477, .T. ) ;
#4017 = VERTEX_POINT ( 'NONE', #3108 ) ;
#4018 = CARTESIAN_POINT ( 'NONE',  ( -2.602085213965210642E-15, 35.00000000000000000, 18.75000000000000355 ) ) ;
#4019 = EDGE_LOOP ( 'NONE', ( #3281, #4659, #2279, #1617 ) ) ;
#4020 = CONICAL_SURFACE ( 'NONE', #1887, 1.599999999999998979, 0.7853981633974496113 ) ;
#4021 = CARTESIAN_POINT ( 'NONE',  ( -8.499999999999998224, 25.00000000000000000, 2.200000000000000178 ) ) ;
#4022 = DIRECTION ( 'NONE',  ( 0.000000000000000000, -0.000000000000000000, 1.000000000000000000 ) ) ;
#4023 = B_SPLINE_CURVE_WITH_KNOTS ( 'NONE', 3,
 ( #3507, #5055, #4012, #2112, #1625, #3660, #2389, #70, #3268, #1678, #1344, #3192, #3605, #4850, #4747, #1313, #149, #853 ),
 .UNSPECIFIED., .F., .F.,
 ( 4, 2, 1, 2, 2, 2, 1, 2, 2, 4 ),
 ( 0.000000000000000000, 0.1249999999999846234, 0.1874999999999769906, 0.2187499999999732159, 0.2499999999999694689, 0.3749999999999826805, 0.4374999999999892308, 0.4687499999999896749, 0.4999999999999901190, 1.000000000000000000 ),
 .UNSPECIFIED. ) ;
#4024 = CARTESIAN_POINT ( 'NONE',  ( -5.299999999999998046, 33.55000000000006821, -2.574388938522983228 ) ) ;
#4025 = VECTOR ( 'NONE', #852, 1000.000000000000000 ) ;
#4026 = EDGE_LOOP ( 'NONE', ( #936, #1197, #1387, #486 ) ) ;
#4027 = ORIENTED_EDGE ( 'NONE', *, *, #484, .F. ) ;
#4028 = CARTESIAN_POINT ( 'NONE',  ( 3.275264053191897951, 36.26626168004264628, 6.901345804490182090 ) ) ;
#4029 = VECTOR ( 'NONE', #1855, 999.9999999999998863 ) ;
#4030 = CARTESIAN_POINT ( 'NONE',  ( -4.800000000000036238, 58.00000000000000000, -3.867815921162741866 ) ) ;
#4031 = EDGE_CURVE ( 'NONE', #3106, #317, #1280, .T. ) ;
#4032 = CARTESIAN_POINT ( 'NONE',  ( -0.2500000000000175415, 30.00000000000000355, 16.35000000000000497 ) ) ;
#4033 = CIRCLE ( 'NONE', #1822, 2.250000000000000000 ) ;
#4034 = VERTEX_POINT ( 'NONE', #4671 ) ;
#4035 = CARTESIAN_POINT ( 'NONE',  ( 2.542705619519516347, 35.09148657729911491, 8.531082577049089011 ) ) ;
#4036 = CARTESIAN_POINT ( 'NONE',  ( -11.09999999999999787, 22.25000000000000355, 2.200000000000000178 ) ) ;
#4037 = CARTESIAN_POINT ( 'NONE',  ( -2.672735221198536237, 35.45190311905242453, 7.787646385727599707 ) ) ;
#4038 = CARTESIAN_POINT ( 'NONE',  ( 2.999999999999997335, 1.249999999999994227, 18.75000000000000711 ) ) ;
#4039 = DIRECTION ( 'NONE',  ( 0.000000000000000000, -1.000000000000000000, 0.000000000000000000 ) ) ;
#4040 = ORIENTED_EDGE ( 'NONE', *, *, #409, .F. ) ;
#4041 = AXIS2_PLACEMENT_3D ( 'NONE', #3201, #4278, #2402 ) ;
#4042 = CARTESIAN_POINT ( 'NONE',  ( -5.739230668811287295, 17.13919849596292266, -2.267297754314037128 ) ) ;
#4043 = ADVANCED_FACE ( 'NONE', ( #723, #3777 ), #4918, .T. ) ;
#4044 = CARTESIAN_POINT ( 'NONE',  ( 7.337267017503029898, 24.69853675100114287, 1.147035912230165877 ) ) ;
#4045 = CIRCLE ( 'NONE', #925, 2.250000000000000000 ) ;
#4046 = CARTESIAN_POINT ( 'NONE',  ( 3.637268774996013310, 36.43700647532898529, 6.613671202552140471 ) ) ;
#4047 = EDGE_LOOP ( 'NONE', ( #594, #2714, #795, #3407 ) ) ;
#4048 = CARTESIAN_POINT ( 'NONE',  ( -2.524811637686362964, 35.03224437373016542, 8.784909001150822405 ) ) ;
#4049 = AXIS2_PLACEMENT_3D ( 'NONE', #4639, #4212, #763 ) ;
#4050 = DIRECTION ( 'NONE',  ( 0.000000000000000000, 0.000000000000000000, 1.000000000000000000 ) ) ;
#4051 = ADVANCED_FACE ( 'NONE', ( #2592 ), #444, .F. ) ;
#4052 = CARTESIAN_POINT ( 'NONE',  ( -2.547309714726411622E-15, 35.00000000000000000, 18.25000000000001066 ) ) ;
#4054 = VECTOR ( 'NONE', #1944, 1000.000000000000000 ) ;
#4053 = DIRECTION ( 'NONE',  ( -0.000000000000000000, -1.000000000000000000, 0.000000000000000000 ) ) ;
#4055 = VECTOR ( 'NONE', #4583, 1000.000000000000000 ) ;
#4056 = EDGE_LOOP ( 'NONE', ( #4908, #61, #4597, #3149, #3254 ) ) ;
#4057 = ORIENTED_EDGE ( 'NONE', *, *, #784, .F. ) ;
#4058 = DIRECTION ( 'NONE',  ( 0.000000000000000000, 0.000000000000000000, 1.000000000000000000 ) ) ;
#4059 = CIRCLE ( 'NONE', #1261, 2.500000000000007550 ) ;
#4060 = CARTESIAN_POINT ( 'NONE',  ( -5.304486314241673384, 16.45448631424161334, -2.557440097389417133 ) ) ;
#4061 = FACE_OUTER_BOUND ( 'NONE', #1100, .T. ) ;
#4062 = EDGE_LOOP ( 'NONE', ( #1773, #2392, #2822, #4093 ) ) ;
#4063 = DIRECTION ( 'NONE',  ( -0.000000000000000000, 0.000000000000000000, 1.000000000000000000 ) ) ;
#4064 = CARTESIAN_POINT ( 'NONE',  ( 3.060786242719941264, 35.08198279516444273, 7.586125056164041425 ) ) ;
#4065 = DIRECTION ( 'NONE',  ( 2.664535259100375697E-15, 0.000000000000000000, -1.000000000000000000 ) ) ;
#4066 = CARTESIAN_POINT ( 'NONE',  ( 0.000000000000000000, 57.49999999999998579, 4.200000000000000178 ) ) ;
#4067 = DIRECTION ( 'NONE',  ( 0.000000000000000000, 0.000000000000000000, -1.000000000000000000 ) ) ;
#4068 = EDGE_CURVE ( 'NONE', #2406, #1085, #360, .T. ) ;
#4069 = ADVANCED_FACE ( 'NONE', ( #918 ), #3344, .T. ) ;
#4070 = ORIENTED_EDGE ( 'NONE', *, *, #4249, .F. ) ;
#4071 = FACE_OUTER_BOUND ( 'NONE', #4643, .T. ) ;
#4072 = DIRECTION ( 'NONE',  ( -1.000000000000000000, -0.000000000000000000, -1.095509984775996541E-16 ) ) ;
#4073 = CARTESIAN_POINT ( 'NONE',  ( 3.309459285125974759, 35.75171764813124753, 7.009025203999578402 ) ) ;
#4074 = CARTESIAN_POINT ( 'NONE',  ( -6.167851130197757215, 32.56429773960453389, -2.033333333333334547 ) ) ;
#4075 = VERTEX_POINT ( 'NONE', #3675 ) ;
#4076 = CARTESIAN_POINT ( 'NONE',  ( -2.550982853129486916, 35.12659065475004638, 8.418119450958608141 ) ) ;
#4077 = DIRECTION ( 'NONE',  ( -1.095509984775996911E-16, 1.067522139062650671E-15, 1.000000000000000000 ) ) ;
#4078 = CARTESIAN_POINT ( 'NONE',  ( 0.000000000000000000, 0.5000000000000004441, 0.000000000000000000 ) ) ;
#4079 = FACE_BOUND ( 'NONE', #4237, .T. ) ;
#4080 = ADVANCED_FACE ( 'NONE', ( #3283 ), #189, .F. ) ;
#4081 = DIRECTION ( 'NONE',  ( 1.000000000000000000, -0.000000000000000000, 1.095509984775996664E-16 ) ) ;
#4082 = ORIENTED_EDGE ( 'NONE', *, *, #1597, .F. ) ;
#4083 = LINE ( 'NONE', #3649, #195 ) ;
#4084 = CARTESIAN_POINT ( 'NONE',  ( -5.590970345067700187, 16.74097034506764103, -2.175098000320929259 ) ) ;
#4085 = CARTESIAN_POINT ( 'NONE',  ( -2.499999999999993783, 0.000000000000000000, 8.076141003662902662 ) ) ;
#4086 = EDGE_CURVE ( 'NONE', #3719, #986, #4138, .T. ) ;
#4087 = ORIENTED_EDGE ( 'NONE', *, *, #719, .F. ) ;
#4088 = DIRECTION ( 'NONE',  ( 2.664535259100375303E-15, 0.000000000000000000, -1.000000000000000000 ) ) ;
#4089 = CARTESIAN_POINT ( 'NONE',  ( 2.922166881640878788, 35.82587809942251766, 7.318523256173887326 ) ) ;
#4090 = CARTESIAN_POINT ( 'NONE',  ( -3.324621064240883772, 36.32734214893426383, 6.851116172715146391 ) ) ;
#4091 = CARTESIAN_POINT ( 'NONE',  ( -2.191268969674211880E-15, 5.000000000000000888, 15.00000000000000178 ) ) ;
#4092 = CARTESIAN_POINT ( 'NONE',  ( 7.769665603873390225, 14.06325092680117983, 0.8018697244418416803 ) ) ;
#4093 = ORIENTED_EDGE ( 'NONE', *, *, #2573, .F. ) ;
#4094 = CARTESIAN_POINT ( 'NONE',  ( -5.969755820333785934, 17.44656172408711114, -2.204303207372447559 ) ) ;
#4095 = CARTESIAN_POINT ( 'NONE',  ( 7.340551195177836163, 24.69525257332631440, 1.106836546897943752 ) ) ;
#4096 = EDGE_CURVE ( 'NONE', #1717, #375, #4108, .T. ) ;
#4097 = CARTESIAN_POINT ( 'NONE',  ( 0.000000000000000000, 48.00000000000002132, -1.199999999999999956 ) ) ;
#4098 = PLANE ( 'NONE',  #4926 ) ;
#4099 = ORIENTED_EDGE ( 'NONE', *, *, #4757, .T. ) ;
#4100 = CARTESIAN_POINT ( 'NONE',  ( -3.000000000000002220, 5.000000000000000888, 15.00000000000000178 ) ) ;
#4101 = CARTESIAN_POINT ( 'NONE',  ( 7.774550279287442578, 23.92881162395732275, 0.8014254245648937403 ) ) ;
#4102 = CARTESIAN_POINT ( 'NONE',  ( 7.477248344126964597, 24.53580376850417366, 0.8170498554177114681 ) ) ;
#4103 = CARTESIAN_POINT ( 'NONE',  ( 2.999999999999997335, 35.00000000000000000, 18.24999999999999645 ) ) ;
#4104 = AXIS2_PLACEMENT_3D ( 'NONE', #4584, #2179, #2588 ) ;
#4105 = DIRECTION ( 'NONE',  ( 1.095509984775996541E-16, 0.000000000000000000, -1.000000000000000000 ) ) ;
#4106 = ORIENTED_EDGE ( 'NONE', *, *, #1334, .F. ) ;
#4107 = CARTESIAN_POINT ( 'NONE',  ( -5.301000000000003709, 5.000000000000000888, 15.00000000000000178 ) ) ;
#4108 = LINE ( 'NONE', #1361, #204 ) ;
#4109 = VECTOR ( 'NONE', #3377, 1000.000000000000114 ) ;
#4110 = CARTESIAN_POINT ( 'NONE',  ( 0.000000000000000000, 49.50000000000000000, 2.749999999999981792 ) ) ;
#4111 = VERTEX_POINT ( 'NONE', #592 ) ;
#4112 = CARTESIAN_POINT ( 'NONE',  ( -15.41219158730642214, 30.00000000000000355, 15.00000000000000178 ) ) ;
#4113 = CONICAL_SURFACE ( 'NONE', #1895, 1.750000000000001554, 0.7853981633974600474 ) ;
#4114 = CARTESIAN_POINT ( 'NONE',  ( 2.894025275001290698, 35.78772215348288910, 7.360130436354233474 ) ) ;
#4115 = ADVANCED_FACE ( 'NONE', ( #240, #3363 ), #4991, .T. ) ;
#4116 = CARTESIAN_POINT ( 'NONE',  ( -3.573859014127851008, 36.61007767455274831, 6.637025873404282628 ) ) ;
#4117 = AXIS2_PLACEMENT_3D ( 'NONE', #1195, #4688, #2745 ) ;
#4118 = CARTESIAN_POINT ( 'NONE',  ( -2.547309714726411622E-15, 35.00000000000000000, 18.25000000000001066 ) ) ;
#4119 = CARTESIAN_POINT ( 'NONE',  ( 7.780760073272869448, 14.08127916727018558, 0.8008735165971148096 ) ) ;
#4120 = VERTEX_POINT ( 'NONE', #714 ) ;
#4121 = CARTESIAN_POINT ( 'NONE',  ( 0.000000000000000000, 45.50000000000000000, 0.000000000000000000 ) ) ;
#4122 = CARTESIAN_POINT ( 'NONE',  ( -2.191268969674211880E-15, 30.00000000000000355, 15.00000000000000178 ) ) ;
#4123 = DIRECTION ( 'NONE',  ( 0.000000000000000000, 1.000000000000000000, 0.000000000000000000 ) ) ;
#4124 = CIRCLE ( 'NONE', #3474, 7.499999999999998224 ) ;
#4125 = CARTESIAN_POINT ( 'NONE',  ( -2.729218153279866943, 35.54686815971594882, 7.653572005542231160 ) ) ;
#4126 = ORIENTED_EDGE ( 'NONE', *, *, #4275, .T. ) ;
#4127 = CARTESIAN_POINT ( 'NONE',  ( -2.519729804157700759, 35.02061885451198719, 8.859994946112806247 ) ) ;
#4128 = ADVANCED_FACE ( 'NONE', ( #1533 ), #1464, .F. ) ;
#4129 = SURFACE_STYLE_USAGE ( .BOTH. , #536 ) ;
#4130 = CIRCLE ( 'NONE', #2075, 1.699999999999979083 ) ;
#4131 = DIRECTION ( 'NONE',  ( 0.000000000000000000, -1.000000000000000000, 0.000000000000000000 ) ) ;
#4132 = CARTESIAN_POINT ( 'NONE',  ( -2.299999999999998934, 58.00000000000000000, 3.867815921162743198 ) ) ;
#4133 = VECTOR ( 'NONE', #3450, 1000.000000000000000 ) ;
#4134 = DIRECTION ( 'NONE',  ( -0.000000000000000000, -1.000000000000000000, -0.000000000000000000 ) ) ;
#4135 = EDGE_CURVE ( 'NONE', #2672, #2713, #3440, .T. ) ;
#4136 = ORIENTED_EDGE ( 'NONE', *, *, #1511, .T. ) ;
#4137 = DIRECTION ( 'NONE',  ( 0.000000000000000000, -1.000000000000000000, 0.000000000000000000 ) ) ;
#4138 = LINE ( 'NONE', #2901, #1503 ) ;
#4139 = VECTOR ( 'NONE', #1115, 1000.000000000000000 ) ;
#4140 = AXIS2_PLACEMENT_3D ( 'NONE', #4157, #3304, #964 ) ;
#4141 = CARTESIAN_POINT ( 'NONE',  ( -3.000000000000002220, 5.000000000000000888, 15.00000000000000178 ) ) ;
#4142 = ORIENTED_EDGE ( 'NONE', *, *, #4302, .T. ) ;
#4143 = VECTOR ( 'NONE', #4820, 1000.000000000000000 ) ;
#4144 = CARTESIAN_POINT ( 'NONE',  ( -0.5000000000000022204, 12.00000000000001776, 18.75000000000000000 ) ) ;
#4145 = CARTESIAN_POINT ( 'NONE',  ( 2.589081619865710948, 35.28282839647058466, 8.064051962780199645 ) ) ;
#4146 = DIRECTION ( 'NONE',  ( -0.5773502691896315042, -0.5773502691896224004, 0.5773502691896233996 ) ) ;
#4147 = CARTESIAN_POINT ( 'NONE',  ( 2.534897316543173851, 35.06129501151929873, 8.639322384770608210 ) ) ;
#4148 = EDGE_CURVE ( 'NONE', #545, #4715, #947, .T. ) ;
#4149 = DIRECTION ( 'NONE',  ( 0.000000000000000000, -1.000000000000000000, 0.000000000000000000 ) ) ;
#4150 = CARTESIAN_POINT ( 'NONE',  ( 7.709905377178351671, 24.03385969406859957, 0.8115043506862122946 ) ) ;
#4151 = CARTESIAN_POINT ( 'NONE',  ( 0.000000000000000000, 45.50000000000000000, -2.250000000000000000 ) ) ;
#4152 = CARTESIAN_POINT ( 'NONE',  ( -2.947382072271400588, 35.86105582572673001, 7.281561066559020468 ) ) ;
#4153 = EDGE_CURVE ( 'NONE', #1121, #1466, #4971, .T. ) ;
#4154 = VERTEX_POINT ( 'NONE', #1512 ) ;
#4155 = CARTESIAN_POINT ( 'NONE',  ( -5.299999999999998046, 16.44999999999993534, -1.949999999999999956 ) ) ;
#4156 = CARTESIAN_POINT ( 'NONE',  ( 7.646474576248404986, 13.86307118197379040, -0.8340179287735044467 ) ) ;
#4157 = CARTESIAN_POINT ( 'NONE',  ( 0.000000000000000000, 57.50000000000002842, 0.000000000000000000 ) ) ;
#4158 = FACE_OUTER_BOUND ( 'NONE', #3950, .T. ) ;
#4159 = CARTESIAN_POINT ( 'NONE',  ( -8.499999999999998224, 25.00000000000000000, 1.950000000000002620 ) ) ;
#4160 = ORIENTED_EDGE ( 'NONE', *, *, #1511, .F. ) ;
#4161 = FACE_OUTER_BOUND ( 'NONE', #4189, .T. ) ;
#4162 = CARTESIAN_POINT ( 'NONE',  ( -5.226162889743312334, 16.37616288974324874, -2.890882859769667856 ) ) ;
#4163 = EDGE_CURVE ( 'NONE', #4017, #1137, #1948, .T. ) ;
#4164 = CARTESIAN_POINT ( 'NONE',  ( -2.299999999999998934, 0.5000000000000073275, 3.867815921162743198 ) ) ;
#4165 = ORIENTED_EDGE ( 'NONE', *, *, #1366, .F. ) ;
#4166 = LINE ( 'NONE', #3758, #3279 ) ;
#4167 = CARTESIAN_POINT ( 'NONE',  ( 3.146098651526293644, 35.34469644144105160, 7.326062102770935169 ) ) ;
#4168 = PRODUCT ( 'Buffer Neck Rebuild rev2', 'Buffer Neck Rebuild rev2', '', ( #4571 ) ) ;
#4169 = DIRECTION ( 'NONE',  ( 0.000000000000000000, 0.000000000000000000, 1.000000000000000000 ) ) ;
#4170 = LINE ( 'NONE', #197, #1890 ) ;
#4171 = CARTESIAN_POINT ( 'NONE',  ( 7.808328886515983669, 14.12607850860509018, 0.8000000000000000444 ) ) ;
#4172 = DIRECTION ( 'NONE',  ( 0.000000000000000000, 0.000000000000000000, 1.000000000000000000 ) ) ;
#4173 = CARTESIAN_POINT ( 'NONE',  ( 7.519002682236330060, 24.34407657334937980, 0.9226799606161271150 ) ) ;
#4174 = EDGE_CURVE ( 'NONE', #1744, #3917, #3229, .T. ) ;
#4175 = CARTESIAN_POINT ( 'NONE',  ( -5.302311999700153322, 16.55663605686008211, 3.008844321795884014 ) ) ;
#4176 = DIRECTION ( 'NONE',  ( 1.266937925838610979E-32, 1.000000000000000000, -1.156482317317871971E-16 ) ) ;
#4177 = EDGE_LOOP ( 'NONE', ( #2258, #620, #2062, #1611 ) ) ;
#4178 = CARTESIAN_POINT ( 'NONE',  ( -5.973104726743590831, 32.54897329199388167, 2.203950436059344931 ) ) ;
#4179 = CARTESIAN_POINT ( 'NONE',  ( 7.724899948896341684, 13.99050618673184765, -0.8085782947902211415 ) ) ;
#4180 = CARTESIAN_POINT ( 'NONE',  ( 7.584753692192544250, 24.23722656690071986, -0.8681056995013206601 ) ) ;
#4181 = ADVANCED_FACE ( 'NONE', ( #4565 ), #3967, .T. ) ;
#4182 = CARTESIAN_POINT ( 'NONE',  ( 7.808328886515983669, 23.87392149139492403, -0.8000000000000000444 ) ) ;
#4183 = FACE_OUTER_BOUND ( 'NONE', #397, .T. ) ;
#4184 = VERTEX_POINT ( 'NONE', #3496 ) ;
#4185 = CARTESIAN_POINT ( 'NONE',  ( 7.985105581812618425, 13.94930181330844476, -0.5500000000000010436 ) ) ;
#4186 = CARTESIAN_POINT ( 'NONE',  ( 7.621561397884885736, 24.41424237061928082, 0.6310654562830461112 ) ) ;
#4187 = VECTOR ( 'NONE', #1407, 1000.000000000000000 ) ;
#4188 = LINE ( 'NONE', #3517, #1651 ) ;
#4189 = EDGE_LOOP ( 'NONE', ( #2758, #5, #3486, #3820 ) ) ;
#4190 = DIRECTION ( 'NONE',  ( -0.000000000000000000, -1.000000000000000000, -0.000000000000000000 ) ) ;
#4191 = DIRECTION ( 'NONE',  ( 0.000000000000000000, -1.000000000000000000, 0.000000000000000000 ) ) ;
#4192 = EDGE_CURVE ( 'NONE', #1143, #124, #4616, .T. ) ;
#4193 = AXIS2_PLACEMENT_3D ( 'NONE', #1161, #3536, #326 ) ;
#4194 = CARTESIAN_POINT ( 'NONE',  ( 0.000000000000000000, 58.00000000000000000, 0.000000000000000000 ) ) ;
#4195 = CONICAL_SURFACE ( 'NONE', #670, 3.249999999999999556, 0.7853981633974488341 ) ;
#4196 = CARTESIAN_POINT ( 'NONE',  ( 7.792563782082924995, 14.10046021390139259, 0.8000000000000003775 ) ) ;
#4197 = CARTESIAN_POINT ( 'NONE',  ( -3.000000000000001776, 34.49999999999999289, 9.165151389911681434 ) ) ;
#4198 = LINE ( 'NONE', #1858, #2659 ) ;
#4199 = LINE ( 'NONE', #4151, #3784 ) ;
#4200 = CARTESIAN_POINT ( 'NONE',  ( -3.270877224368376801, 36.26368240572242740, 6.904842698021248282 ) ) ;
#4201 = ORIENTED_EDGE ( 'NONE', *, *, #3797, .F. ) ;
#4202 = CARTESIAN_POINT ( 'NONE',  ( -5.300000000000000711, 33.54184900165585503, 2.589736952533761460 ) ) ;
#4203 = ORIENTED_EDGE ( 'NONE', *, *, #3086, .T. ) ;
#4204 = CARTESIAN_POINT ( 'NONE',  ( 7.481891182851406974, 13.59562595650573513, -0.9639342141727198499 ) ) ;
#4205 = CARTESIAN_POINT ( 'NONE',  ( 7.420099363620635380, 24.50479103844628881, -1.092853025878845585 ) ) ;
#4206 = CARTESIAN_POINT ( 'NONE',  ( 0.000000000000000000, 45.99999999999997158, 0.000000000000000000 ) ) ;
#4207 = LINE ( 'NONE', #758, #2831 ) ;
#4208 = ORIENTED_EDGE ( 'NONE', *, *, #1742, .F. ) ;
#4209 = EDGE_CURVE ( 'NONE', #2615, #1655, #2080, .T. ) ;
#4210 = CIRCLE ( 'NONE', #1659, 7.499999999999998224 ) ;
#4211 = CARTESIAN_POINT ( 'NONE',  ( 7.472674940800715149, 24.41935915318224914, -0.9810194404673701074 ) ) ;
#4212 = DIRECTION ( 'NONE',  ( -0.7071067811865475727, 0.7071067811865475727, 0.000000000000000000 ) ) ;
#4213 = CIRCLE ( 'NONE', #3224, 3.249999999999999556 ) ;
#4214 = CARTESIAN_POINT ( 'NONE',  ( 0.000000000000000000, 45.00000000000001421, 0.000000000000000000 ) ) ;
#4215 = EDGE_LOOP ( 'NONE', ( #781, #2274, #4411, #2181, #4468, #1826, #892, #1998, #3059, #4099, #4422, #815, #3263, #4732, #1242 ) ) ;
#4216 = ORIENTED_EDGE ( 'NONE', *, *, #1776, .T. ) ;
#4217 = CARTESIAN_POINT ( 'NONE',  ( 2.700158632431860273, 35.49839622029241326, 7.720132463068346773 ) ) ;
#4218 = CARTESIAN_POINT ( 'NONE',  ( -6.050000000000000711, 32.44644660940677738, -2.200000000000000178 ) ) ;
#4219 = AXIS2_PLACEMENT_3D ( 'NONE', #3188, #2801, #469 ) ;
#4220 = CIRCLE ( 'NONE', #2989, 1.600000000000019851 ) ;
#4221 = VERTEX_POINT ( 'NONE', #1850 ) ;
#4222 = DIRECTION ( 'NONE',  ( -0.000000000000000000, 1.000000000000000000, -0.000000000000000000 ) ) ;
#4223 = CARTESIAN_POINT ( 'NONE',  ( 7.808328886515984557, 23.87392149139493824, 0.8000000000000001554 ) ) ;
#4224 = EDGE_CURVE ( 'NONE', #3912, #1121, #1869, .T. ) ;
#4225 = PLANE ( 'NONE',  #988 ) ;
#4226 = CARTESIAN_POINT ( 'NONE',  ( -3.034744832417737737, 35.97451574206254321, 7.166845212734520132 ) ) ;
#4227 = EDGE_LOOP ( 'NONE', ( #464, #3974, #2090, #3152 ) ) ;
#4228 = CARTESIAN_POINT ( 'NONE',  ( -1.734723475976807094E-15, 30.00000000000000355, 15.00000000000000355 ) ) ;
#4229 = DIRECTION ( 'NONE',  ( 0.000000000000000000, 0.000000000000000000, -1.000000000000000000 ) ) ;
#4230 = CARTESIAN_POINT ( 'NONE',  ( 10.53580376850417188, 16.50000000000000000, 0.8000000000000000444 ) ) ;
#4231 = DIRECTION ( 'NONE',  ( -0.000000000000000000, -1.000000000000000000, -0.000000000000000000 ) ) ;
#4232 = ORIENTED_EDGE ( 'NONE', *, *, #4500, .F. ) ;
#4233 = FACE_OUTER_BOUND ( 'NONE', #1006, .T. ) ;
#4234 = DIRECTION ( 'NONE',  ( 0.000000000000000000, -1.000000000000000000, 0.000000000000000000 ) ) ;
#4235 = ADVANCED_FACE ( 'NONE', ( #1071 ), #669, .F. ) ;
#4236 = DIRECTION ( 'NONE',  ( 0.000000000000000000, 0.000000000000000000, -1.000000000000000000 ) ) ;
#4237 = EDGE_LOOP ( 'NONE', ( #4916, #1566 ) ) ;
#4238 = EDGE_LOOP ( 'NONE', ( #3469, #4637, #1170, #2330, #3935 ) ) ;
#4239 = CARTESIAN_POINT ( 'NONE',  ( 2.892804977278904843, 35.78602231723687055, 7.362062275378413290 ) ) ;
#4240 = ADVANCED_FACE ( 'NONE', ( #331 ), #737, .T. ) ;
#4241 = DIRECTION ( 'NONE',  ( -0.000000000000000000, -0.000000000000000000, -1.000000000000000000 ) ) ;
#4242 = VERTEX_POINT ( 'NONE', #309 ) ;
#4243 = DIRECTION ( 'NONE',  ( -0.7071067811865474617, 0.7071067811865475727, -7.746425390926785273E-17 ) ) ;
#4244 = DIRECTION ( 'NONE',  ( 0.000000000000000000, 0.000000000000000000, -1.000000000000000000 ) ) ;
#4245 = CARTESIAN_POINT ( 'NONE',  ( 7.758688736741824243, 14.04541326522210021, 0.8023168192436648249 ) ) ;
#4246 = CARTESIAN_POINT ( 'NONE',  ( 2.500000000000003997, 26.75000000000000355, 15.00000000000000355 ) ) ;
#4247 = ORIENTED_EDGE ( 'NONE', *, *, #1382, .T. ) ;
#4248 = DIRECTION ( 'NONE',  ( -3.363765581148665724E-16, 0.000000000000000000, -1.000000000000000000 ) ) ;
#4249 = EDGE_CURVE ( 'NONE', #3042, #2407, #3897, .T. ) ;
#4250 = FACE_OUTER_BOUND ( 'NONE', #64, .T. ) ;
#4251 = CARTESIAN_POINT ( 'NONE',  ( 2.666131856178630688, 26.58386814382137331, 14.93118593202860112 ) ) ;
#4252 = DIRECTION ( 'NONE',  ( 0.000000000000000000, 1.000000000000000000, 0.000000000000000000 ) ) ;
#4253 = EDGE_LOOP ( 'NONE', ( #773, #3211, #619, #3845 ) ) ;
#4254 = CARTESIAN_POINT ( 'NONE',  ( -3.090607564204095770, 35.18276666450697121, 7.479504531944999535 ) ) ;
#4255 = CARTESIAN_POINT ( 'NONE',  ( 0.000000000000000000, 58.00000000000000000, 0.000000000000000000 ) ) ;
#4256 = DIRECTION ( 'NONE',  ( -0.7071067811865473507, -0.7071067811865477948, 0.000000000000000000 ) ) ;
#4257 = ORIENTED_EDGE ( 'NONE', *, *, #1393, .F. ) ;
#4258 = VERTEX_POINT ( 'NONE', #2277 ) ;
#4259 = CARTESIAN_POINT ( 'NONE',  ( 3.868933459396682206, 36.86380552031391034, 6.428189832148285987 ) ) ;
#4260 = ADVANCED_FACE ( 'NONE', ( #3466 ), #3881, .F. ) ;
#4261 = CARTESIAN_POINT ( 'NONE',  ( -5.534244937020882382, 33.13412002671228862, -2.403050913184366255 ) ) ;
#4262 = ORIENTED_EDGE ( 'NONE', *, *, #3, .F. ) ;
#4263 = VECTOR ( 'NONE', #4681, 1000.000000000000000 ) ;
#4264 = ADVANCED_FACE ( 'NONE', ( #1139 ), #3007, .F. ) ;
#4265 = DIRECTION ( 'NONE',  ( 8.659560562354866298E-17, -0.7071067811865531239, 0.7071067811865420216 ) ) ;
#4266 = CARTESIAN_POINT ( 'NONE',  ( -2.599865608813218820, 35.30599370074666155, 8.025045251062612905 ) ) ;
#4267 = AXIS2_PLACEMENT_3D ( 'NONE', #1287, #2087, #1648 ) ;
#4268 = CARTESIAN_POINT ( 'NONE',  ( 7.519002682236329171, 13.65592342665065928, 0.9226799606161286693 ) ) ;
#4269 = CARTESIAN_POINT ( 'NONE',  ( -5.299539645821293554, 33.44706041497840232, 2.905662144934086921 ) ) ;
#4270 = ORIENTED_EDGE ( 'NONE', *, *, #3975, .T. ) ;
#4271 = CONICAL_SURFACE ( 'NONE', #2381, 1.399999999999998579, 0.7853981633974664867 ) ;
#4272 = CARTESIAN_POINT ( 'NONE',  ( -5.512215728510459378, 33.33778427148959622, 2.243583947763303943 ) ) ;
#4273 = CARTESIAN_POINT ( 'NONE',  ( 7.412970461882263606, 24.51637893142473601, -1.139240506329114222 ) ) ;
#4274 = CARTESIAN_POINT ( 'NONE',  ( -5.301000000000003709, 30.00000000000000355, 15.00000000000000178 ) ) ;
#4275 = EDGE_CURVE ( 'NONE', #3106, #1559, #407, .T. ) ;
#4276 = CARTESIAN_POINT ( 'NONE',  ( 7.434694249580006797, 24.50503154573778986, 0.9904771434376393735 ) ) ;
#4277 = ORIENTED_EDGE ( 'NONE', *, *, #583, .T. ) ;
#4278 = DIRECTION ( 'NONE',  ( -0.000000000000000000, -1.000000000000000000, -0.000000000000000000 ) ) ;
#4279 = DIRECTION ( 'NONE',  ( 0.000000000000000000, 0.000000000000000000, -1.000000000000000000 ) ) ;
#4280 = ADVANCED_FACE ( 'NONE', ( #4357 ), #764, .F. ) ;
#4281 = DIRECTION ( 'NONE',  ( 0.000000000000000000, -1.000000000000000000, 0.000000000000000000 ) ) ;
#4282 = VECTOR ( 'NONE', #3729, 1000.000000000000000 ) ;
#4283 = ORIENTED_EDGE ( 'NONE', *, *, #618, .F. ) ;
#4284 = ORIENTED_EDGE ( 'NONE', *, *, #3075, .F. ) ;
#4285 = DIRECTION ( 'NONE',  ( 0.000000000000000000, 0.000000000000000000, 1.000000000000000000 ) ) ;
#4286 = CIRCLE ( 'NONE', #4939, 1.350000000000002309 ) ;
#4287 = B_SPLINE_SURFACE_WITH_KNOTS ( 'NONE', 1, 3, ( 
 ( #3681, #1803, #4145, #1339, #2160, #168, #2572, #4846, #3319, #3367, #1029, #1723, #4547, #4114, #4089, #1389, #1752, #3289, #2877, #3395, #4519, #4925, #547, #3781, #2909, #596, #1308, #2518, #2131, #3706, #2109, #1365, #3342, #924, #1001, #4876 ),
 ( #570, #194, #3736, #951, #4470, #4064, #2596, #2985, #2493, #2958, #2933, #4167, #975, #2542, #223, #266, #1780, #4898, #2188, #3759, #1419, #2210, #1828, #2260, #2673, #2305, #1444, #364, #3901, #4259, #1928, #337, #2234, #3011, #1538, #4592 ) ),
 .UNSPECIFIED., .F., .F., .F.,
 ( 2, 2 ),
 ( 4, 2, 2, 2, 2, 2, 2, 2, 2, 2, 2, 2, 2, 2, 2, 2, 2, 4 ),
 ( 0.000000000000000000, 1.000000000000000000 ),
 ( 0.000000000000000000, 0.0004274202960334006168, 0.0006411304440501008981, 0.0008548405920668012336, 0.0009616956660751514556, 0.001068550740083501569, 0.001282260888100201796, 0.001495971036116902023, 0.001709681184133602467, 0.001923391332150302911, 0.002137101480167003138, 0.002350811628183703365, 0.002564521776200403592, 0.002991942072233804047, 0.003205652220250504274, 0.003312507294258854387, 0.003365934831263029878, 0.003419362368267204935 ),
 .UNSPECIFIED. ) ;
#4288 = CARTESIAN_POINT ( 'NONE',  ( -8.499999999999998224, 25.00000000000000000, 1.950000000000002620 ) ) ;
#4289 = ORIENTED_EDGE ( 'NONE', *, *, #3906, .T. ) ;
#4290 = CARTESIAN_POINT ( 'NONE',  ( -5.338628637045022884, 33.39494020930995788, 2.707557925754452199 ) ) ;
#4291 = LINE ( 'NONE', #341, #1914 ) ;
#4292 = CARTESIAN_POINT ( 'NONE',  ( -3.103424016286645326, 35.22504341822256180, 7.435283779803132376 ) ) ;
#4293 = AXIS2_PLACEMENT_3D ( 'NONE', #502, #4805, #2171 ) ;
#4294 = DIRECTION ( 'NONE',  ( 0.7071067811865474617, -0.7071067811865474617, 0.000000000000000000 ) ) ;
#4295 = EDGE_CURVE ( 'NONE', #740, #4753, #4623, .T. ) ;
#4296 = CARTESIAN_POINT ( 'NONE',  ( -5.702953949272551171, 33.14704605072750354, 2.095405034624090668 ) ) ;
#4297 = ORIENTED_EDGE ( 'NONE', *, *, #1781, .T. ) ;
#4298 = AXIS2_PLACEMENT_3D ( 'NONE', #4155, #3793, #3134 ) ;
#4299 = CARTESIAN_POINT ( 'NONE',  ( -10.84999999999999787, 0.000000000000000000, 2.200000000000000178 ) ) ;
#4300 = CARTESIAN_POINT ( 'NONE',  ( 7.771937362027793839, 23.93305760614384070, -0.8016576528575112270 ) ) ;
#4301 = CARTESIAN_POINT ( 'NONE',  ( -5.301000000000003709, 30.00000000000000355, 15.00000000000000178 ) ) ;
#4302 = EDGE_CURVE ( 'NONE', #4366, #1330, #3180, .T. ) ;
#4303 = VERTEX_POINT ( 'NONE', #4734 ) ;
#4304 = CARTESIAN_POINT ( 'NONE',  ( -3.000000000000000000, 34.50000019324765077, 9.118079476012550089 ) ) ;
#4305 = ORIENTED_EDGE ( 'NONE', *, *, #3503, .F. ) ;
#4306 = CARTESIAN_POINT ( 'NONE',  ( 7.808328886515983669, 0.000000000000000000, 0.8000000000000000444 ) ) ;
#4307 = VECTOR ( 'NONE', #3151, 1000.000000000000000 ) ;
#4308 = PLANE ( 'NONE',  #3561 ) ;
#4309 = CARTESIAN_POINT ( 'NONE',  ( -6.108925565098878963, 32.50537217450565919, -2.116666666666667584 ) ) ;
#4310 = ORIENTED_EDGE ( 'NONE', *, *, #1806, .F. ) ;
#4311 = EDGE_LOOP ( 'NONE', ( #491, #4544, #411, #2883 ) ) ;
#4312 = CARTESIAN_POINT ( 'NONE',  ( 3.309915359571235616, 36.30679205697165912, 6.867579731137399612 ) ) ;
#4313 = ADVANCED_FACE ( 'NONE', ( #1219 ), #4308, .F. ) ;
#4314 = CARTESIAN_POINT ( 'NONE',  ( 2.499999999999990230, 0.000000000000000000, 18.24999999999999645 ) ) ;
#4315 = EDGE_LOOP ( 'NONE', ( #1157, #4740, #131, #60, #2048, #1099, #4802 ) ) ;
#4316 = CARTESIAN_POINT ( 'NONE',  ( -5.898335631330493101, 32.64866571927011307, 2.215474549539657723 ) ) ;
#4317 = DIRECTION ( 'NONE',  ( 0.000000000000000000, 0.000000000000000000, 1.000000000000000000 ) ) ;
#4318 = CARTESIAN_POINT ( 'NONE',  ( 7.639703178003093065, 13.85206173227165927, -0.8364323623385896411 ) ) ;
#4319 = CARTESIAN_POINT ( 'NONE',  ( -8.499999999999998224, 25.00000000000000000, -2.200000000000000178 ) ) ;
#4320 = CARTESIAN_POINT ( 'NONE',  ( 7.337267017503033451, 13.30146324899886423, 1.147035912230164989 ) ) ;
#4321 = DIRECTION ( 'NONE',  ( 1.156482317317868767E-16, 0.000000000000000000, -1.000000000000000000 ) ) ;
#4322 = VERTEX_POINT ( 'NONE', #3123 ) ;
#4323 = CARTESIAN_POINT ( 'NONE',  ( -5.299999999999998046, 33.55000000000006821, 2.574388938522977455 ) ) ;
#4324 = ADVANCED_FACE ( 'NONE', ( #81 ), #2654, .F. ) ;
#4325 = CARTESIAN_POINT ( 'NONE',  ( -5.820009646723621977, 32.75309911291351739, -2.236018887995949722 ) ) ;
#4326 = LINE ( 'NONE', #4230, #4349 ) ;
#4327 = ORIENTED_EDGE ( 'NONE', *, *, #4764, .F. ) ;
#4328 = LINE ( 'NONE', #100, #126 ) ;
#4329 = VERTEX_POINT ( 'NONE', #1167 ) ;
#4330 = CARTESIAN_POINT ( 'NONE',  ( -3.493995688878051453, 36.15580663556642094, 6.759971610899902394 ) ) ;
#4331 = EDGE_CURVE ( 'NONE', #2899, #375, #1245, .T. ) ;
#4332 = CARTESIAN_POINT ( 'NONE',  ( -5.984070114777384042, 17.46564870419760851, 2.202897350359298123 ) ) ;
#4333 = B_SPLINE_CURVE_WITH_KNOTS ( 'NONE', 1,
 ( #408, #178 ),
 .UNSPECIFIED., .F., .F.,
 ( 2, 2 ),
 ( 0.000000000000000000, 1.000000000000000000 ),
 .UNSPECIFIED. ) ;
#4334 = CARTESIAN_POINT ( 'NONE',  ( -3.817137378376339818, 36.88246380265842106, 6.459972125100857276 ) ) ;
#4335 = ORIENTED_EDGE ( 'NONE', *, *, #3361, .F. ) ;
#4336 = VERTEX_POINT ( 'NONE', #4812 ) ;
#4337 = CARTESIAN_POINT ( 'NONE',  ( 3.224206262314523119, 36.20568111014403456, 6.953318232551789713 ) ) ;
#4338 = CARTESIAN_POINT ( 'NONE',  ( -5.299999999999999822, 16.52150845514609045, 2.741359273844460986 ) ) ;
#4339 = ORIENTED_EDGE ( 'NONE', *, *, #3776, .F. ) ;
#4340 = ADVANCED_FACE ( 'NONE', ( #3669 ), #4622, .F. ) ;
#4341 = CARTESIAN_POINT ( 'NONE',  ( -5.784967803341782400, 32.79982098067990393, 2.248281728372224730 ) ) ;
#4342 = CARTESIAN_POINT ( 'NONE',  ( 0.000000000000000000, 57.50000000000002842, -7.499999999999998224 ) ) ;
#4343 = CARTESIAN_POINT ( 'NONE',  ( -3.072837041868714980, 35.12412078891852474, 7.540851957813538675 ) ) ;
#4344 = DIRECTION ( 'NONE',  ( 0.000000000000000000, 0.000000000000000000, -1.000000000000000000 ) ) ;
#4345 = VECTOR ( 'NONE', #1661, 1000.000000000000000 ) ;
#4346 = CARTESIAN_POINT ( 'NONE',  ( 1.000000000000014655, 31.74999999999999289, 16.75000000000002132 ) ) ;
#4347 = VERTEX_POINT ( 'NONE', #4506 ) ;
#4348 = CARTESIAN_POINT ( 'NONE',  ( -5.376709232370600944, 16.65584029357694362, -2.618666429385460237 ) ) ;
#4349 = VECTOR ( 'NONE', #3072, 1000.000000000000000 ) ;
#4350 = CARTESIAN_POINT ( 'NONE',  ( -5.592044857925505319, 33.05704493129330501, -2.355542700748146423 ) ) ;
#4351 = CARTESIAN_POINT ( 'NONE',  ( 3.497788346994020081, 36.15960750814279834, 6.757240874668075215 ) ) ;
#4352 = ORIENTED_EDGE ( 'NONE', *, *, #3755, .F. ) ;
#4353 = VECTOR ( 'NONE', #1362, 1000.000000000000000 ) ;
#4354 = CARTESIAN_POINT ( 'NONE',  ( -2.499999999999992895, 35.00000000000000000, 9.165151389911683211 ) ) ;
#4355 = ORIENTED_EDGE ( 'NONE', *, *, #633, .T. ) ;
#4356 = DIRECTION ( 'NONE',  ( -1.000000000000000000, 0.000000000000000000, -0.000000000000000000 ) ) ;
#4357 = FACE_OUTER_BOUND ( 'NONE', #2691, .T. ) ;
#4358 = AXIS2_PLACEMENT_3D ( 'NONE', #4662, #4618, #2712 ) ;
#4359 = CARTESIAN_POINT ( 'NONE',  ( 0.000000000000000000, 57.50000000000002842, 0.000000000000000000 ) ) ;
#4360 = ADVANCED_FACE ( 'NONE', ( #2561 ), #3311, .F. ) ;
#4361 = ORIENTED_EDGE ( 'NONE', *, *, #4096, .F. ) ;
#4362 = ORIENTED_EDGE ( 'NONE', *, *, #2201, .T. ) ;
#4363 = CARTESIAN_POINT ( 'NONE',  ( 2.999999999999998668, 35.00000000000000000, 8.077747210701753389 ) ) ;
#4364 = AXIS2_PLACEMENT_3D ( 'NONE', #621, #3753, #4870 ) ;
#4365 = CARTESIAN_POINT ( 'NONE',  ( -5.299999999999998046, 16.54200891533989548, 2.820261847671732713 ) ) ;
#4366 = VERTEX_POINT ( 'NONE', #2895 ) ;
#4367 = CARTESIAN_POINT ( 'NONE',  ( 2.509164175107945649, 35.00342978218687051, 9.020270139974726931 ) ) ;
#4368 = CARTESIAN_POINT ( 'NONE',  ( -3.920000000000000817, 0.5000000000000073275, 6.392810970662838876 ) ) ;
#4369 = CARTESIAN_POINT ( 'NONE',  ( -3.713296723975207936, 36.58964204447588742, 6.544897368991723141 ) ) ;
#4370 = CARTESIAN_POINT ( 'NONE',  ( 0.000000000000000000, 58.00000000000000000, 0.000000000000000000 ) ) ;
#4371 = AXIS2_PLACEMENT_3D ( 'NONE', #3694, #4888, #2531 ) ;
#4372 = LINE ( 'NONE', #3989, #3947 ) ;
#4373 = ORIENTED_EDGE ( 'NONE', *, *, #2664, .T. ) ;
#4374 = VERTEX_POINT ( 'NONE', #1378 ) ;
#4375 = DIRECTION ( 'NONE',  ( 0.000000000000000000, 0.000000000000000000, -1.000000000000000000 ) ) ;
#4376 = CONICAL_SURFACE ( 'NONE', #3810, 1.699999999999972200, 0.7853981633974479459 ) ;
#4377 = CARTESIAN_POINT ( 'NONE',  ( 7.707037757699482405, 24.03850904364518470, -0.8129922083819393075 ) ) ;
#4378 = EDGE_CURVE ( 'NONE', #94, #3042, #1343, .T. ) ;
#4379 = B_SPLINE_CURVE_WITH_KNOTS ( 'NONE', 3,
 ( #4534, #1740, #3277, #941 ),
 .UNSPECIFIED., .F., .F.,
 ( 4, 4 ),
 ( 0.000000000000000000, 1.000000000000000000 ),
 .UNSPECIFIED. ) ;
#4380 = CARTESIAN_POINT ( 'NONE',  ( 3.099442347259719455, 35.20818045502352334, 7.454849226216798463 ) ) ;
#4381 = VECTOR ( 'NONE', #897, 1000.000000000000000 ) ;
#4382 = PLANE ( 'NONE',  #3656 ) ;
#4383 = ORIENTED_EDGE ( 'NONE', *, *, #1724, .T. ) ;
#4384 = CARTESIAN_POINT ( 'NONE',  ( -2.749999999999999112, 34.49999999999999289, 18.50000000000000000 ) ) ;
#4385 = CARTESIAN_POINT ( 'NONE',  ( -5.962931274362125222, 17.43746202866717354, 2.204946588693817766 ) ) ;
#4386 = PLANE ( 'NONE',  #3368 ) ;
#4387 = EDGE_LOOP ( 'NONE', ( #362, #792, #3806, #251 ) ) ;
#4388 = ORIENTED_EDGE ( 'NONE', *, *, #3099, .T. ) ;
#4389 = CARTESIAN_POINT ( 'NONE',  ( 7.412970461882263606, 58.00000000000000000, 1.139240506329114222 ) ) ;
#4390 = EDGE_CURVE ( 'NONE', #1637, #1663, #3060, .T. ) ;
#4391 = DIRECTION ( 'NONE',  ( 0.000000000000000000, 1.000000000000000000, 0.000000000000000000 ) ) ;
#4392 = ORIENTED_EDGE ( 'NONE', *, *, #3135, .T. ) ;
#4393 = DIRECTION ( 'NONE',  ( -0.7071067811865433539, 0.7071067811865516806, 0.000000000000000000 ) ) ;
#4394 = PLANE ( 'NONE',  #4767 ) ;
#4395 = EDGE_CURVE ( 'NONE', #3083, #3106, #1257, .T. ) ;
#4396 = CARTESIAN_POINT ( 'NONE',  ( -6.167851130197753662, 32.56429773960454810, 2.033333333333333659 ) ) ;
#4397 = DIRECTION ( 'NONE',  ( -0.5773502691896258421, -0.5773502691896258421, 0.5773502691896258421 ) ) ;
#4398 = EDGE_LOOP ( 'NONE', ( #1104, #3839 ) ) ;
#4399 = VERTEX_POINT ( 'NONE', #537 ) ;
#4400 = CARTESIAN_POINT ( 'NONE',  ( -2.499999999999993339, 0.000000000000000000, 3.867815921162743198 ) ) ;
#4401 = CARTESIAN_POINT ( 'NONE',  ( -5.914571698289639023, 32.62701670240971197, -2.212305756019441461 ) ) ;
#4402 = CARTESIAN_POINT ( 'NONE',  ( 3.002030874567292340, 34.78829143665824120, 7.973810801908877366 ) ) ;
#4403 = ORIENTED_EDGE ( 'NONE', *, *, #4000, .F. ) ;
#4404 = CARTESIAN_POINT ( 'NONE',  ( 7.808328886515983669, 23.87392149139492403, 0.8000000000000000444 ) ) ;
#4405 = VERTEX_POINT ( 'NONE', #3749 ) ;
#4406 = ADVANCED_FACE ( 'NONE', ( #2148 ), #3357, .T. ) ;
#4407 = CARTESIAN_POINT ( 'NONE',  ( 7.690167075065032165, 24.06592584970490023, 0.8178101821205410182 ) ) ;
#4408 = DIRECTION ( 'NONE',  ( 0.000000000000000000, 1.000000000000000000, 0.000000000000000000 ) ) ;
#4409 = CARTESIAN_POINT ( 'NONE',  ( -5.300000000000002487, 33.50123834378726428, -2.677940528696677536 ) ) ;
#4410 = ORIENTED_EDGE ( 'NONE', *, *, #733, .F. ) ;
#4411 = ORIENTED_EDGE ( 'NONE', *, *, #3061, .T. ) ;
#4412 = CARTESIAN_POINT ( 'NONE',  ( 0.000000000000000000, 0.5000000000000073275, 0.000000000000000000 ) ) ;
#4413 = CARTESIAN_POINT ( 'NONE',  ( 7.416012954765317744, 13.48856511951027493, -1.118120415087964448 ) ) ;
#4414 = DIRECTION ( 'NONE',  ( -1.095509984775996911E-16, 0.000000000000000000, 1.000000000000000000 ) ) ;
#4415 = ORIENTED_EDGE ( 'NONE', *, *, #1306, .T. ) ;
#4416 = DIRECTION ( 'NONE',  ( 0.000000000000000000, 1.000000000000000000, -0.000000000000000000 ) ) ;
#4417 = CARTESIAN_POINT ( 'NONE',  ( 2.500000000000003997, 30.00000000000000355, 15.00000000000000355 ) ) ;
#4418 = FACE_OUTER_BOUND ( 'NONE', #4177, .T. ) ;
#4419 = CARTESIAN_POINT ( 'NONE',  ( -3.000000000000002220, 5.000000000000000888, 13.40000000000000391 ) ) ;
#4420 = LINE ( 'NONE', #3293, #2304 ) ;
#4421 = EDGE_CURVE ( 'NONE', #3520, #3257, #4460, .T. ) ;
#4422 = ORIENTED_EDGE ( 'NONE', *, *, #746, .T. ) ;
#4423 = DIRECTION ( 'NONE',  ( 0.000000000000000000, 0.000000000000000000, -1.000000000000000000 ) ) ;
#4424 = FACE_OUTER_BOUND ( 'NONE', #1912, .T. ) ;
#4425 = CARTESIAN_POINT ( 'NONE',  ( 3.304885465629097574, 35.74118212519071847, 7.016285091443035249 ) ) ;
#4426 = EDGE_LOOP ( 'NONE', ( #860, #809, #697 ) ) ;
#4427 = DIRECTION ( 'NONE',  ( -0.7071067811865474617, -0.7071067811865474617, 0.000000000000000000 ) ) ;
#4428 = ORIENTED_EDGE ( 'NONE', *, *, #86, .F. ) ;
#4429 = VECTOR ( 'NONE', #211, 1000.000000000000000 ) ;
#4430 = DIRECTION ( 'NONE',  ( 0.7071067811865516806, 0.7071067811865433539, -0.000000000000000000 ) ) ;
#4431 = CARTESIAN_POINT ( 'NONE',  ( 5.143516556418883914E-16, 50.00000000000000000, -4.200000000000000178 ) ) ;
#4432 = DIRECTION ( 'NONE',  ( 0.7071067811865433539, -0.7071067811865516806, 0.000000000000000000 ) ) ;
#4433 = VECTOR ( 'NONE', #1989, 1000.000000000000000 ) ;
#4434 = ORIENTED_EDGE ( 'NONE', *, *, #1792, .T. ) ;
#4435 = ORIENTED_EDGE ( 'NONE', *, *, #253, .F. ) ;
#4436 = LINE ( 'NONE', #945, #2647 ) ;
#4437 = CIRCLE ( 'NONE', #20, 1.699999999999972200 ) ;
#4438 = CARTESIAN_POINT ( 'NONE',  ( 0.000000000000000000, 45.50000000000000000, 0.000000000000000000 ) ) ;
#4439 = EDGE_CURVE ( 'NONE', #759, #1904, #3972, .T. ) ;
#4440 = EDGE_CURVE ( 'NONE', #740, #3247, #1406, .T. ) ;
#4441 = DIRECTION ( 'NONE',  ( 0.000000000000000000, -1.000000000000000000, 0.000000000000000000 ) ) ;
#4442 = VERTEX_POINT ( 'NONE', #3332 ) ;
#4443 = CARTESIAN_POINT ( 'NONE',  ( 4.999999999999998224, 0.000000000000000000, 8.077747210701753389 ) ) ;
#4444 = LINE ( 'NONE', #626, #2235 ) ;
#4445 = CARTESIAN_POINT ( 'NONE',  ( -3.429502404304387131, 36.44772856545426976, 6.756930106095559552 ) ) ;
#4446 = LINE ( 'NONE', #1206, #262 ) ;
#4447 = CARTESIAN_POINT ( 'NONE',  ( 0.000000000000000000, 57.49999999999998579, 0.000000000000000000 ) ) ;
#4448 = ORIENTED_EDGE ( 'NONE', *, *, #816, .F. ) ;
#4449 = VECTOR ( 'NONE', #2535, 1000.000000000000000 ) ;
#4450 = CARTESIAN_POINT ( 'NONE',  ( -5.485168390651436354, 16.80045210717321424, -2.455967970792475086 ) ) ;
#4451 = DIRECTION ( 'NONE',  ( -0.7071067811865474617, -0.7071067811865474617, 0.000000000000000000 ) ) ;
#4452 = EDGE_CURVE ( 'NONE', #2773, #807, #2974, .T. ) ;
#4453 = VECTOR ( 'NONE', #4957, 1000.000000000000000 ) ;
#4454 = CARTESIAN_POINT ( 'NONE',  ( 3.926156647891876350, 36.96367270474716094, 6.390298608522085644 ) ) ;
#4455 = CARTESIAN_POINT ( 'NONE',  ( -6.226776695296638131, 32.62322330470341569, 1.950000000000000622 ) ) ;
#4456 = ORIENTED_EDGE ( 'NONE', *, *, #2228, .T. ) ;
#4457 = DIRECTION ( 'NONE',  ( -0.000000000000000000, -0.7071067811865425767, 0.7071067811865524577 ) ) ;
#4458 = AXIS2_PLACEMENT_3D ( 'NONE', #4687, #1635, #3203 ) ;
#4459 = PLANE ( 'NONE',  #3468 ) ;
#4460 = LINE ( 'NONE', #912, #3150 ) ;
#4461 = EDGE_CURVE ( 'NONE', #1626, #1164, #4379, .T. ) ;
#4462 = CARTESIAN_POINT ( 'NONE',  ( -2.299999999999998934, 0.000000000000000000, 18.24999999999999645 ) ) ;
#4463 = ORIENTED_EDGE ( 'NONE', *, *, #3005, .T. ) ;
#4464 = ORIENTED_EDGE ( 'NONE', *, *, #1124, .F. ) ;
#4465 = CYLINDRICAL_SURFACE ( 'NONE', #5011, 1.350000000000000533 ) ;
#4466 = DIRECTION ( 'NONE',  ( 0.000000000000000000, -1.000000000000000000, 0.000000000000000000 ) ) ;
#4467 = CARTESIAN_POINT ( 'NONE',  ( -3.577777777777794821, 58.00000000000000000, 6.016602544030962285 ) ) ;
#4468 = ORIENTED_EDGE ( 'NONE', *, *, #843, .T. ) ;
#4469 = FACE_OUTER_BOUND ( 'NONE', #3295, .T. ) ;
#4470 = CARTESIAN_POINT ( 'NONE',  ( 3.039693972654029519, 35.00201611804511259, 7.678445435091555638 ) ) ;
#4471 = EDGE_CURVE ( 'NONE', #2864, #1051, #4835, .T. ) ;
#4472 = CARTESIAN_POINT ( 'NONE',  ( -5.300000000000000711, 16.45815099834420536, -2.589736952533788106 ) ) ;
#4473 = CARTESIAN_POINT ( 'NONE',  ( 2.999999999999998224, 34.70963218468241962, 8.120777954950510136 ) ) ;
#4474 = EDGE_LOOP ( 'NONE', ( #3880, #2540, #2695, #459 ) ) ;
#4475 = DIRECTION ( 'NONE',  ( 0.000000000000000000, -1.000000000000000000, 0.000000000000000000 ) ) ;
#4476 = CARTESIAN_POINT ( 'NONE',  ( 7.574268787595754837, 24.46153498090842149, 0.6946883107300215743 ) ) ;
#4477 = CARTESIAN_POINT ( 'NONE',  ( 0.000000000000000000, 24.53580376850417366, 0.8000000000000000444 ) ) ;
#4478 = LINE ( 'NONE', #31, #4760 ) ;
#4479 = VERTEX_POINT ( 'NONE', #4431 ) ;
#4480 = DIRECTION ( 'NONE',  ( 0.000000000000000000, 0.000000000000000000, -1.000000000000000000 ) ) ;
#4481 = CARTESIAN_POINT ( 'NONE',  ( 7.808328886515983669, 23.87392149139492403, 0.8000000000000000444 ) ) ;
#4482 = CARTESIAN_POINT ( 'NONE',  ( -3.000000000000002665, 0.5000000000000073275, 18.75000000000000355 ) ) ;
#4483 = CARTESIAN_POINT ( 'NONE',  ( 2.999999999999998224, 34.50000649128406849, 8.978045458067903439 ) ) ;
#4484 = CARTESIAN_POINT ( 'NONE',  ( -2.499999999999995115, 35.00000000000000000, 18.24999999999999645 ) ) ;
#4485 = ORIENTED_EDGE ( 'NONE', *, *, #384, .T. ) ;
#4486 = EDGE_CURVE ( 'NONE', #4556, #3640, #1326, .T. ) ;
#4487 = PLANE ( 'NONE',  #4364 ) ;
#4488 = CARTESIAN_POINT ( 'NONE',  ( -5.229859361563510944, 16.37985936156345090, -3.028459095727844996 ) ) ;
#4489 = DIRECTION ( 'NONE',  ( -1.000000000000000000, -0.000000000000000000, -0.000000000000000000 ) ) ;
#4490 = ORIENTED_EDGE ( 'NONE', *, *, #3707, .T. ) ;
#4491 = DIRECTION ( 'NONE',  ( 1.000000000000000000, -0.000000000000000000, 1.095509984775996664E-16 ) ) ;
#4492 = FACE_OUTER_BOUND ( 'NONE', #1778, .T. ) ;
#4493 = CARTESIAN_POINT ( 'NONE',  ( -3.066125265779153342, 36.01452163605430457, 7.127710508715041193 ) ) ;
#4494 = LINE ( 'NONE', #2520, #3284 ) ;
#4495 = EDGE_CURVE ( 'NONE', #2848, #3083, #3885, .T. ) ;
#4496 = DIRECTION ( 'NONE',  ( 0.7071067811865426878, 0.000000000000000000, -0.7071067811865524577 ) ) ;
#4497 = ORIENTED_EDGE ( 'NONE', *, *, #2938, .F. ) ;
#4498 = CARTESIAN_POINT ( 'NONE',  ( -5.973104726677169296, 17.45102670791829880, -2.203950436066121732 ) ) ;
#4499 = FACE_BOUND ( 'NONE', #2336, .T. ) ;
#4500 = EDGE_CURVE ( 'NONE', #2107, #3912, #3718, .T. ) ;
#4501 = CARTESIAN_POINT ( 'NONE',  ( -5.445805093716880485, 16.59580509371681600, 2.321663958036641606 ) ) ;
#4502 = CARTESIAN_POINT ( 'NONE',  ( -2.671556471067162875, 35.45030039403000899, 7.789398371151836642 ) ) ;
#4503 = ORIENTED_EDGE ( 'NONE', *, *, #1644, .T. ) ;
#4504 = FACE_OUTER_BOUND ( 'NONE', #3799, .T. ) ;
#4505 = CARTESIAN_POINT ( 'NONE',  ( 3.684210526315784051, 0.000000000000000000, 5.952024260517075227 ) ) ;
#4506 = CARTESIAN_POINT ( 'NONE',  ( -3.734029198193001882E-15, 1.750000000000001110, 18.25000000000001066 ) ) ;
#4507 = CARTESIAN_POINT ( 'NONE',  ( -5.000000000000001776, 0.000000000000000000, 8.076141003662902662 ) ) ;
#4508 = VECTOR ( 'NONE', #3670, 1000.000000000000000 ) ;
#4509 = LINE ( 'NONE', #4943, #2735 ) ;
#4510 = VERTEX_POINT ( 'NONE', #2200 ) ;
#4511 = DIRECTION ( 'NONE',  ( 8.659560562354930393E-17, -0.7071067811865479058, 0.7071067811865472397 ) ) ;
#4512 = CARTESIAN_POINT ( 'NONE',  ( -5.298264046925575066, 16.55123878649397540, -2.957461419600912578 ) ) ;
#4513 = VECTOR ( 'NONE', #3147, 1000.000000000000000 ) ;
#4514 = EDGE_CURVE ( 'NONE', #3042, #589, #1687, .T. ) ;
#4515 = DIRECTION ( 'NONE',  ( -0.000000000000000000, 0.7071067811865474617, 0.7071067811865474617 ) ) ;
#4516 = VERTEX_POINT ( 'NONE', #4940 ) ;
#4517 = LINE ( 'NONE', #3010, #3782 ) ;
#4518 = AXIS2_PLACEMENT_3D ( 'NONE', #1949, #3828, #2690 ) ;
#4519 = CARTESIAN_POINT ( 'NONE',  ( 3.207305435164532703, 36.18568704673846526, 6.970370301711460215 ) ) ;
#4520 = EDGE_CURVE ( 'NONE', #221, #1679, #662, .T. ) ;
#4521 = AXIS2_PLACEMENT_3D ( 'NONE', #671, #4281, #1851 ) ;
#4522 = CARTESIAN_POINT ( 'NONE',  ( -5.229859361563510056, 33.62014063843655265, -3.028459095727847661 ) ) ;
#4523 = CARTESIAN_POINT ( 'NONE',  ( -2.499999999999995115, 35.00000000000000000, 18.24999999999999645 ) ) ;
#4524 = ORIENTED_EDGE ( 'NONE', *, *, #966, .T. ) ;
#4525 = LINE ( 'NONE', #4575, #1585 ) ;
#4526 = CARTESIAN_POINT ( 'NONE',  ( 7.783508396482750946, 23.91425478769892621, 0.7999985744246507213 ) ) ;
#4527 = CARTESIAN_POINT ( 'NONE',  ( -5.299539645821295331, 16.55293958502160834, 2.905662144934087365 ) ) ;
#4528 = CARTESIAN_POINT ( 'NONE',  ( -2.569620728285620714, 35.22646116067679145, 8.175628710440014046 ) ) ;
#4529 = ORIENTED_EDGE ( 'NONE', *, *, #103, .T. ) ;
#4530 = CARTESIAN_POINT ( 'NONE',  ( -4.799999999999994493, 0.000000000000000000, -3.867815921162741866 ) ) ;
#4531 = CARTESIAN_POINT ( 'NONE',  ( 7.780659977310175890, 14.08111911539187489, -0.8009452623430156626 ) ) ;
#4532 = EDGE_CURVE ( 'NONE', #3912, #3520, #3092, .T. ) ;
#4533 = CIRCLE ( 'NONE', #2483, 1.399999999999998579 ) ;
#4534 = CARTESIAN_POINT ( 'NONE',  ( 7.443927980257981858, 13.46419623149582634, 0.9153885648904972472 ) ) ;
#4535 = CARTESIAN_POINT ( 'NONE',  ( -3.881867560161754938, 36.95728513836886719, 6.417276187951161504 ) ) ;
#4536 = AXIS2_PLACEMENT_3D ( 'NONE', #4255, #2613, #4279 ) ;
#4537 = CARTESIAN_POINT ( 'NONE',  ( -15.41219158730642214, 12.00000000000001776, 18.75000000000000000 ) ) ;
#4538 = VERTEX_POINT ( 'NONE', #3489 ) ;
#4539 = CARTESIAN_POINT ( 'NONE',  ( 2.500000000000003997, 30.00000000000000355, 15.00000000000000355 ) ) ;
#4540 = CARTESIAN_POINT ( 'NONE',  ( -5.702216119617032675, 17.08984155008259620, -2.283514470452296496 ) ) ;
#4541 = CIRCLE ( 'NONE', #1841, 2.250000000000000000 ) ;
#4542 = VECTOR ( 'NONE', #3326, 1000.000000000000000 ) ;
#4543 = DIRECTION ( 'NONE',  ( 0.000000000000000000, -0.000000000000000000, 1.000000000000000000 ) ) ;
#4544 = ORIENTED_EDGE ( 'NONE', *, *, #2777, .T. ) ;
#4545 = CIRCLE ( 'NONE', #2001, 1.600000000000019851 ) ;
#4546 = CARTESIAN_POINT ( 'NONE',  ( -3.000000000000001776, 0.5000000000000073275, 8.076141003662902662 ) ) ;
#4547 = CARTESIAN_POINT ( 'NONE',  ( 2.840179720530170204, 35.71266942120958277, 7.445408288917199968 ) ) ;
#4548 = DIRECTION ( 'NONE',  ( 0.000000000000000000, 1.000000000000000000, 0.000000000000000000 ) ) ;
#4549 = CARTESIAN_POINT ( 'NONE',  ( 7.630176096280343323, 13.83658929841195651, 0.8415195365649725812 ) ) ;
#4550 = ADVANCED_FACE ( 'NONE', ( #2223 ), #255, .F. ) ;
#4551 = AXIS2_PLACEMENT_3D ( 'NONE', #4562, #861, #4684 ) ;
#4552 = CARTESIAN_POINT ( 'NONE',  ( -9.899999999999996803, 25.00000000000000000, 1.950000000000002620 ) ) ;
#4553 = CARTESIAN_POINT ( 'NONE',  ( 7.985105581812618425, 13.94930181330844476, -0.5500000000000010436 ) ) ;
#4554 = CARTESIAN_POINT ( 'NONE',  ( 7.443927980257982746, 13.46419623149582634, -0.9153885648904932504 ) ) ;
#4555 = CARTESIAN_POINT ( 'NONE',  ( -3.454122533563703801, 36.47562583539849612, 6.735825224223001229 ) ) ;
#4556 = VERTEX_POINT ( 'NONE', #3795 ) ;
#4557 = CARTESIAN_POINT ( 'NONE',  ( -5.652483746151681032, 32.97646729094751095, 2.313594542153780242 ) ) ;
#4558 = CARTESIAN_POINT ( 'NONE',  ( 2.500000000000003997, 30.00000000000000355, 15.00000000000000355 ) ) ;
#4559 = CARTESIAN_POINT ( 'NONE',  ( 7.469906873587181195, 24.42385673893286224, -0.9855076430631050100 ) ) ;
#4560 = LINE ( 'NONE', #2149, #2216 ) ;
#4561 = EDGE_CURVE ( 'NONE', #4538, #2076, #1919, .T. ) ;
#4562 = CARTESIAN_POINT ( 'NONE',  ( 0.000000000000000000, 49.50000000000000000, 0.000000000000000000 ) ) ;
#4563 = VERTEX_POINT ( 'NONE', #280 ) ;
#4564 = CARTESIAN_POINT ( 'NONE',  ( 7.409659000787005567, 24.52176005570452944, -1.167406715218562985 ) ) ;
#4565 = FACE_OUTER_BOUND ( 'NONE', #2077, .T. ) ;
#4566 = CARTESIAN_POINT ( 'NONE',  ( -3.920000000000000817, 37.00000000000000711, 6.392810970662837100 ) ) ;
#4567 = B_SPLINE_CURVE_WITH_KNOTS ( 'NONE', 3,
 ( #1527, #2038, #3172, #3965, #4272, #2421, #3509, #4323 ),
 .UNSPECIFIED., .F., .F.,
 ( 4, 2, 2, 4 ),
 ( 0.000000000000000000, 0.4999999999999956701, 0.7499999999999977796, 1.000000000000000000 ),
 .UNSPECIFIED. ) ;
#4568 = VERTEX_POINT ( 'NONE', #3434 ) ;
#4569 = CYLINDRICAL_SURFACE ( 'NONE', #1477, 2.250000000000000000 ) ;
#4570 = CARTESIAN_POINT ( 'NONE',  ( 7.499999999999996447, 24.53580376850417366, -0.7673672027782261207 ) ) ;
#4571 = PRODUCT_CONTEXT ( 'NONE', #134, 'mechanical' ) ;
#4572 = DIRECTION ( 'NONE',  ( 0.000000000000000000, -1.000000000000000000, 0.000000000000000000 ) ) ;
#4573 = EDGE_CURVE ( 'NONE', #2049, #2931, #5037, .T. ) ;
#4574 = CARTESIAN_POINT ( 'NONE',  ( 7.751211777934796210, 14.03326518340216111, 0.8040207010634370377 ) ) ;
#4575 = CARTESIAN_POINT ( 'NONE',  ( -3.000000000000001332, 35.00000000000000000, 8.076141003662902662 ) ) ;
#4576 = LINE ( 'NONE', #4958, #3734 ) ;
#4577 = CARTESIAN_POINT ( 'NONE',  ( -5.534244937020880606, 16.86587997328772204, 2.403050913184366255 ) ) ;
#4578 = EDGE_CURVE ( 'NONE', #1301, #4242, #2271, .T. ) ;
#4579 = FACE_OUTER_BOUND ( 'NONE', #3502, .T. ) ;
#4580 = ORIENTED_EDGE ( 'NONE', *, *, #1366, .T. ) ;
#4581 = CARTESIAN_POINT ( 'NONE',  ( -5.878613864117120613, 32.67495987764333165, 2.219817186618515237 ) ) ;
#4582 = CARTESIAN_POINT ( 'NONE',  ( 7.777157493740138428, 14.07542610473442934, -0.8012148754014731811 ) ) ;
#4583 = DIRECTION ( 'NONE',  ( -0.000000000000000000, -0.000000000000000000, -1.000000000000000000 ) ) ;
#4584 = CARTESIAN_POINT ( 'NONE',  ( -2.750000000000006217, 30.00000000000000355, 15.00000000000000178 ) ) ;
#4585 = DIRECTION ( 'NONE',  ( 0.000000000000000000, 0.000000000000000000, -1.000000000000000000 ) ) ;
#4586 = ORIENTED_EDGE ( 'NONE', *, *, #4295, .T. ) ;
#4587 = CARTESIAN_POINT ( 'NONE',  ( 7.758688736741825132, 23.95458673477794420, -0.8023168192436648249 ) ) ;
#4588 = CARTESIAN_POINT ( 'NONE',  ( 7.985105581812616649, 24.05069818669155168, 0.5499999999999997113 ) ) ;
#4589 = VECTOR ( 'NONE', #4432, 1000.000000000000114 ) ;
#4590 = DIRECTION ( 'NONE',  ( -0.000000000000000000, -1.000000000000000000, -0.000000000000000000 ) ) ;
#4591 = EDGE_LOOP ( 'NONE', ( #3666, #2125, #2462, #949 ) ) ;
#4592 = CARTESIAN_POINT ( 'NONE',  ( 3.947368421052630083, 37.00000000000000711, 6.377168850554014945 ) ) ;
#4593 = VECTOR ( 'NONE', #2581, 1000.000000000000114 ) ;
#4594 = ADVANCED_FACE ( 'NONE', ( #4250 ), #1670, .F. ) ;
#4595 = LINE ( 'NONE', #3522, #4596 ) ;
#4596 = VECTOR ( 'NONE', #700, 1000.000000000000000 ) ;
#4597 = ORIENTED_EDGE ( 'NONE', *, *, #428, .F. ) ;
#4598 = DIRECTION ( 'NONE',  ( 0.000000000000000000, -1.000000000000000000, 0.000000000000000000 ) ) ;
#4599 = VECTOR ( 'NONE', #738, 1000.000000000000114 ) ;
#4600 = DIRECTION ( 'NONE',  ( 0.7071067811865475727, 0.000000000000000000, 0.7071067811865475727 ) ) ;
#4601 = CARTESIAN_POINT ( 'NONE',  ( -1.974428535177110993E-15, 30.00000000000000355, 13.39999999999998082 ) ) ;
#4602 = CARTESIAN_POINT ( 'NONE',  ( -2.720051822656106122, 35.53210071537240111, 7.673554238812356765 ) ) ;
#4603 = VERTEX_POINT ( 'NONE', #3071 ) ;
#4604 = AXIS2_PLACEMENT_3D ( 'NONE', #3929, #446, #2464 ) ;
#4605 = CARTESIAN_POINT ( 'NONE',  ( 7.808328886515983669, 14.12607850860509195, -0.8000000000000000444 ) ) ;
#4606 = EDGE_CURVE ( 'NONE', #4510, #1638, #44, .T. ) ;
#4607 = DIRECTION ( 'NONE',  ( 0.000000000000000000, 0.000000000000000000, 1.000000000000000000 ) ) ;
#4608 = CIRCLE ( 'NONE', #3800, 3.750000000000000000 ) ;
#4609 = DIRECTION ( 'NONE',  ( 0.000000000000000000, 1.000000000000000000, -0.000000000000000000 ) ) ;
#4610 = CARTESIAN_POINT ( 'NONE',  ( 2.999999999999998224, 34.49999999999999289, 9.165151389911681434 ) ) ;
#4611 = EDGE_LOOP ( 'NONE', ( #528, #834, #311, #2977 ) ) ;
#4612 = COLOUR_RGB ( '',0.7921568627450980005, 0.8196078431372548767, 0.9333333333333333481 ) ;
#4613 = B_SPLINE_SURFACE_WITH_KNOTS ( 'NONE', 1, 3, ( 
 ( #249, #2552, #3328, #3715, #3816, #3017, #205, #2994, #4501, #1059, #608, #1400, #1810, #297, #2968, #4933, #1787, #1427 ),
 ( #4175, #3351, #4527, #655, #3789, #2918, #1453, #1859, #2217, #4577, #272, #1010, #3427, #1350, #4629, #2340, #3110, #2266 ) ),
 .UNSPECIFIED., .F., .F., .F.,
 ( 2, 2 ),
 ( 4, 2, 2, 2, 2, 2, 2, 2, 4 ),
 ( 0.000000000000000000, 1.000000000000000000 ),
 ( 3.063052837250048732, 3.269219855141878739, 3.475386873033708746, 3.681553890925538752, 3.887720908817369203, 4.093887926709199654, 4.300054944601029661, 4.506221962492859667, 4.712388980384689674 ),
 .UNSPECIFIED. ) ;
#4614 = CARTESIAN_POINT ( 'NONE',  ( -3.066678148106324997, 35.10284130806600444, 7.563893316229014729 ) ) ;
#4615 = ADVANCED_FACE ( 'NONE', ( #1864 ), #2248, .T. ) ;
#4616 = LINE ( 'NONE', #3871, #282 ) ;
#4617 = AXIS2_PLACEMENT_3D ( 'NONE', #4400, #500, #2065 ) ;
#4618 = DIRECTION ( 'NONE',  ( 0.7071067811865476838, 0.7071067811865473507, 7.746425390926787738E-17 ) ) ;
#4619 = ORIENTED_EDGE ( 'NONE', *, *, #2270, .F. ) ;
#4620 = ORIENTED_EDGE ( 'NONE', *, *, #3534, .F. ) ;
#4621 = CARTESIAN_POINT ( 'NONE',  ( 2.565913376038094995, 35.20582352388511538, 8.223595742647551887 ) ) ;
#4622 = CONICAL_SURFACE ( 'NONE', #2241, 1.699999999999979083, 0.7853981633974479459 ) ;
#4623 = B_SPLINE_CURVE_WITH_KNOTS ( 'NONE', 3,
 ( #789, #3998, #2403, #2073, #2351, #4332, #3643, #3540, #3616, #4385, #1587, #3977, #3154, #865, #4712, #3570, #483, #1275, #1194, #4788, #837, #1556, #4759, #812, #2767, #2374, #3946, #1660, #462, #2020, #1995, #56, #3231, #2740, #1613, #2845, #2453 ),
 .UNSPECIFIED., .F., .F.,
 ( 4, 2, 1, 1, 2, 2, 1, 2, 2, 2, 2, 2, 2, 2, 2, 2, 2, 2, 2, 4 ),
 ( 0.000000000000000000, 0.03124999999999387296, 0.04687499999998868960, 0.05468749999998814143, 0.05859374999998784306, 0.06249999999998755162, 0.09374999999999257538, 0.1093749999999951011, 0.1249999999999976130, 0.1562499999999986400, 0.1874999999999996669, 0.2187500000000007216, 0.2500000000000017208, 0.3124999999999998335, 0.3437499999999988898, 0.3749999999999979461, 0.4374999999999966138, 0.4999999999999952260, 0.7499999999999975575, 1.000000000000000000 ),
 .UNSPECIFIED. ) ;
#4624 = DIRECTION ( 'NONE',  ( 0.000000000000000000, 0.000000000000000000, 1.000000000000000000 ) ) ;
#4625 = AXIS2_PLACEMENT_3D ( 'NONE', #3271, #2886, #4451 ) ;
#4626 = EDGE_LOOP ( 'NONE', ( #3728, #1185, #1616, #481 ) ) ;
#4627 = CARTESIAN_POINT ( 'NONE',  ( -11.09999999999999787, 22.25000000000000355, -1.949999999999999956 ) ) ;
#4628 = CARTESIAN_POINT ( 'NONE',  ( 7.758688736741827796, 23.95458673477793354, 0.8023168192436643809 ) ) ;
#4629 = CARTESIAN_POINT ( 'NONE',  ( -5.846017213304230076, 17.28157634166552725, 2.226434100249699011 ) ) ;
#4630 = DIRECTION ( 'NONE',  ( -0.000000000000000000, -1.000000000000000000, -0.000000000000000000 ) ) ;
#4631 = B_SPLINE_CURVE_WITH_KNOTS ( 'NONE', 3,
 ( #4481, #2478, #233, #157, #2922, #2530, #3356, #4101, #584, #1325, #2147, #2844, #3721, #209, #4886, #1377, #4407, #2973, #1886, #350, #708, #3864, #2998, #685, #3487, #2607, #3794, #278, #636, #1457, #3433, #1405 ),
 .UNSPECIFIED., .F., .F.,
 ( 4, 2, 1, 2, 2, 1, 2, 2, 2, 2, 2, 2, 2, 2, 2, 2, 4 ),
 ( 0.000000000000000000, 0.03124999999996874028, 0.04687499999995373839, 0.05468749999994700073, 0.06249999999994025612, 0.09374999999993147148, 0.1093749999999318323, 0.1249999999999321931, 0.1874999999999336642, 0.2187499999999385769, 0.2499999999999434896, 0.3124999999999453770, 0.3749999999999472089, 0.4374999999999490963, 0.4999999999999509281, 0.7499999999999753530, 1.000000000000000000 ),
 .UNSPECIFIED. ) ;
#4632 = VERTEX_POINT ( 'NONE', #4964 ) ;
#4633 = CARTESIAN_POINT ( 'NONE',  ( -5.300000000000001599, 58.00000000000000000, -3.867815921162741422 ) ) ;
#4634 = CARTESIAN_POINT ( 'NONE',  ( 7.539254840405471114, 24.31116612654140496, -0.9038117290706043638 ) ) ;
#4635 = DIRECTION ( 'NONE',  ( 0.000000000000000000, 0.000000000000000000, -1.000000000000000000 ) ) ;
#4636 = CARTESIAN_POINT ( 'NONE',  ( -11.09999999999999787, 27.75000000000000000, -1.949999999999999956 ) ) ;
#4637 = ORIENTED_EDGE ( 'NONE', *, *, #4486, .T. ) ;
#4638 = DIRECTION ( 'NONE',  ( -0.000000000000000000, -0.000000000000000000, -1.000000000000000000 ) ) ;
#4639 = CARTESIAN_POINT ( 'NONE',  ( -2.982098115747914058, 2.982098115747914058, 0.8000000000000000444 ) ) ;
#4640 = CARTESIAN_POINT ( 'NONE',  ( 7.412970461882263606, 24.51637893142473601, -1.139240506329114222 ) ) ;
#4641 = ADVANCED_FACE ( 'NONE', ( #2633 ), #1915, .F. ) ;
#4642 = ORIENTED_EDGE ( 'NONE', *, *, #3104, .F. ) ;
#4643 = EDGE_LOOP ( 'NONE', ( #4403, #3228, #2102, #3900 ) ) ;
#4644 = CARTESIAN_POINT ( 'NONE',  ( 7.443927980257975641, 24.53580376850417366, -0.9153885648905524253 ) ) ;
#4645 = CARTESIAN_POINT ( 'NONE',  ( -6.089334538834497046, 32.76066546116555855, -1.957109030296209307 ) ) ;
#4646 = ORIENTED_EDGE ( 'NONE', *, *, #4461, .T. ) ;
#4647 = FACE_OUTER_BOUND ( 'NONE', #2290, .T. ) ;
#4648 = CARTESIAN_POINT ( 'NONE',  ( -3.495129725663245424, 36.15917768619112138, 6.756824463272490533 ) ) ;
#4649 = ADVANCED_FACE ( 'NONE', ( #3383 ), #2250, .T. ) ;
#4650 = CARTESIAN_POINT ( 'NONE',  ( 7.575327490256129614, 13.74745123968284410, 0.8739226992455180199 ) ) ;
#4651 = B_SPLINE_SURFACE_WITH_KNOTS ( 'NONE', 1, 3, ( 
 ( #4522, #1368, #2575, #2935, #2190, #3761, #1492, #3476, #2335, #5025, #3132, #1518, #3809, #1146, #9, #4645, #4693, #1539 ),
 ( #1103, #2648, #4999, #3879, #3501, #1078, #367, #1931, #3082, #4261, #293, #3852, #4667, #3105, #3033, #390, #1175, #4218 ) ),
 .UNSPECIFIED., .F., .F., .F.,
 ( 2, 2 ),
 ( 4, 2, 2, 2, 2, 2, 2, 2, 4 ),
 ( 0.000000000000000000, 1.000000000000000000 ),
 ( 3.063052837250047844, 3.269219855141877851, 3.475386873033708302, 3.681553890925538752, 3.887720908817368759, 4.093887926709198766, 4.300054944601029661, 4.506221962492859667, 4.712388980384689674 ),
 .UNSPECIFIED. ) ;
#4652 = CARTESIAN_POINT ( 'NONE',  ( -5.358282214225598139, 33.36873699043931651, 2.655580072993552587 ) ) ;
#4653 = ORIENTED_EDGE ( 'NONE', *, *, #3019, .T. ) ;
#4654 = LINE ( 'NONE', #2367, #1832 ) ;
#4655 = DIRECTION ( 'NONE',  ( -0.000000000000000000, 1.000000000000000000, -0.000000000000000000 ) ) ;
#4656 = EDGE_CURVE ( 'NONE', #3079, #4221, #2113, .T. ) ;
#4657 = CARTESIAN_POINT ( 'NONE',  ( -5.000000000000001776, 58.00000000000000000, 8.076141003662902662 ) ) ;
#4658 = LINE ( 'NONE', #665, #376 ) ;
#4659 = ORIENTED_EDGE ( 'NONE', *, *, #1490, .F. ) ;
#4660 = CARTESIAN_POINT ( 'NONE',  ( -3.264305705997484708, 35.64823238913778880, 7.082425657976416211 ) ) ;
#4661 = CARTESIAN_POINT ( 'NONE',  ( -3.863403069440763726, 36.87986937264355447, 6.430496018423583315 ) ) ;
#4662 = CARTESIAN_POINT ( 'NONE',  ( 2.999999999999997335, 34.49999999999999289, 18.75000000000000355 ) ) ;
#4663 = VERTEX_POINT ( 'NONE', #1549 ) ;
#4664 = ORIENTED_EDGE ( 'NONE', *, *, #3797, .T. ) ;
#4665 = CARTESIAN_POINT ( 'NONE',  ( 2.629443098235300091, 35.37008038885567629, 7.914527271860801960 ) ) ;
#4666 = EDGE_CURVE ( 'NONE', #1137, #99, #4863, .T. ) ;
#4667 = CARTESIAN_POINT ( 'NONE',  ( -5.702216119617030898, 32.91015844991741091, -2.283514470452297829 ) ) ;
#4668 = ORIENTED_EDGE ( 'NONE', *, *, #4932, .F. ) ;
#4669 = CARTESIAN_POINT ( 'NONE',  ( -5.705277136634096635, 32.90606408301779595, 2.283804273764052262 ) ) ;
#4670 = AXIS2_PLACEMENT_3D ( 'NONE', #1379, #2663, #1435 ) ;
#4671 = CARTESIAN_POINT ( 'NONE',  ( 2.755455298081544285E-16, 0.5000000000000004441, 2.250000000000000000 ) ) ;
#4672 = ADVANCED_FACE ( 'NONE', ( #3195 ), #2422, .T. ) ;
#4673 = DIRECTION ( 'NONE',  ( 1.000000000000000000, 0.000000000000000000, 0.000000000000000000 ) ) ;
#4674 = CIRCLE ( 'NONE', #1067, 3.249999999999999556 ) ;
#4675 = CARTESIAN_POINT ( 'NONE',  ( 0.000000000000000000, 0.000000000000000000, 2.200000000000000178 ) ) ;
#4676 = CARTESIAN_POINT ( 'NONE',  ( -5.763064854758475519, 33.08693514524158275, 2.061352627281772598 ) ) ;
#4677 = ORIENTED_EDGE ( 'NONE', *, *, #219, .T. ) ;
#4678 = VERTEX_POINT ( 'NONE', #3223 ) ;
#4679 = DIRECTION ( 'NONE',  ( 0.000000000000000000, -0.000000000000000000, -1.000000000000000000 ) ) ;
#4680 = CARTESIAN_POINT ( 'NONE',  ( 7.689954810524158191, 24.06626929684383143, -0.8177340293288968276 ) ) ;
#4681 = DIRECTION ( 'NONE',  ( -0.000000000000000000, 1.000000000000000000, -0.000000000000000000 ) ) ;
#4682 = AXIS2_PLACEMENT_3D ( 'NONE', #4831, #2405, #2023 ) ;
#4683 = VERTEX_POINT ( 'NONE', #4781 ) ;
#4684 = DIRECTION ( 'NONE',  ( 0.000000000000000000, 0.000000000000000000, 1.000000000000000000 ) ) ;
#4685 = ORIENTED_EDGE ( 'NONE', *, *, #1077, .T. ) ;
#4686 = CARTESIAN_POINT ( 'NONE',  ( 7.443927980257975641, 24.53580376850417366, -0.9153885648905524253 ) ) ;
#4687 = CARTESIAN_POINT ( 'NONE',  ( 0.000000000000000000, 49.50000000000000000, 0.000000000000000000 ) ) ;
#4688 = DIRECTION ( 'NONE',  ( -1.000000000000000000, -0.000000000000000000, -1.095509984775996541E-16 ) ) ;
#4689 = VERTEX_POINT ( 'NONE', #4854 ) ;
#4690 = VERTEX_POINT ( 'NONE', #531 ) ;
#4691 = CARTESIAN_POINT ( 'NONE',  ( -0.2500000000000036637, 5.000000000000000888, 15.00000000000000178 ) ) ;
#4692 = VECTOR ( 'NONE', #3144, 1000.000000000000114 ) ;
#4693 = CARTESIAN_POINT ( 'NONE',  ( -6.158053889203404019, 32.69194611079664270, -1.949994642339972994 ) ) ;
#4694 = ORIENTED_EDGE ( 'NONE', *, *, #566, .T. ) ;
#4695 = EDGE_CURVE ( 'NONE', #2353, #759, #2550, .T. ) ;
#4697 = CARTESIAN_POINT ( 'NONE',  ( -5.890975174536631442, 32.65847908357746832, 2.217025748462531531 ) ) ;
#4696 = AXIS2_PLACEMENT_3D ( 'NONE', #1923, #2711, #286 ) ;
#4698 = CARTESIAN_POINT ( 'NONE',  ( 7.709905377178344565, 13.96614030593145017, -0.8115043506862135159 ) ) ;
#4699 = CARTESIAN_POINT ( 'NONE',  ( -3.447637363552626955, 36.06000153025767219, 6.812893276047150337 ) ) ;
#4700 = VECTOR ( 'NONE', #1397, 1000.000000000000000 ) ;
#4701 = FACE_OUTER_BOUND ( 'NONE', #101, .T. ) ;
#4702 = DIRECTION ( 'NONE',  ( 1.000000000000000000, -0.000000000000000000, 1.095509984775996664E-16 ) ) ;
#4703 = ORIENTED_EDGE ( 'NONE', *, *, #3473, .F. ) ;
#4704 = VECTOR ( 'NONE', #394, 999.9999999999998863 ) ;
#4705 = CARTESIAN_POINT ( 'NONE',  ( 7.499999999999996447, 24.53580376850417366, 0.000000000000000000 ) ) ;
#4706 = CARTESIAN_POINT ( 'NONE',  ( -5.980724553193491388, 32.53881302777444517, -2.203205452398248720 ) ) ;
#4707 = LINE ( 'NONE', #806, #3938 ) ;
#4708 = ORIENTED_EDGE ( 'NONE', *, *, #4666, .T. ) ;
#4709 = FACE_OUTER_BOUND ( 'NONE', #2025, .T. ) ;
#4710 = ORIENTED_EDGE ( 'NONE', *, *, #2428, .F. ) ;
#4711 = DIRECTION ( 'NONE',  ( 1.000000000000000000, 0.000000000000000000, 0.000000000000000000 ) ) ;
#4712 = CARTESIAN_POINT ( 'NONE',  ( -5.890879518230199174, 17.34139256006557872, 2.216957662057585488 ) ) ;
#4713 = EDGE_CURVE ( 'NONE', #4839, #1531, #4220, .T. ) ;
#4714 = CARTESIAN_POINT ( 'NONE',  ( -0.5000000000000029976, 12.00000000000001421, 18.75000000000000355 ) ) ;
#4715 = VERTEX_POINT ( 'NONE', #3249 ) ;
#4716 = ORIENTED_EDGE ( 'NONE', *, *, #3627, .F. ) ;
#4717 = CARTESIAN_POINT ( 'NONE',  ( 7.412970461882263606, 24.51637893142473601, -1.139240506329114222 ) ) ;
#4718 = CARTESIAN_POINT ( 'NONE',  ( 0.000000000000000000, 49.50000000000000000, 0.000000000000000000 ) ) ;
#4719 = VERTEX_POINT ( 'NONE', #1681 ) ;
#4720 = CARTESIAN_POINT ( 'NONE',  ( -5.299999999999998934, 33.44644660940677738, 2.949999999999999734 ) ) ;
#4721 = DIRECTION ( 'NONE',  ( -1.000000000000000000, 0.000000000000000000, 0.000000000000000000 ) ) ;
#4722 = CARTESIAN_POINT ( 'NONE',  ( -3.863403069440762838, 36.87986937264354736, 6.430496018423584204 ) ) ;
#4723 = CARTESIAN_POINT ( 'NONE',  ( 7.443927980257981858, 13.46419623149582634, 0.9153885648904972472 ) ) ;
#4724 = CARTESIAN_POINT ( 'NONE',  ( -5.657132940464316917, 32.97026935545434867, 2.309053775980604239 ) ) ;
#4725 = ORIENTED_EDGE ( 'NONE', *, *, #3312, .F. ) ;
#4726 = DIRECTION ( 'NONE',  ( -0.000000000000000000, -1.000000000000000000, -0.000000000000000000 ) ) ;
#4727 = CARTESIAN_POINT ( 'NONE',  ( -5.643921890208262404, 32.98788250940930311, -2.319315389828106255 ) ) ;
#4728 = ADVANCED_FACE ( 'NONE', ( #4881 ), #3687, .F. ) ;
#4729 = LINE ( 'NONE', #153, #1643 ) ;
#4730 = ORIENTED_EDGE ( 'NONE', *, *, #880, .F. ) ;
#4731 = CARTESIAN_POINT ( 'NONE',  ( -3.000000000000001332, 34.72923556460597894, 8.076141003662902662 ) ) ;
#4732 = ORIENTED_EDGE ( 'NONE', *, *, #2573, .T. ) ;
#4733 = CYLINDRICAL_SURFACE ( 'NONE', #4041, 2.000000000000000000 ) ;
#4734 = CARTESIAN_POINT ( 'NONE',  ( -3.000000000000002220, 30.00000000000000355, 16.60000000000000142 ) ) ;
#4735 = DIRECTION ( 'NONE',  ( -7.746425390926781575E-17, 0.7071067811865482389, 0.7071067811865469066 ) ) ;
#4736 = ORIENTED_EDGE ( 'NONE', *, *, #3436, .F. ) ;
#4737 = ORIENTED_EDGE ( 'NONE', *, *, #4209, .T. ) ;
#4738 = CARTESIAN_POINT ( 'NONE',  ( 7.412970461882263606, 24.51637893141626989, 1.139240506329114222 ) ) ;
#4739 = DIRECTION ( 'NONE',  ( -0.6785983445458459995, 0.2810846377148140673, -0.6785983445458506624 ) ) ;
#4740 = ORIENTED_EDGE ( 'NONE', *, *, #955, .T. ) ;
#4741 = DIRECTION ( 'NONE',  ( 1.000000000000000000, 0.000000000000000000, 0.000000000000000000 ) ) ;
#4742 = EDGE_CURVE ( 'NONE', #2848, #1337, #933, .T. ) ;
#4743 = DIRECTION ( 'NONE',  ( 0.7071067811865474617, 0.7071067811865474617, 0.000000000000000000 ) ) ;
#4744 = EDGE_CURVE ( 'NONE', #1358, #3853, #3676, .T. ) ;
#4745 = CARTESIAN_POINT ( 'NONE',  ( 5.751776695296573649, 5.751776695296506148, -2.200000000000000178 ) ) ;
#4746 = CARTESIAN_POINT ( 'NONE',  ( 4.837354856632042099E-16, 49.50000000000000000, -3.699999999999994849 ) ) ;
#4747 = CARTESIAN_POINT ( 'NONE',  ( -2.530639900561993727, 35.04871718439652994, 8.700596298216019875 ) ) ;
#4748 = ORIENTED_EDGE ( 'NONE', *, *, #2670, .T. ) ;
#4749 = ORIENTED_EDGE ( 'NONE', *, *, #583, .F. ) ;
#4750 = CARTESIAN_POINT ( 'NONE',  ( -5.323894511652015993, 16.58541718582769064, -2.756005666772839202 ) ) ;
#4751 = CARTESIAN_POINT ( 'NONE',  ( -6.033651152540930873, 32.46824507268552651, -2.200000000000000178 ) ) ;
#4752 = CARTESIAN_POINT ( 'NONE',  ( 3.776780501663170142, 36.69848802207840066, 6.495422178412591840 ) ) ;
#4753 = VERTEX_POINT ( 'NONE', #2092 ) ;
#4754 = VECTOR ( 'NONE', #2904, 1000.000000000000000 ) ;
#4755 = CARTESIAN_POINT ( 'NONE',  ( -1.734723475976807094E-15, 26.75000000000000355, 15.00000000000000355 ) ) ;
#4756 = ORIENTED_EDGE ( 'NONE', *, *, #4887, .T. ) ;
#4757 = EDGE_CURVE ( 'NONE', #1848, #3235, #3635, .T. ) ;
#4758 = CARTESIAN_POINT ( 'NONE',  ( -11.09999999999999787, 27.75000000000000000, -1.949999999999999956 ) ) ;
#4759 = CARTESIAN_POINT ( 'NONE',  ( -5.738945813974846821, 17.13881350482532540, 2.267048709239940951 ) ) ;
#4760 = VECTOR ( 'NONE', #2919, 1000.000000000000114 ) ;
#4761 = CARTESIAN_POINT ( 'NONE',  ( 2.999999999999998224, 34.49999999999999289, 9.165151389911681434 ) ) ;
#4762 = ORIENTED_EDGE ( 'NONE', *, *, #2670, .F. ) ;
#4763 = ORIENTED_EDGE ( 'NONE', *, *, #1550, .T. ) ;
#4764 = EDGE_CURVE ( 'NONE', #4690, #4896, #1507, .T. ) ;
#4765 = VECTOR ( 'NONE', #417, 1000.000000000000000 ) ;
#4766 = CARTESIAN_POINT ( 'NONE',  ( 3.496458118267125492, 36.51911879880850620, 6.701059551629619193 ) ) ;
#4767 = AXIS2_PLACEMENT_3D ( 'NONE', #4036, #147, #90 ) ;
#4768 = PLANE ( 'NONE',  #2466 ) ;
#4769 = ORIENTED_EDGE ( 'NONE', *, *, #1218, .F. ) ;
#4770 = DIRECTION ( 'NONE',  ( -0.7071067811865475727, -0.7071067811865475727, 2.378541452752129635E-16 ) ) ;
#4771 = CARTESIAN_POINT ( 'NONE',  ( -1.734723475976807094E-15, 1.750000000000001110, 15.00000000000000355 ) ) ;
#4772 = CARTESIAN_POINT ( 'NONE',  ( -3.648101029877838464, 36.69232536313050730, 6.580114606228524288 ) ) ;
#4773 = CARTESIAN_POINT ( 'NONE',  ( 7.411680033202269868, 13.48152412197032035, 1.142668644244888787 ) ) ;
#4774 = ADVANCED_FACE ( 'NONE', ( #1291 ), #2066, .T. ) ;
#4775 = VECTOR ( 'NONE', #2753, 1000.000000000000000 ) ;
#4776 = FACE_OUTER_BOUND ( 'NONE', #2939, .T. ) ;
#4777 = ORIENTED_EDGE ( 'NONE', *, *, #4031, .F. ) ;
#4778 = VERTEX_POINT ( 'NONE', #1705 ) ;
#4779 = CARTESIAN_POINT ( 'NONE',  ( -5.582550184934776283, 16.93029638737185749, -2.363364449941826706 ) ) ;
#4780 = VECTOR ( 'NONE', #1714, 1000.000000000000000 ) ;
#4781 = CARTESIAN_POINT ( 'NONE',  ( -2.561848729508775069, 35.18338845168479168, 8.275940627827056417 ) ) ;
#4782 = CARTESIAN_POINT ( 'NONE',  ( 3.008075380744581917, 34.83900982417284098, 7.896343897562392300 ) ) ;
#4783 = AXIS2_PLACEMENT_3D ( 'NONE', #1956, #277, #3524 ) ;
#4784 = ORIENTED_EDGE ( 'NONE', *, *, #3924, .F. ) ;
#4785 = LINE ( 'NONE', #1272, #1441 ) ;
#4786 = ORIENTED_EDGE ( 'NONE', *, *, #825, .T. ) ;
#4787 = CARTESIAN_POINT ( 'NONE',  ( -3.653209419925636414, 36.47412204053802043, 6.597388609079177790 ) ) ;
#4788 = CARTESIAN_POINT ( 'NONE',  ( -5.808095367713294266, 17.23101632361060709, 2.239976939191419270 ) ) ;
#4789 = DIRECTION ( 'NONE',  ( 1.000000000000000000, 0.000000000000000000, 0.000000000000000000 ) ) ;
#4790 = EDGE_CURVE ( 'NONE', #3133, #2076, #2941, .T. ) ;
#4791 = ORIENTED_EDGE ( 'NONE', *, *, #1268, .F. ) ;
#4792 = EDGE_LOOP ( 'NONE', ( #3895, #1820, #4142, #2842 ) ) ;
#4793 = VECTOR ( 'NONE', #1920, 1000.000000000000000 ) ;
#4794 = DIRECTION ( 'NONE',  ( -0.000000000000000000, 1.000000000000000000, -0.000000000000000000 ) ) ;
#4795 = CARTESIAN_POINT ( 'NONE',  ( 7.514950499847180332, 13.47914673134300756, -0.7493549360113492819 ) ) ;
#4796 = ADVANCED_FACE ( 'NONE', ( #4499, #4424 ), #128, .F. ) ;
#4797 = DIRECTION ( 'NONE',  ( -0.7071067811865465735, 0.000000000000000000, 0.7071067811865483499 ) ) ;
#4798 = ORIENTED_EDGE ( 'NONE', *, *, #2416, .T. ) ;
#4799 = CARTESIAN_POINT ( 'NONE',  ( 2.499999999999991562, 35.00000000000000000, 9.165151389911681434 ) ) ;
#4800 = CARTESIAN_POINT ( 'NONE',  ( 2.999999999999998224, 28.64644660940673759, 12.39644660940674648 ) ) ;
#4801 = FACE_OUTER_BOUND ( 'NONE', #4026, .T. ) ;
#4802 = ORIENTED_EDGE ( 'NONE', *, *, #1093, .T. ) ;
#4803 = CARTESIAN_POINT ( 'NONE',  ( -5.554136839459065556, 16.89241240628399865, -2.386775250184587804 ) ) ;
#4804 = ADVANCED_FACE ( 'NONE', ( #981 ), #2472, .T. ) ;
#4805 = DIRECTION ( 'NONE',  ( -1.000000000000000000, -0.000000000000000000, -0.000000000000000000 ) ) ;
#4806 = CARTESIAN_POINT ( 'NONE',  ( 3.019419523255137072, 34.90815811335162522, 7.798596773647032521 ) ) ;
#4807 = VERTEX_POINT ( 'NONE', #2447 ) ;
#4808 = CARTESIAN_POINT ( 'NONE',  ( -2.509715242470229590, 35.00493512196906210, 9.012043114589433301 ) ) ;
#4809 = ORIENTED_EDGE ( 'NONE', *, *, #4514, .T. ) ;
#4810 = ADVANCED_FACE ( 'NONE', ( #3714 ), #761, .T. ) ;
#4811 = FACE_OUTER_BOUND ( 'NONE', #5001, .T. ) ;
#4812 = CARTESIAN_POINT ( 'NONE',  ( -0.5000000000000029976, 1.250000000000001110, 18.75000000000000355 ) ) ;
#4813 = FACE_OUTER_BOUND ( 'NONE', #1873, .T. ) ;
#4814 = ORIENTED_EDGE ( 'NONE', *, *, #1189, .F. ) ;
#4815 = EDGE_LOOP ( 'NONE', ( #727, #4490 ) ) ;
#4816 = LINE ( 'NONE', #1023, #4282 ) ;
#4817 = DIRECTION ( 'NONE',  ( 0.000000000000000000, 0.000000000000000000, -1.000000000000000000 ) ) ;
#4818 = CARTESIAN_POINT ( 'NONE',  ( 0.000000000000000000, 48.50000000000000000, 0.000000000000000000 ) ) ;
#4819 = ORIENTED_EDGE ( 'NONE', *, *, #3932, .T. ) ;
#4820 = DIRECTION ( 'NONE',  ( 0.000000000000000000, -1.000000000000000000, 0.000000000000000000 ) ) ;
#4821 = FACE_OUTER_BOUND ( 'NONE', #2070, .T. ) ;
#4822 = ADVANCED_FACE ( 'NONE', ( #2993 ), #4376, .F. ) ;
#4823 = CARTESIAN_POINT ( 'NONE',  ( -1.734723475976807094E-15, 5.000000000000000888, 15.00000000000000355 ) ) ;
#4824 = DIRECTION ( 'NONE',  ( 0.7071067811865475727, 0.000000000000000000, 0.7071067811865475727 ) ) ;
#4825 = VERTEX_POINT ( 'NONE', #3814 ) ;
#4826 = EDGE_CURVE ( 'NONE', #2996, #1772, #1594, .T. ) ;
#4827 = CARTESIAN_POINT ( 'NONE',  ( -5.672860890518229837, 17.05071432068637449, -2.301256225595798899 ) ) ;
#4828 = B_SPLINE_CURVE_WITH_KNOTS ( 'NONE', 3,
 ( #1068, #1091, #3095, #1461 ),
 .UNSPECIFIED., .F., .F.,
 ( 4, 4 ),
 ( 0.000000000000000000, 1.000000000000000000 ),
 .UNSPECIFIED. ) ;
#4829 = DIRECTION ( 'NONE',  ( 0.000000000000000000, 0.000000000000000000, -1.000000000000000000 ) ) ;
#4830 = DIRECTION ( 'NONE',  ( -0.7071067811865433539, 0.7071067811865516806, 0.000000000000000000 ) ) ;
#4831 = CARTESIAN_POINT ( 'NONE',  ( 0.000000000000000000, 48.50000000000000000, 0.000000000000000000 ) ) ;
#4832 = ORIENTED_EDGE ( 'NONE', *, *, #4440, .T. ) ;
#4833 = DIRECTION ( 'NONE',  ( -0.000000000000000000, 1.000000000000000000, -0.000000000000000000 ) ) ;
#4834 = VECTOR ( 'NONE', #1608, 1000.000000000000000 ) ;
#4835 = LINE ( 'NONE', #2867, #2323 ) ;
#4836 = DIRECTION ( 'NONE',  ( -7.746425390926770481E-17, 0.7071067811865489050, 0.7071067811865462405 ) ) ;
#4837 = ADVANCED_FACE ( 'NONE', ( #3857 ), #450, .F. ) ;
#4838 = ORIENTED_EDGE ( 'NONE', *, *, #1119, .F. ) ;
#4839 = VERTEX_POINT ( 'NONE', #4931 ) ;
#4840 = DIRECTION ( 'NONE',  ( 0.000000000000000000, 0.000000000000000000, -1.000000000000000000 ) ) ;
#4841 = CARTESIAN_POINT ( 'NONE',  ( -5.539103278005022446, 16.68910327800496063, -2.220734550897478066 ) ) ;
#4842 = FACE_OUTER_BOUND ( 'NONE', #1536, .T. ) ;
#4843 = CIRCLE ( 'NONE', #2144, 7.499999999999998224 ) ;
#4844 = EDGE_LOOP ( 'NONE', ( #4737, #1899 ) ) ;
#4845 = DIRECTION ( 'NONE',  ( -0.000000000000000000, 1.000000000000000000, -0.000000000000000000 ) ) ;
#4846 = CARTESIAN_POINT ( 'NONE',  ( 2.732073144066594406, 35.55051134013837100, 7.648437637827272262 ) ) ;
#4847 = PLANE ( 'NONE',  #3321 ) ;
#4848 = DIRECTION ( 'NONE',  ( 0.7071067811865531239, -0.7071067811865420216, -2.378541452752148370E-16 ) ) ;
#4849 = EDGE_CURVE ( 'NONE', #3917, #1143, #4198, .T. ) ;
#4850 = CARTESIAN_POINT ( 'NONE',  ( -2.531170477636172311, 35.05034334631488235, 8.692996495199354356 ) ) ;
#4851 = ORIENTED_EDGE ( 'NONE', *, *, #4606, .T. ) ;
#4852 = AXIS2_PLACEMENT_3D ( 'NONE', #4539, #162, #590 ) ;
#4853 = LINE ( 'NONE', #529, #603 ) ;
#4854 = CARTESIAN_POINT ( 'NONE',  ( 2.999999999999997335, 12.70710678118657277, 18.75000000000000355 ) ) ;
#4855 = AXIS2_PLACEMENT_3D ( 'NONE', #1769, #4430, #1739 ) ;
#4856 = CARTESIAN_POINT ( 'NONE',  ( 3.030762663624396058, 34.96276790488563080, 7.727517857132622403 ) ) ;
#4857 = ADVANCED_FACE ( 'NONE', ( #3788 ), #1425, .F. ) ;
#4858 = LINE ( 'NONE', #2376, #748 ) ;
#4859 = EDGE_LOOP ( 'NONE', ( #1264, #3830, #1359, #155 ) ) ;
#4860 = CARTESIAN_POINT ( 'NONE',  ( -2.512203576833875740, 35.00790194816573120, 8.973744252476288707 ) ) ;
#4861 = CONICAL_SURFACE ( 'NONE', #2404, 2.999999999999999556, 0.7853981633974482790 ) ;
#4862 = CARTESIAN_POINT ( 'NONE',  ( 7.500000000000000000, 13.46419623149582634, 0.8000000000000000444 ) ) ;
#4863 = B_SPLINE_CURVE_WITH_KNOTS ( 'NONE', 3,
 ( #1238, #4751, #2733, #2039, #1267, #783, #4706, #3914, #1187, #1653, #858, #1988, #4401, #1941, #3117, #400, #1964, #3609, #4325, #1578, #805, #2368, #3562, #455, #50, #1607, #3173, #4727, #2784, #4350, #2811, #830, #2394, #3968, #2838, #75, #1628 ),
 .UNSPECIFIED., .F., .F.,
 ( 4, 2, 1, 1, 2, 2, 1, 2, 2, 2, 2, 2, 2, 2, 2, 2, 2, 2, 2, 4 ),
 ( 0.000000000000000000, 0.03125000000000210248, 0.04687500000000315026, 0.05468750000000367761, 0.05859374999999830691, 0.06249999999999293621, 0.09374999999998809286, 0.1093749999999899386, 0.1249999999999917843, 0.1562499999999955314, 0.1874999999999992784, 0.2187500000000030531, 0.2500000000000068279, 0.3125000000000054401, 0.3437500000000091038, 0.3750000000000127121, 0.4375000000000113243, 0.5000000000000098810, 0.7500000000000049960, 1.000000000000000000 ),
 .UNSPECIFIED. ) ;
#4864 = DIRECTION ( 'NONE',  ( 0.7071067811865424657, -0.000000000000000000, 0.7071067811865525687 ) ) ;
#4866 = AXIS2_PLACEMENT_3D ( 'NONE', #2069, #833, #3639 ) ;
#4865 = CARTESIAN_POINT ( 'NONE',  ( -1.734723475976807094E-15, -3.375000000000018208, 3.375000000000031974 ) ) ;
#4867 = AXIS2_PLACEMENT_3D ( 'NONE', #152, #958, #1318 ) ;
#4868 = CARTESIAN_POINT ( 'NONE',  ( 0.000000000000000000, 45.50000000000000000, 0.000000000000000000 ) ) ;
#4869 = EDGE_LOOP ( 'NONE', ( #2063, #4106, #3869, #173 ) ) ;
#4870 = DIRECTION ( 'NONE',  ( 1.095509984775996541E-16, 0.000000000000000000, -1.000000000000000000 ) ) ;
#4871 = CARTESIAN_POINT ( 'NONE',  ( -5.534244937020884159, 16.86587997328772559, -2.403050913184366255 ) ) ;
#4872 = EDGE_CURVE ( 'NONE', #468, #3274, #1042, .T. ) ;
#4873 = CARTESIAN_POINT ( 'NONE',  ( -3.000000000000002665, 35.00000000000000000, 18.75000000000000355 ) ) ;
#4874 = ORIENTED_EDGE ( 'NONE', *, *, #4452, .F. ) ;
#4875 = DIRECTION ( 'NONE',  ( -0.000000000000000000, 1.000000000000000000, -0.000000000000000000 ) ) ;
#4876 = CARTESIAN_POINT ( 'NONE',  ( 3.947368421052630083, 37.00000000000000000, 6.377168850554014945 ) ) ;
#4877 = PLANE ( 'NONE',  #1480 ) ;
#4878 = CARTESIAN_POINT ( 'NONE',  ( 7.707037757658014243, 13.96149095628956971, 0.8129922083927922927 ) ) ;
#4879 = VERTEX_POINT ( 'NONE', #1035 ) ;
#4880 = DIRECTION ( 'NONE',  ( 0.000000000000000000, 0.000000000000000000, -1.000000000000000000 ) ) ;
#4881 = FACE_OUTER_BOUND ( 'NONE', #3572, .T. ) ;
#4882 = CARTESIAN_POINT ( 'NONE',  ( -1.333333333333344362, 34.58333333333334281, 19.58333333333333215 ) ) ;
#4883 = CARTESIAN_POINT ( 'NONE',  ( -2.817946708737701478, 35.68195057356323474, 7.482031493314680759 ) ) ;
#4884 = ORIENTED_EDGE ( 'NONE', *, *, #2697, .F. ) ;
#4885 = CARTESIAN_POINT ( 'NONE',  ( -15.41219158730642214, 30.00000000000000355, 15.00000000000000178 ) ) ;
#4886 = CARTESIAN_POINT ( 'NONE',  ( 7.712756574996802783, 24.02921602211131713, 0.8114055745755999194 ) ) ;
#4887 = EDGE_CURVE ( 'NONE', #1697, #2523, #213, .T. ) ;
#4888 = DIRECTION ( 'NONE',  ( 0.000000000000000000, 1.000000000000000000, 0.000000000000000000 ) ) ;
#4889 = LINE ( 'NONE', #4912, #4187 ) ;
#4890 = ORIENTED_EDGE ( 'NONE', *, *, #4378, .T. ) ;
#4891 = ORIENTED_EDGE ( 'NONE', *, *, #3421, .F. ) ;
#4892 = B_SPLINE_SURFACE_WITH_KNOTS ( 'NONE', 1, 3, ( 
 ( #3973, #4304, #3916, #404, #3588, #1966, #26, #3198, #3566, #1191, #53, #1610, #3177, #4731 ),
 ( #4354, #79, #1632, #4808, #4860, #611, #4127, #4048, #1403, #635, #156, #4076, #3355, #2096 ) ),
 .UNSPECIFIED., .F., .F., .F.,
 ( 2, 2 ),
 ( 4, 2, 2, 2, 2, 2, 4 ),
 ( 0.000000000000000000, 1.000000000000000000 ),
 ( 0.000000000000000000, 0.0001392136819657536541, 0.0002784273639315073081, 0.0004176410458972609893, 0.0005568547278630146162, 0.0008352820917945219786, 0.001113709455726029232 ),
 .UNSPECIFIED. ) ;
#4893 = CARTESIAN_POINT ( 'NONE',  ( -8.499999999999998224, 25.00000000000000000, -2.200000000000000178 ) ) ;
#4894 = CARTESIAN_POINT ( 'NONE',  ( -5.702953949272548506, 16.85295394927248935, -2.095405034624094220 ) ) ;
#4895 = LINE ( 'NONE', #1800, #2225 ) ;
#4896 = VERTEX_POINT ( 'NONE', #631 ) ;
#4897 = DIRECTION ( 'NONE',  ( 0.000000000000000000, 0.000000000000000000, -1.000000000000000000 ) ) ;
#4898 = CARTESIAN_POINT ( 'NONE',  ( 3.320712252480200188, 35.77788122578395047, 6.990706203337058611 ) ) ;
#4899 = CARTESIAN_POINT ( 'NONE',  ( -4.800000000000034461, 58.00000000000000000, 3.867815921162744086 ) ) ;
#4900 = CARTESIAN_POINT ( 'NONE',  ( 7.646590830489471635, 13.86325938917168088, 0.8341066523470642702 ) ) ;
#4901 = EDGE_CURVE ( 'NONE', #4968, #1190, #4576, .T. ) ;
#4902 = ADVANCED_FACE ( 'NONE', ( #3037 ), #2193, .T. ) ;
#4903 = ORIENTED_EDGE ( 'NONE', *, *, #2071, .T. ) ;
#4904 = DIRECTION ( 'NONE',  ( 0.000000000000000000, 1.000000000000000000, 0.000000000000000000 ) ) ;
#4905 = CARTESIAN_POINT ( 'NONE',  ( 7.500000000000000000, 13.46419623149582634, 0.8000000000000000444 ) ) ;
#4906 = DIRECTION ( 'NONE',  ( 0.000000000000000000, 0.000000000000000000, 1.000000000000000000 ) ) ;
#4907 = CARTESIAN_POINT ( 'NONE',  ( -3.403926045818335577, 36.41837107605225299, 6.779898172929611277 ) ) ;
#4908 = ORIENTED_EDGE ( 'NONE', *, *, #3815, .T. ) ;
#4909 = DIRECTION ( 'NONE',  ( 0.000000000000000000, 0.000000000000000000, 1.000000000000000000 ) ) ;
#4910 = DIRECTION ( 'NONE',  ( 0.000000000000000000, 1.000000000000000000, 0.000000000000000000 ) ) ;
#4911 = CARTESIAN_POINT ( 'NONE',  ( 0.000000000000000000, 13.46419623149582634, 0.000000000000000000 ) ) ;
#4912 = CARTESIAN_POINT ( 'NONE',  ( -5.301000000000003709, 5.000000000000000888, 16.35000000000000497 ) ) ;
#4913 = EDGE_CURVE ( 'NONE', #1650, #1429, #3764, .T. ) ;
#4914 = CIRCLE ( 'NONE', #3933, 2.499999999999991562 ) ;
#4915 = ORIENTED_EDGE ( 'NONE', *, *, #4302, .F. ) ;
#4916 = ORIENTED_EDGE ( 'NONE', *, *, #2194, .T. ) ;
#4917 = CARTESIAN_POINT ( 'NONE',  ( -5.337361758048081661, 16.48736175804802784, -2.482226577583753091 ) ) ;
#4918 = PLANE ( 'NONE',  #2574 ) ;
#4919 = CONICAL_SURFACE ( 'NONE', #905, 1.350000000000000533, 0.7853981633974530530 ) ;
#4920 = CARTESIAN_POINT ( 'NONE',  ( -15.41219158730642214, 33.25000000000000000, 15.00000000000000178 ) ) ;
#4921 = EDGE_CURVE ( 'NONE', #487, #1904, #1216, .T. ) ;
#4922 = ORIENTED_EDGE ( 'NONE', *, *, #4192, .F. ) ;
#4923 = CARTESIAN_POINT ( 'NONE',  ( -3.833333333333330373, 58.00000000000000000, -6.446359868604570664 ) ) ;
#4924 = CIRCLE ( 'NONE', #3457, 2.749999999999981792 ) ;
#4925 = CARTESIAN_POINT ( 'NONE',  ( 3.277833647386543703, 36.26930780891683526, 6.898735788883448627 ) ) ;
#4926 = AXIS2_PLACEMENT_3D ( 'NONE', #154, #435, #3156 ) ;
#4927 = CARTESIAN_POINT ( 'NONE',  ( 3.947368421052630083, 0.5000000000000213163, 6.377168850554015833 ) ) ;
#4928 = B_SPLINE_CURVE_WITH_KNOTS ( 'NONE', 3,
 ( #4720, #2359, #4983, #2385, #4290, #11, #3928, #1813, #3164, #2606, #1149, #3021, #2629, #2721, #4962, #658, #2997, #1203, #3550, #4557, #1567, #4669, #3381, #796, #2774, #772, #4341, #1178, #392, #684, #1840, #4581, #4697, #4316, #3408, #415, #39, #2337, #3904, #4178, #3431, #821, #1456, #1061 ),
 .UNSPECIFIED., .F., .F.,
 ( 4, 2, 2, 2, 2, 2, 2, 2, 2, 2, 2, 2, 2, 2, 2, 1, 2, 2, 1, 1, 1, 2, 2, 4 ),
 ( 0.000000000000000000, 0.1249999999999980849, 0.2499999999999961697, 0.3124999999999948375, 0.3749999999999935052, 0.4374999999999921174, 0.4999999999999907851, 0.5624999999999893419, 0.5937499999999886757, 0.6249999999999880096, 0.6874999999999865663, 0.7187499999999815703, 0.7499999999999765743, 0.7812499999999714673, 0.8124999999999664713, 0.8437499999999614753, 0.8593749999999635847, 0.8749999999999658051, 0.9062499999999807931, 0.9218749999999928946, 0.9296874999999988898, 0.9335937500000057732, 0.9375000000000127676, 1.000000000000000000 ),
 .UNSPECIFIED. ) ;
#4929 = CARTESIAN_POINT ( 'NONE',  ( 7.761762083359456277, 14.05040858803888959, 0.8026982293561512050 ) ) ;
#4930 = CARTESIAN_POINT ( 'NONE',  ( -2.499999999999995115, 35.00000000000000000, 18.75000000000000355 ) ) ;
#4931 = CARTESIAN_POINT ( 'NONE',  ( -2.353899295547037545E-15, 30.00000000000000355, 16.60000000000002274 ) ) ;
#4932 = EDGE_CURVE ( 'NONE', #4154, #1525, #613, .T. ) ;
#4933 = CARTESIAN_POINT ( 'NONE',  ( -6.089334538834492605, 17.23933453883444500, 1.957109030296207752 ) ) ;
#4934 = CIRCLE ( 'NONE', #111, 2.499999999999992006 ) ;
#4935 = B_SPLINE_SURFACE_WITH_KNOTS ( 'NONE', 1, 3, ( 
 ( #2459, #1127, #393, #1981, #2286, #2079, #2723, #1151, #4795, #3504, #3553, #1906, #3479, #747, #2850, #42, #3137, #1600 ),
 ( #3907, #5051, #4413, #774, #142, #5030, #3238, #1568, #1303, #2310, #2872, #2338, #4318, #371, #4698, #894, #418, #1935 ) ),
 .UNSPECIFIED., .F., .F., .F.,
 ( 2, 2 ),
 ( 4, 2, 2, 2, 2, 2, 2, 2, 4 ),
 ( 0.000000000000000000, 1.000000000000000000 ),
 ( 0.08157365057795738783, 0.2677264851050734640, 0.4538793196321895262, 0.6400321541593055885, 0.8261849886864216508, 1.012337823213537824, 1.198490657740653775, 1.384643492267769727, 1.570796326794885900 ),
 .UNSPECIFIED. ) ;
#4936 = PLANE ( 'NONE',  #3792 ) ;
#4937 = ORIENTED_EDGE ( 'NONE', *, *, #1473, .F. ) ;
#4938 = PLANE ( 'NONE',  #4783 ) ;
#4939 = AXIS2_PLACEMENT_3D ( 'NONE', #4977, #630, #4172 ) ;
#4940 = CARTESIAN_POINT ( 'NONE',  ( -5.299999999999998046, 16.44999999999993534, 2.574388938524322157 ) ) ;
#4941 = FACE_OUTER_BOUND ( 'NONE', #3936, .T. ) ;
#4942 = VECTOR ( 'NONE', #234, 1000.000000000000000 ) ;
#4943 = CARTESIAN_POINT ( 'NONE',  ( -2.499999999999993339, 0.000000000000000000, 3.867815921162743198 ) ) ;
#4944 = EDGE_LOOP ( 'NONE', ( #4748, #4257, #2729, #1225 ) ) ;
#4945 = CARTESIAN_POINT ( 'NONE',  ( 7.674889466150885298, 24.36091430235329014, -0.6273808103301767858 ) ) ;
#4946 = CARTESIAN_POINT ( 'NONE',  ( -6.050000000000001599, 17.55355339059322262, -2.200000000000000178 ) ) ;
#4947 = CARTESIAN_POINT ( 'NONE',  ( -2.499999999999995115, 0.2500000000000036637, 18.50000000000000000 ) ) ;
#4948 = ORIENTED_EDGE ( 'NONE', *, *, #3892, .F. ) ;
#4949 = VECTOR ( 'NONE', #2737, 999.9999999999998863 ) ;
#4951 = CARTESIAN_POINT ( 'NONE',  ( -2.408109404171312767E-15, 5.000000000000000888, 16.60000000000000853 ) ) ;
#4950 = CIRCLE ( 'NONE', #2743, 1.649999999999991696 ) ;
#4952 = CARTESIAN_POINT ( 'NONE',  ( 7.458557432540476206, 24.53580376850417366, -0.8663904146049872246 ) ) ;
#4953 = ADVANCED_FACE ( 'NONE', ( #3526 ), #217, .T. ) ;
#4954 = DIRECTION ( 'NONE',  ( -1.000000000000000000, -0.000000000000000000, -1.095509984775996541E-16 ) ) ;
#4955 = CARTESIAN_POINT ( 'NONE',  ( 7.556449483845689485, 13.71677478856329024, 0.8890577213740431528 ) ) ;
#4956 = CONICAL_SURFACE ( 'NONE', #2247, 1.350000000000000533, 0.7853981633974530530 ) ;
#4957 = DIRECTION ( 'NONE',  ( -1.095509984775996541E-16, 0.000000000000000000, 1.000000000000000000 ) ) ;
#4958 = CARTESIAN_POINT ( 'NONE',  ( 13.68307267070823130, 15.19635853627196376, 2.597268902204081353 ) ) ;
#4959 = CARTESIAN_POINT ( 'NONE',  ( 2.561746776189619101, 35.18282364263961171, 8.277257150355994852 ) ) ;
#4960 = FACE_OUTER_BOUND ( 'NONE', #4253, .T. ) ;
#4961 = ORIENTED_EDGE ( 'NONE', *, *, #378, .T. ) ;
#4962 = CARTESIAN_POINT ( 'NONE',  ( -5.554136839465679820, 33.10758759369593918, 2.386775250178763574 ) ) ;
#4963 = CARTESIAN_POINT ( 'NONE',  ( 7.712756575021055383, 13.97078397792704330, -0.8114055745696350241 ) ) ;
#4964 = CARTESIAN_POINT ( 'NONE',  ( 2.999999999999998224, 5.000000000000000888, 11.24999999999999467 ) ) ;
#4965 = LINE ( 'NONE', #1817, #1809 ) ;
#4966 = CARTESIAN_POINT ( 'NONE',  ( 7.443927980257977417, 24.53580376850417366, 0.9153885648905372152 ) ) ;
#4967 = EDGE_CURVE ( 'NONE', #3247, #1862, #5052, .T. ) ;
#4968 = VERTEX_POINT ( 'NONE', #2008 ) ;
#4969 = EDGE_CURVE ( 'NONE', #124, #903, #4950, .T. ) ;
#4970 = CARTESIAN_POINT ( 'NONE',  ( 7.575327490256133167, 24.25254876031719320, -0.8739226992455174647 ) ) ;
#4971 = LINE ( 'NONE', #2231, #1667 ) ;
#4972 = CARTESIAN_POINT ( 'NONE',  ( 0.000000000000000000, 45.50000000000000000, 0.000000000000000000 ) ) ;
#4973 = ORIENTED_EDGE ( 'NONE', *, *, #273, .F. ) ;
#4974 = CARTESIAN_POINT ( 'NONE',  ( -3.000000000000002665, 1.250000000000001110, 18.75000000000000355 ) ) ;
#4975 = CARTESIAN_POINT ( 'NONE',  ( 7.443927980257982746, 13.46419623149582634, -0.9153885648904932504 ) ) ;
#4976 = CARTESIAN_POINT ( 'NONE',  ( 7.595922308644892595, 13.78091824821032674, 0.8608743271022823995 ) ) ;
#4977 = CARTESIAN_POINT ( 'NONE',  ( -0.2500000000000175415, 30.00000000000000355, 15.00000000000000178 ) ) ;
#4978 = CARTESIAN_POINT ( 'NONE',  ( 7.437945024917564929, 24.47579526649236215, 1.046925339143971678 ) ) ;
#4979 = CARTESIAN_POINT ( 'NONE',  ( 7.674889466150885298, 13.63908569764671874, 0.6273808103301780070 ) ) ;
#4980 = CARTESIAN_POINT ( 'NONE',  ( -3.056439250655940576, 36.00215711577375544, 7.139818307009861087 ) ) ;
#4981 = EDGE_CURVE ( 'NONE', #903, #124, #3738, .T. ) ;
#4982 = ORIENTED_EDGE ( 'NONE', *, *, #2902, .F. ) ;
#4983 = CARTESIAN_POINT ( 'NONE',  ( -5.304927616313982242, 33.43987367262563737, 2.851358606020949260 ) ) ;
#4984 = ORIENTED_EDGE ( 'NONE', *, *, #2460, .F. ) ;
#4985 = CARTESIAN_POINT ( 'NONE',  ( 7.784716412139903952, 14.08771205514687352, -0.8006866118983198000 ) ) ;
#4986 = DIRECTION ( 'NONE',  ( 0.000000000000000000, 0.000000000000000000, -1.000000000000000000 ) ) ;
#4987 = CARTESIAN_POINT ( 'NONE',  ( 7.500000000000000000, 13.46419623149582634, -0.7673672027782323379 ) ) ;
#4988 = DIRECTION ( 'NONE',  ( 0.000000000000000000, 0.7071067811865474617, -0.7071067811865474617 ) ) ;
#4989 = ORIENTED_EDGE ( 'NONE', *, *, #3115, .F. ) ;
#4990 = CARTESIAN_POINT ( 'NONE',  ( 7.514950499847181220, 24.52085326865699599, -0.7493549360113459512 ) ) ;
#4991 = PLANE ( 'NONE',  #4696 ) ;
#4992 = EDGE_CURVE ( 'NONE', #4184, #1927, #67, .T. ) ;
#4993 = VECTOR ( 'NONE', #3750, 1000.000000000000000 ) ;
#4994 = DIRECTION ( 'NONE',  ( 0.000000000000000000, -0.7071067811865411334, -0.7071067811865539010 ) ) ;
#4995 = VERTEX_POINT ( 'NONE', #2724 ) ;
#4996 = ORIENTED_EDGE ( 'NONE', *, *, #3157, .F. ) ;
#4997 = LINE ( 'NONE', #1076, #2479 ) ;
#4998 = CIRCLE ( 'NONE', #1228, 1.600000000000005862 ) ;
#4999 = CARTESIAN_POINT ( 'NONE',  ( -5.299539645821296219, 33.44706041497840943, -2.905662144934088253 ) ) ;
#5000 = AXIS2_PLACEMENT_3D ( 'NONE', #1282, #3598, #1304 ) ;
#5001 = EDGE_LOOP ( 'NONE', ( #4524, #5056, #2490, #3990, #624 ) ) ;
#5002 = CARTESIAN_POINT ( 'NONE',  ( 2.999999999999997335, 34.49999999999999289, 18.75000000000000355 ) ) ;
#5003 = VECTOR ( 'NONE', #4702, 1000.000000000000000 ) ;
#5004 = CARTESIAN_POINT ( 'NONE',  ( 7.409659000787005567, 24.52176005570452944, 1.167406715218563873 ) ) ;
#5005 = CARTESIAN_POINT ( 'NONE',  ( 0.000000000000000000, 58.00000000000000000, -7.000000000000032863 ) ) ;
#5006 = CARTESIAN_POINT ( 'NONE',  ( -5.380205604995372148, 33.33950580274629516, 2.608632079737062348 ) ) ;
#5007 = ORIENTED_EDGE ( 'NONE', *, *, #4148, .T. ) ;
#5008 = VECTOR ( 'NONE', #4721, 1000.000000000000000 ) ;
#5009 = CARTESIAN_POINT ( 'NONE',  ( 0.8999999999999941380, -1.599999999999995870, 16.64999999999999858 ) ) ;
#5010 = ADVANCED_FACE ( 'NONE', ( #3579 ), #720, .T. ) ;
#5011 = AXIS2_PLACEMENT_3D ( 'NONE', #4107, #2103, #2979 ) ;
#5012 = CARTESIAN_POINT ( 'NONE',  ( -15.41219158730642214, 23.00000000000001066, 18.75000000000000000 ) ) ;
#5013 = DIRECTION ( 'NONE',  ( -0.000000000000000000, -1.000000000000000000, -0.000000000000000000 ) ) ;
#5014 = EDGE_LOOP ( 'NONE', ( #3113, #2770, #1839, #4339 ) ) ;
#5015 = AXIS2_PLACEMENT_3D ( 'NONE', #2861, #2091, #4423 ) ;
#5016 = CARTESIAN_POINT ( 'NONE',  ( -3.148572355484096530, 35.35259770769874166, 7.319615376998018341 ) ) ;
#5017 = CARTESIAN_POINT ( 'NONE',  ( -0.2500000000000184297, 30.00000000000000355, 15.00000000000000178 ) ) ;
#5018 = VECTOR ( 'NONE', #1693, 1000.000000000000000 ) ;
#5019 = CARTESIAN_POINT ( 'NONE',  ( -3.900930240868361931, 36.95994730035140918, 6.405045932091168126 ) ) ;
#5020 = ORIENTED_EDGE ( 'NONE', *, *, #1916, .T. ) ;
#5021 = VERTEX_POINT ( 'NONE', #4009 ) ;
#5022 = CARTESIAN_POINT ( 'NONE',  ( 2.999999999999998668, 0.5000000000000073275, 8.077747210701753389 ) ) ;
#5023 = EDGE_CURVE ( 'NONE', #4322, #2589, #3216, .T. ) ;
#5024 = AXIS2_PLACEMENT_3D ( 'NONE', #2178, #2924, #1793 ) ;
#5025 = CARTESIAN_POINT ( 'NONE',  ( -5.539103278005023334, 33.31089672199505003, -2.220734550897477178 ) ) ;
#5026 = PRODUCT_DEFINITION_FORMATION_WITH_SPECIFIED_SOURCE ( 'ANY', '', #4168, .NOT_KNOWN. ) ;
#5027 = ORIENTED_EDGE ( 'NONE', *, *, #1867, .F. ) ;
#5028 = APPLICATION_CONTEXT ( 'automotive_design' ) ;
#5029 = EDGE_CURVE ( 'NONE', #2204, #3379, #2413, .T. ) ;
#5030 = CARTESIAN_POINT ( 'NONE',  ( 7.459710379483206033, 13.55957343467684773, -1.002310361214900469 ) ) ;
#5031 = CARTESIAN_POINT ( 'NONE',  ( 7.639703178003097506, 24.14793826772837448, 0.8364323623385880868 ) ) ;
#5032 = PLANE ( 'NONE',  #2056 ) ;
#5033 = CARTESIAN_POINT ( 'NONE',  ( -5.243657105274709629, 33.60634289472535841, 2.754555133482507134 ) ) ;
#5034 = ORIENTED_EDGE ( 'NONE', *, *, #2377, .F. ) ;
#5035 = ORIENTED_EDGE ( 'NONE', *, *, #144, .T. ) ;
#5036 = DIRECTION ( 'NONE',  ( 0.000000000000000000, 0.000000000000000000, -1.000000000000000000 ) ) ;
#5037 = LINE ( 'NONE', #5009, #1432 ) ;
#5038 = CARTESIAN_POINT ( 'NONE',  ( -3.577777777777794377, 58.00000000000000000, -6.016602544030963173 ) ) ;
#5039 = CARTESIAN_POINT ( 'NONE',  ( -11.09999999999999787, 27.75000000000000000, 1.950000000000000622 ) ) ;
#5040 = EDGE_LOOP ( 'NONE', ( #4463, #3685, #2657, #1633 ) ) ;
#5041 = ADVANCED_FACE ( 'NONE', ( #4418 ), #4847, .F. ) ;
#5042 = CARTESIAN_POINT ( 'NONE',  ( 7.337267017503029898, 24.69853675100114287, -1.147035912230164989 ) ) ;
#5043 = CARTESIAN_POINT ( 'NONE',  ( -3.920000000000000817, 37.00000000000002132, 6.392810970662838876 ) ) ;
#5044 = CARTESIAN_POINT ( 'NONE',  ( 0.000000000000000000, 50.00000000000000000, 0.000000000000000000 ) ) ;
#5045 = ORIENTED_EDGE ( 'NONE', *, *, #4471, .F. ) ;
#5046 = EDGE_LOOP ( 'NONE', ( #871, #3544, #4762, #1202 ) ) ;
#5047 = ADVANCED_FACE ( 'NONE', ( #2910 ), #196, .F. ) ;
#5048 = CARTESIAN_POINT ( 'NONE',  ( 7.477248312732214686, 24.53580376850417366, -0.8170499605675446420 ) ) ;
#5049 = CARTESIAN_POINT ( 'NONE',  ( -5.831321546186904570, 33.01867845381314481, -2.010571795378673698 ) ) ;
#5050 = ORIENTED_EDGE ( 'NONE', *, *, #3312, .T. ) ;
#5051 = CARTESIAN_POINT ( 'NONE',  ( 7.411680033202268980, 13.48152412197032390, -1.142668644244888343 ) ) ;
#5052 = LINE ( 'NONE', #448, #4704 ) ;
#5053 = CARTESIAN_POINT ( 'NONE',  ( 7.472674940800713372, 13.58064084681779171, 0.9810194404673723279 ) ) ;
#5054 = B_SPLINE_SURFACE_WITH_KNOTS ( 'NONE', 1, 3, ( 
 ( #3837, #1984, #321, #3506, #776, #1523, #4979, #2288, #3527, #3483, #1572, #2312, #1937, #1882, #2755, #1108, #3886, #4320 ),
 ( #2363, #2679, #4245, #725, #3859, #1472, #3087, #4650, #2699, #4268, #750, #5053, #824, #1701, #2880, #3604, #4773, #2009 ) ),
 .UNSPECIFIED., .F., .F., .F.,
 ( 2, 2 ),
 ( 4, 2, 2, 2, 2, 2, 2, 2, 4 ),
 ( 0.000000000000000000, 1.000000000000000000 ),
 ( 4.712388980384700332, 4.898541814911816061, 5.084694649438932679, 5.270847483966049296, 5.457000318493165025, 5.643153153020280755, 5.829305987547396484, 6.015458822074512213, 6.201611656601628830 ),
 .UNSPECIFIED. ) ;
#5055 = CARTESIAN_POINT ( 'NONE',  ( -2.558795084592474289, 35.16646100650420692, 8.315362684755472245 ) ) ;
#5056 = ORIENTED_EDGE ( 'NONE', *, *, #229, .T. ) ;
#5057 = PLANE ( 'NONE',  #441 ) ;
#5058 = CARTESIAN_POINT ( 'NONE',  ( 7.715864548451586202, 24.02416820156381405, -0.8107458630430892654 ) ) ;
#5059 = DIRECTION ( 'NONE',  ( 0.000000000000000000, 0.000000000000000000, -1.000000000000000000 ) ) ;
#5060 = ORIENTED_EDGE ( 'NONE', *, *, #1818, .F. ) ;
#5061 = LINE ( 'NONE', #328, #4139 ) ;
#5062 = ORIENTED_EDGE ( 'NONE', *, *, #2443, .T. ) ;
ENDSEC;
END-ISO-10303-21;
